級數,字彙,詞類,中文釋義,註解,學術字彙,變化型態
初級,a,art.,一(個),後接母音開頭之字時為 an,,
初級,A.M.,adv.,上午,= a.m.= AM,,
中級,abandon,verb,拋棄、捨棄、中止,,L8,"abandons, abandoning, abandoned"
中級,abandon,noun,盡情、放縱,,L8,
中高級,abbey,noun,大修道院,,,abbeys
中高級,abbreviate,verb,縮寫、使簡短,,,"abbreviates, abbreviating, abbreviated"
中高級,abbreviation,noun,縮寫、簡稱,,,abbreviations
中高級,abdomen,noun,腹部,,,
中高級,abide,verb,容忍、遵守,,,"abides, abiding, abided, abode"
初級,ability,noun,能力、才能,,,abilities
初級,able,adj.,能夠的、有才能的,,,"abler, ablest"
中級,abnormal,adj.,不正常的,,L2,
中級,aboard,prep./adv.,在(交通工具)上,,,
中高級,abolish,verb,廢除,,,"abolishes, abolishing, abolished"
中高級,aboriginal,adj./noun,土著的；土著,,,aboriginals
中高級,aborigine,noun,原住民,,,aborigines
中高級,abortion,noun,流產、墮胎,,,abortions
中高級,abound,verb,大量存在、富足,,,"abounds, abounding, abounded"
初級,about,prep./adv.,大約、關於；大約、幾乎、在周圍,,,
初級,above,prep./adv.,在…上面、超過、大於,,,
初級,above,adv./adj.,上文、前文；前文述及的、上述的,,,
初級,abroad,adv.,在國外、到國外,,,
中高級,abrupt,adj.,突然的、唐突的,,,"abrupter, abruptest"
中級,absence,noun,缺席、不在場,,,absences
初級,absent,adj.,缺席的、不在場的、心不在焉的,,,
中高級,absent-minded,adj.,心不在焉的,,,
中級,absolute,adj./noun,完全的、絕對的；絕對,,,absolutes
中級,absorb,verb,吸收、併入,,,"absorbs, absorbing, absorbed"
中級,abstract,adj./noun,抽象的,,L6,abstracts
中級,abstract,noun,摘要,,L6,abstracts
中高級,abstraction,noun,抽象(概念)、抽取、提取,,L6,abstractions
中高級,absurd,adj./noun,荒謬的；荒誕(的事物),,,absurds
中高級,abundance,noun,大量、充裕,,,abundances
中高級,abundant,adj.,大量的,,,
中級,abuse,noun/verb,濫用、虐待,,,"abuses, abusing, abused"
中級,academic,adj.,學術的、學業的,,,
中級,academy,noun,學院、學會,,L5,academies
中高級,accelerate,verb,加速,,,"accelerates, accelerating, accelerated"
中高級,acceleration,noun,加速,,,accelerations
中級,accent,noun,口音、腔調,,,accents
初級,accept,verb,收受、接受(提議、邀請)、同意、接納,,,"accepts, accepting, accepted"
中級,acceptable,adj.,可接受的、認可的,,,
中級,acceptance,noun,接受、認可,,,acceptances
中級,accepted,adj.,公認的,,,
中級,access,noun/verb,通道、進入(的權利)；存取、到達、進入,,L4,"accesses, accessing, accessed"
中高級,accessible,adj.,可到達的、可使用的、易理解的,,,
中高級,accessory,noun/adj.,附件、配件；副的、輔助的,,,accessories
初級,accident,noun,意外事故,,,accidents
中級,accidental,adj.,意外的、偶然的,,,
中高級,acclaim,verb/noun,稱譽、(給予)高度評價,,,"acclaims, acclaiming, acclaimed"
中級,accommodate,verb,容納,,L9,"accommodates, accommodating, accommodated"
中級,accommodation,noun,住宿、停留處,,,accommodations
中級,accompany,verb,陪同、伴隨,,L8,"accompanies, accompanying, accompanied"
中級,accomplish,verb,完成,,,"accomplishes, accomplishing, accomplished"
中高級,accomplished,adj.,技藝高超的、有才華的,,,
中級,accord,verb,贈予、授予、(與...)一致,,,"accords, according, accorded"
中級,accord,noun,協議、條約,,,accords
中高級,accordance,noun,依照、依據,,,
中高級,accordingly,adv.,相應地、因此,,,
中級,account,noun,帳戶、帳號、敘述,,,accounts
中級,account,verb,視為、解釋、(數量或比例上)佔,,,"accounts, accounting, accounted"
中高級,accountable,adj.,應負責任的,,,
中級,accountant,noun,會計師,,,accountants
中高級,accounting,noun,會計,,,accountings
中高級,accumulate,verb,累積、逐漸增加,,L8,"accumulates, accumulating, accumulated"
中高級,accumulation,noun,累積,,,accumulations
中級,accuracy,noun,準確(度),,L6,accuracies
中級,accurate,adj.,正確的、精準的,,L6,
中高級,accusation,noun,控告、指控,,,accusations
中級,accuse,verb,指控,,,"accuses, accusing, accused"
中高級,accustom,verb,使習慣於,,,"accustoms, accustoming, accustomed"
中高級,accustomed,adj.,習慣於,,,
中高級,ace,noun,A紙牌、擅長...的人、(網球)發球得分,,,aces
中高級,ace,adj.,第一流的、極好的,,,
中高級,ace,verb,表現得很好,,,"aces, acing, aced"
中級,ache,noun/verb,疼痛,,,"aches, aching, ached"
初級,achieve,verb,達到、完成、實現,,L2,"achieves, achieving, achieved"
中級,achievement,noun,成就、成績,,,achievements
中級,acid,noun/adj.,酸；酸(性)的,,,acids
中高級,acknowledge,verb,承認、告知、致意、感謝,,L6,"acknowledges, acknowledging, acknowledged"
中高級,acne,noun,痤瘡、粉刺,,,acnes
中高級,acoustic,adj.,聲音的、聽覺的、(樂器)原聲的,,,
中高級,acoustic,noun,(建築物、房間的)傳音效果、音響效果,,,acoustics
中級,acquaint,verb,使熟悉、使了解,,,"acquaints, acquainting, acquainted"
中級,acquaintance,noun,認識的人、交情、(對事物的)了解,,,acquaintances
中級,acquire,verb,獲得、購得,,L2,"acquires, acquiring, acquired"
中高級,acquisition,noun,獲得、獲得物,,,acquisitions
中級,acre,noun,英畝,,,acres
初級,across,prep./adv.,橫過、在對面,,,
初級,across,prep.,在...各處、遍及,,,
初級,act,noun/verb,表演者、(戲劇的)幕；演出、扮演,,,"acts, acting, acted"
初級,act,noun/verb,行為、作為；行事、表現,,,"acts, acting, acted"
中高級,acting,adj.,臨時代理的,,,
初級,action,noun,行動、行為、動作,,,actions
中高級,activate,verb,使活動、活化,,,"activates, activating, activated"
初級,active,adj.,活躍的、積極的,,,
中高級,activist,noun,活躍份子,,,activists
初級,activity,noun,活動,,,activities
初級,actor,noun,演員,,,actors
初級,actress,noun,女演員,,,actresses
中級,actual,adj.,實際的、真正的,,,
初級,actually,adv.,實際上、事實上,,,
中高級,acute,adj.,嚴重的、(病痛)急性的、靈敏的,,,"acuter, acutest"
中高級,acute,noun,銳音符,,,acutes
中級,adapt,verb,(使)適應、改編,,L7,"adapts, adapting, adapted"
中高級,adaptation,noun,改編、適應,,,adaptations
初級,add,verb,加上、增加、補充說,,,"adds, adding, added"
中高級,addict,noun,成癮者、入迷的人,,,addicts
中高級,addicted,adj.,上癮的、入迷的,,,
中高級,addiction,noun,上癮、入迷,,,addictions
初級,addition,noun,加法、添加、增加的人或物,,,additions
中級,additional,adj.,額外的、附加的,,,
中高級,additive,noun,(尤指食品的)添加物,,,additives
中高級,additive,adj.,附加的,,,
初級,address,noun,地址、網址、位址；演講、演說,,,addresses
中級,address,verb,對...講話、發表演說；處理、應對,,,"addresses, addressing, addressed"
中級,adequate,adj.,足夠的、合格的,,L4,
中高級,adhere,verb,附著、遵循,,,"adheres, adhering, adhered"
中高級,adjacent,adj.,毗連的、鄰近的,,L10,
中級,adjective,noun,形容詞,= adj.,,adjectives
中高級,adjoin,verb,毗連、鄰接,,,"adjoins, adjoining, adjoined"
中級,adjust,verb,調整；適應；整理(衣著),,L5,"adjusts, adjusting, adjusted"
中高級,adjustment,noun,調整、適應,,,adjustments
中高級,administer,verb,管理、執行；給予、施行,,,"administers, administering, administered"
中級,administration,noun,管理(部門)、行政(部門)；施行、施用,,,administrations
中高級,administrative,adj.,管理的、行政的,,,
中高級,administrator,noun,管理人員、行政人員,,,administrators
中級,admirable,adj.,可欽佩的、值得讚賞的,,,
中高級,admiral,noun,海軍上將、艦隊司令,,,admirals
中級,admiration,noun,欽佩、仰慕、讚賞,,,
初級,admire,verb,欽佩、欣賞,,,"admires, admiring, admired"
中級,admission,noun,承認、招認；入場費；允許進入,,,admissions
初級,admit,verb,承認；准許進入,,,"admits, admitting, admitted"
中高級,adolescence,noun,青春期,,,
中高級,adolescent,adj./noun,青春期的；青少年,,,adolescents
初級,adopt,verb,領養、接受、採納,,,"adopts, adopting, adopted"
中高級,adore,verb,熱愛、愛慕,,,"adores, adoring, adored"
初級,adult,noun/adj.,成年人；成年的、成熟的、僅限成人的,,L7,adults
中高級,adulthood,noun,成年,,L7,
初級,advance,verb,(使)前進、使發展、促進,,,"advances, advancing, advanced"
初級,advance,noun,前進、發展、進展,,,advances
初級,advance,adj.,預先的、事先的,,,
中級,advanced,adj.,先進的、高級的、(發展)後期的,,,
中高級,advancement,noun,發展、促進、晉升,,,advancements
初級,advantage,noun,優點、優勢、好處,,,advantages
中高級,advent,noun,出現、到來,,,advents
初級,adventure,noun,冒險、冒險經歷、奇遇,,,adventures
中高級,adverb,noun,副詞,=adv.,,adverbs
中高級,adverse,adj.,不利的、負面的、有害的,,,
中高級,advert,noun,廣告,"= ad, advertisement",,adverts
中級,advertise,verb,登廣告、徵聘、宣傳,= advertize,,"advertises, advertising, advertised"
初級,advertisement,noun,廣告,= ad,,advertisements
中高級,advertiser,noun,廣告商、登廣告者,,,advertisers
中高級,advertising,noun,廣告業、廣告活動,,,
初級,advice,noun,建議、忠告,,,advices
中高級,advisable,adj.,明智的、可取的,,,
初級,advise,verb,建議、忠告、正式告知,,,"advises, advising, advised"
中級,adviser,noun,顧問、忠告者,= advisor,,advisers
中高級,advisory,adj.,顧問的、諮詢的,,,
中高級,advisory,noun,公告、警報,,,advisories
中高級,advocate,noun,提倡者、擁護者,,L7,advocates
中高級,aerial,adj./noun,從飛機上的、空中的,,,aerials
中高級,aerial,noun,天線,noun = antenna (American English),,aerials
中高級,aerospace,noun/adj.,航空航天業(的)、航空航天技術(的),,,aerospaces
中高級,aesthetic,adj.,美感的、審美的,"=aesthetical, esthetic, esthetical",,
中高級,aesthetics,noun,美學、美感,= esthetics,,
初級,affair,noun,事務、事件,,,affairs
初級,affect,verb,影響、(疾病)感染,,L2,"affects, affecting, affected"
中級,affection,noun,喜愛、鍾愛,,,affections
中高級,affectionate,adj.,表示關愛的、充滿深情的,,,
中高級,affiliate,noun,附屬機構、分公司,,,affiliates
中高級,affiliate,verb,使隸屬於、加入、為...工作,,,"affiliates, affiliating, affiliated"
中高級,affirm,verb,申明、斷言,,,"affirms, affirming, affirmed"
中高級,afflict,verb,折磨、使痛苦,,,"afflicts, afflicting, afflicted"
中級,afford,verb,買得起、承擔、提供,,,"affords, affording, afforded"
初級,afraid,adj.,害怕的、擔憂的,,,
初級,after,prep./conj./adv.,在...後面；在...以後；以後、後來,,,
中高級,aftermath,noun,後果、餘波,,,
初級,afternoon,noun,下午,,,afternoons
中級,afterward,adv.,後來,=afterwards (British English),,
初級,again,adv.,又、再一次,,,
初級,against,prep.,緊貼著、倚靠著；逆著...的方向、迎著；反對、與...相反；以...為背景、襯托；防...、抗…,,,
初級,age,noun,年齡、老化；時代、時期,,,ages
初級,age,verb,衰老、使變老、使成熟,,,"ages, aging, ageing, aged"
中級,aged,adj.,…歲的、年邁的,,,
中級,agency,noun,代理機構、政府專門機構,,,agencies
中高級,agenda,noun,議程、待處理事項,,,agendas
中級,agent,noun,代理商、代理人、經紀人,,,agents
中高級,aggravate,verb,加重、惡化,,,"aggravates, aggravating, aggravated"
中高級,aggregate,adj./noun/verb,總計(的)、合計(的),,L6,"aggregates, aggregating, aggregated"
中高級,aggression,noun,侵略、挑釁,,,aggressions
中級,aggressive,adj.,好鬥的、挑臖的；積極進取的,,,
中高級,aging,adj./noun,變老的；老化,= ageing,,
中高級,agitate,verb,鼓動、煽動；激怒,,,"agitates, agitating, agitated"
中高級,agitation,noun,焦慮不安、煩亂；煽動、鼓動,,,agitations
初級,ago,adv.,在…以前,,,
中高級,agony,noun,極度痛苦、苦惱,,,agonies
初級,agree,verb,同意、贊成、相符,,,"agrees, agreeing, agreed"
中級,agreeable,adj.,令人愉悅的、宜人的；欣然同意的、願意接受的,,,
中級,agreement,noun,協議、意見一致、同意,,,agreements
中高級,agricultural,adj.,農業的,,,
中級,agriculture,noun,農業,,,
初級,ahead,adv.,在前面、領先、提早,,,
中高級,AI,noun,人工智慧,= artificial intelligence,,AIs
初級,aid,noun/verb,幫助、援助；救援物資、輔助設備,,L7,"aids, aiding, aided"
中高級,aide,noun,(從政者或軍隊高官的)助理、助手,,,aides
初級,aim,verb/noun,計劃、瞄準；目標、瞄準,,,"aims, aiming, aimed"
初級,air,noun,空氣、空中,,,airs
初級,air conditioner,noun,冷氣機、空調,,,air conditioners
中級,air-conditioned,adj.,有空調的,,,
初級,aircraft,noun,飛機,,,aircrafts
中高級,airlift,noun/verb,空運、空投,,,"airlifts, airlifting, airlifted"
初級,airline,noun,航空公司,,,airlines
中級,airmail,noun,航空郵件,,,
初級,airplane,noun,飛機,"= plane, aeroplane (British English)",,airplanes
初級,airport,noun,機場,,,airports
中高級,airtight,adj.,密封的、不透氣的,,,
中高級,airway,noun,(肺的)氣道；飛行航線,,,airways
中高級,aisle,noun,走道,,,aisles
初級,alarm,noun,鬧鐘、鬧鈴裝置；警報、警報器,,,alarms
中高級,alarming,adj.,驚人的、令人驚慌的,,,
初級,album,noun,相簿、集郵簿、音樂專輯,,,albums
中級,alcohol,noun,酒、酒精,,,alcohols
中級,alcoholic,noun,酗酒者、酒精中毒者,,,alcoholics
中級,alcoholic,adj.,酒精的、含酒精的,,,
中級,alert,verb,使警覺、使意識到,,,"alerts, alerting, alerted"
中級,alert,adj.,警覺的、機警的,,,
中級,alert,noun,警報、戒備,,,alerts
中高級,algebra,noun,代數,,,algebras
中高級,alien,adj.,外國的、異域的、外星人的；陌生的、不熟悉的,,,
中高級,alien,noun,外國人、外星人(生物),,,aliens
中高級,alienate,verb,使疏遠、離間,,,"alienates, alienating, alienated"
初級,alike,adv./adj.,相似地、同樣地；相似的,,,
初級,alive,adj.,活著的、仍然存在的,,,
初級,all,adj./pron./adv.,全部(的/地),,,
中高級,allegation,noun,(未經證實的)指責、指控,,,allegations
中高級,allege,verb,(未經證實地)指責、指控,,,"alleges, alleging, alleged"
中高級,alleged,adj.,(證據不足的情況下)被指控的、涉嫌的,,,
中高級,allergic,adj.,過敏的、過敏引起的；對...十分反感的,,,
中高級,allergy,noun,過敏,,,allergies
中高級,alleviate,verb,減輕、緩和,,,"alleviates, alleviating, alleviated"
中級,alley,noun,小街、小巷,,,alleys
中高級,alliance,noun,(國家)結盟、聯盟,,,alliances
中高級,allied,adj.,結盟的、聯盟的；類似的、有關聯的,,,
中高級,alligator,noun,短吻鱷,,,alligators
中高級,allocate,verb,分配、調撥,,L6,"allocates, allocating, allocated"
初級,allow,verb,准許,,,"allows, allowing, allowed"
中級,allowance,noun,零用錢；津貼、補助；限額、定量,零用錢 = pocket money,,allowances
中高級,alloy,noun/verb,合金；把...鑄成合金,,,"alloys, alloying, alloyed"
中高級,alloy,verb,把(價值)降低、損壞,,,"alloys, alloying, alloyed"
中高級,ally,noun/verb,同盟、盟友；與...結盟,,,"allies, allying, allied"
中高級,almond,noun,杏仁,,,almonds
初級,almost,adv.,幾乎、差不多,,,
初級,alone,adv./adj.,單獨(的)、獨自(的)、孤獨無伴(的),,,
初級,along,prep.,沿著,,,
初級,along,adv.,向前、一起、來到,,,
中級,alongside,prep./adv.,在...旁邊、與...一起,,,
初級,aloud,adv.,大聲地,,,
初級,alphabet,noun,字母表,,,alphabets
初級,already,adv.,已經,,,
初級,also,adv.,也、此外,,,
中高級,alter,verb,改變、更動、修改(衣服使其合身),,L5,"alters, altering, altered"
中高級,alternate,verb/adj.,輪流(的)、交替(的),,,"alternates, alternating, alternated"
中級,alternative,noun,可供選擇的事物,,L3,alternatives
中級,alternative,adj.,可替代的、可供選擇的；非傳統的、另類的,,L3,
初級,although,conj.,雖然,,,
中級,altitude,noun,海拔高度,,,altitudes
初級,altogether,adv.,全部、總共、總之,,,
中級,aluminium,noun,鋁,,,
初級,always,adv.,總是、一直,,,
初級,am,verb,(主語為第一人稱單數)是,,,
中級,amateur,adj./noun,業餘的、業餘愛好的；業餘愛好者、業餘運動員,,,amateurs
中級,amaze,verb,使驚奇,,,"amazes, amazing, amazed"
中級,ambassador,noun,大使,,,ambassadors
中高級,ambiguity,noun,歧義、模稜兩可,,,ambiguities
中高級,ambiguous,adj.,模稜兩可的、含混不清的,,L8,
中級,ambition,noun,野心,,,ambitions
中級,ambitious,adj.,有野心的、雄心勃勃的,,,
初級,ambulance,noun,救護車,,,ambulances
中高級,ambush,verb/noun,埋伏、伏擊,,,"ambushes, ambushing, ambushed"
中高級,amend,verb,修訂、修正(法律文件等),,L5,"amends, amending, amended"
中高級,amendment,noun,修正案、修訂,,,amendments
中高級,amends,noun,賠罪、賠償,,,
初級,America,noun,美國、美洲,,,
初級,American,adj./noun,美國的、美洲的；美國人,,,Americans
中高級,amiable,adj.,和藹可親的,,,
中高級,amicable,adj.,友善的、友好的,,,
中級,amid,prep.,在…中,,,
中高級,ammunition,noun,彈藥,,,ammunitions
中高級,amnesty,noun,赦免、赦免期,,,amnesties
初級,among,prep.,在...之中、在三者或以上之間,,,
初級,amount,noun,數量,,,amounts
中高級,ample,adj.,足夠的、豐富的,,,"ampler, amplest"
中高級,amplify,verb,擴大、增強,,,"amplifies, amplifying, amplified"
中級,amuse,verb,逗樂、(使)娛樂,,,"amuses, amusing, amused"
中級,amusement,noun,愉悅、娛樂(活動),,,amusements
中高級,analogy,noun,類比、比喻,,L9,analogies
中級,analysis,noun,分析,,,analyses
中級,analyst,noun,分析者、化驗員,,,analysts
中高級,analytical,adj.,分析的,= analytic,,
中級,analyze,verb,分析,= analyse (British English),,"analyzes, analyzing, analyzed"
中級,ancestor,noun,祖先,,,ancestors
中高級,anchor,noun/verb,錨；拋錨、下錨,,,"anchors, anchoring, anchored"
中高級,anchor,noun/verb,主持人；主持(電視、廣播節目),,,"anchors, anchoring, anchored"
初級,ancient,adj.,古代的、古老的,,,
初級,and,conj.,和、又、加上、接連,,,
中高級,anecdote,noun,趣聞軼事,,,anecdotes
初級,angel,noun,天使,,,angels
初級,anger,noun,憤怒、怒氣,,,
中級,angle,noun,角度、觀點,,,angles
中高級,angler,noun,垂釣者,,,anglers
初級,angry,adj.,生氣的、憤怒的,,,"angrier, angriest"
初級,animal,noun,動物,,,animals
中高級,animate,adj./verb,有生命的、有活力的；使有生命、使有活力,,,"animates, animating, animated"
初級,ankle,noun,腳踝,,,ankles
中級,anniversary,noun,週年紀念日,,,anniversaries
中級,announce,verb,宣布、公告、廣播,,,"announces, announcing, announced"
中級,announcement,noun,宣布、公告,,,announcements
中級,announcer,noun,廣播員,,,announcers
中級,annoy,verb,使惱怒、打擾,,,"annoys, annoying, annoyed"
中高級,annoyance,noun,惱怒、煩惱、令人煩惱的事,,,annoyances
中級,annual,adj./noun,每年的、一年一次的；年報、年刊,,L4,annuals
中高級,anonymous,adj.,匿名的、不具名的,,,
初級,another,pron./adj.,另一個、再一個；另外的、再一,,,
初級,answer,noun/verb,答案、回答；答覆、作答,,,"answers, answering, answered"
初級,ant,noun,螞蟻,,,ants
中高級,Antarctic,adj./noun,南極的、南極地區的；南極、南極地區,= antarctic,,
中高級,antenna,noun,觸角、觸鬚；天線,,,"antennas, antennae"
中高級,anthem,noun,國歌、(群體的)團歌,,,anthems
中高級,antibiotic,noun/adj.,抗生素；抗菌的,,,antibiotics
中高級,antibody,noun,抗體,,,antibodies
中高級,anticipate,verb,預料、預見、期盼,,L9,"anticipates, anticipating, anticipated"
中高級,anticipation,noun,預料、預見、期盼,,,anticipations
中高級,antique,noun/adj.,古董、古物；古老的、古董的,,,antiques
中高級,antonym,noun,反義詞,,,antonyms
中級,anxiety,noun,焦慮、憂慮,,,anxieties
中級,anxious,adj.,焦慮的、不安的；渴望做某事,,,
初級,any,pron./adj.,任何一個、一些；任何的、絲毫的,,,
初級,any,adv.,(用於否定或疑問句)稍、根本,,,
初級,anybody,pron.,任何人,= anyone,,
中級,anyhow,adv.,無論如何,,,
初級,anymore,adv.,再也不、不再,=any more,,
初級,anyone,pron.,任何人,= anybody,,
初級,anything,pron.,任何東西、任何事情,,,
初級,anytime,adv.,在任何時候,=any time,,
初級,anyway,adv.,無論如何、不管怎樣、反正,,,
初級,anywhere,adv.,任何地方,= anyplace,,
中級,apart,adv./adj.,(空間或時間的)分隔、相隔；分離的,,,
中高級,apartheid,noun,(南非)種族隔離,,,apartheids
初級,apartment,noun,公寓,= flat (British English),,apartments
中級,ape,noun,人猿,,,apes
中級,ape,verb,模仿、學...的樣子,,,"apes, aping, aped"
初級,apologize,verb,道歉,= apoligise (British English),,"apologizes, apologizing, apologized"
中級,apology,noun,道歉,,,apologies
中級,app,noun,應用程式,,,apps
中高級,appall,verb,使驚駭、使大為震驚,= appal (British English),,"appalls, appalling, appalled"
中高級,appalling,adj.,令人震驚的、糟糕的,,,
中高級,apparatus,noun,儀器、設備；(政府的)組織、機構,,,"apparatuses, apparati"
中級,apparent,adj.,顯然的,,L4,
中級,appeal,noun,呼籲；申訴；吸引力,,,appeals
中級,appeal,verb,呼籲；提出申訴；對...有吸引力,,,"appeals, appealing, appealed"
初級,appear,verb,出現、顯現,,,"appears, appearing, appeared"
初級,appear,verb,看來好像、似乎,=seem,,"appears, appearing, appeared"
初級,appearance,noun,出現、公開露面；外貌、外表,,,appearances
中高級,appendix,noun,(書或文件的)附錄；闌尾,,,"appendices, appendixes"
中級,appetite,noun,食慾、胃口,,,appetites
中級,applaud,verb,鼓掌、稱讚,,,"applauds, applauding, applauded"
中級,applause,noun,鼓掌、喝采,,,
初級,apple,noun,蘋果,,,apples
中級,appliance,noun,家電、器具,,,appliances
中高級,applicable,adj.,適用的,,,
中級,applicant,noun,申請人,,,applicants
中級,application,noun,申請、申請書；用途、應用；應用軟體,,,applications
初級,apply,verb,申請、請求；應用；適用；塗、敷,,,"applies, applying, applied"
中級,appoint,verb,任命、安排,,,"appoints, appointing, appointed"
中級,appointment,noun,約會、預約；任命；職務,,,appointments
中高級,appraisal,noun,評價、評估,,,appraisals
中高級,appreciable,adj.,可觀的,,L8,
初級,appreciate,verb,欣賞、賞識；感激、感謝,,L8,"appreciates, appreciating, appreciated"
中級,appreciation,noun,欣賞；感激、感謝,,,appreciations
中高級,apprehension,noun,憂慮、恐懼,,,apprehensions
中高級,apprentice,noun/verb,學徒；使當學徒,,,"apprentices, apprenticing, apprenticed"
中級,approach,noun,方式、方法,,L1,approaches
中級,approach,verb,接近；接洽；著手處理,,L1,"approaches, approaching, approached"
中級,appropriate,adj.,合適、恰當的,,L2,
中級,approval,noun,贊成、批准,,,approvals
中級,approve,verb,贊成、批准,,,"approves, approving, approved"
中高級,approximate,adj./verb,大約的；接近,,L4,"approximates, approximating, approximated"
初級,April,noun,四月,= Apr.,,
中級,apron,noun,圍裙,,,aprons
中高級,apt,adj.,有…傾向的；恰當的、適當的；聰穎的,,,"apter, aptest"
中高級,aptitude,noun,天資、資質,,,aptitudes
中級,aquarium,noun,魚缸、水族館,,,"aquariums, aquaria"
中高級,arbitrary,adj.,武斷的、專制的,,L8,
中高級,arc,noun/verb,弧形；作弧形運動,,,"arcs, arcing, arcking, arced, arcked"
中級,arch,noun/verb,拱門；使成弓形,,,"arches, archs, arching, arched"
中高級,archaeology,noun,考古學,= archeology,,archaeologies
中級,architect,noun,建築師,,,architects
中高級,architectural,adj.,建築學的、建築方面的,,,
中級,architecture,noun,建築學、建築設計,,,architectures
中高級,archive,noun/verb,檔案、檔案室；歸檔、存檔,,,"archives, archiving, archived"
中高級,Arctic,adj./noun,北極的、北極地區的；北極、北極地區,= arctic,,
初級,are,verb,(主詞為we、you、they的現在式)是,,,
初級,area,noun,地區、範圍、面積,,L1,"areas, areae"
中高級,arena,noun,圓形運動場、圓形劇場、活動場所,,,arenas
初級,argue,verb,爭吵、爭論,,,"argues, arguing, argued"
中級,argument,noun,爭吵、論點,,,arguments
中級,arise,verb,發生、由…引起,,,"arises, arising, arose, arisen"
中級,arithmetic,noun/adj.,算術；算術的,,,arithmetics
初級,arm,noun,手臂、袖子、扶手,,,arms
初級,arm,verb,武裝、備戰,,,"arms, arming, armed"
初級,armchair,noun,扶手椅,,,armchairs
中高級,armor,noun/verb,盔甲、裝甲；穿盔甲、提供防禦,= armour (British English),,"armors, armoring, armored"
中高級,arms,noun,武器、兵器,,,
初級,army,noun,軍隊、陸軍；大批、大群,,,armies
初級,around,prep./adv.,圍繞、在...附近、大約,,,
中級,arouse,verb,激起,,,"arouses, arousing, aroused"
初級,arrange,verb,安排、籌劃；排列、佈置,,,"arranges, arranging, arranged"
中級,arrangement,noun,安排、籌備,,,arrangements
中高級,array,noun,大量、一批,,,arrays
中高級,array,verb,配置、布置、排列,,,"arrays, arraying, arrayed"
初級,arrest,verb/noun,逮捕,,,"arrests, arresting, arrested"
中級,arrival,noun,抵達,,,arrivals
初級,arrive,verb,到達、來臨,,,"arrives, arriving, arrived"
中高級,arrogant,adj.,傲慢的、自大的,,,
中級,arrow,noun,弓箭、箭號,,,arrows
初級,art,noun,藝術、美術,,,arts
中高級,artery,noun,動脈、(道路)主幹線,,,arteries
初級,article,noun,文章、報導；物品、物件、(語法)冠詞,,,articles
中高級,articulate,adj./verb,口齒清楚的、善於表達的；清楚說明、口齒清楚,,,"articulates, articulating, articulated"
中高級,artifact,noun,手工藝品,=artefact,,artifacts
中級,artificial,adj.,人工的、人造的,,,
中高級,artillery,noun,火炮,,,
初級,artist,noun,藝術家、畫家,,,artists
中級,artistic,adj.,藝術的、有藝術天賦的,,,
初級,as,conj.,因為、當...時、以...的方式,,,
初級,as,prep.,作為、以...的身分,,,
初級,as,adv.,像...一樣、和...一樣,,,
中級,ascend,verb,上升、登高,,,"ascends, ascending, ascended"
中高級,ascertain,verb,查明、弄清,,,"ascertains, ascertaining, ascertained"
中高級,ascribe,verb,把...歸因於、認為...具有,,,"ascribes, ascribing, ascribed"
中級,ash,noun,灰燼,,,ashes
中級,ashamed,adj.,感到羞愧的,,,
初級,Asia,noun,亞洲,,,
初級,Asian,adj./noun,亞洲的、亞洲人的；亞洲人,,,Asians
中級,aside,adv.,在旁邊,,,
初級,ask,verb,詢問、請求,,,"asks, asking, asked"
初級,asleep,adj.,睡著的,,,
中級,aspect,noun,方面、層面,,L2,aspects
中高級,aspiration,noun,抱負、渴望,,,aspirations
中級,aspirin,noun,阿斯匹靈,,,aspirins
中高級,ass,noun,傻瓜、笨蛋；屁股,,,asses
中級,assassinate,verb,暗殺,,,"assassinates, assassinating, assassinated"
中高級,assault,noun/verb,攻擊、襲擊,,,"assaults, assaulting, assaulted"
中級,assemble,verb,集合、聚集；組裝,,L10,"assembles, assembling, assembled"
中級,assembly,noun,集會、議會；裝配,,,assemblies
中高級,assert,verb,堅稱、維護(權利),,,"asserts, asserting, asserted"
中高級,assess,verb,評價、估算,,L1,"assesses, assessing, assessed"
中高級,assessment,noun,評價、評定,,,assessments
中級,asset,noun,資產,,,assets
中級,assign,verb,指派、分配,,L6,"assigns, assigning, assigned"
中高級,assignment,noun,(學業或工作上的)任務、分派(任務),,,assignments
中高級,assimilate,verb,消化吸收、理解、融入,,,"assimilates, assimilating, assimilated"
中級,assist,verb,協助、援助,,L2,"assists, assisting, assisted"
中級,assistance,noun,幫忙、援助,,L2,
初級,assistant,noun/adj.,助手、助理；(常用於頭銜)助理的、副的,,,assistants
中級,associate,verb,聯想、聯繫,,,"associates, associating, associated"
中級,associate,noun,同事、合夥人,,,associates
中級,associate,adj.,副的、非正式的,,,
中級,association,noun,協會、社團、聯盟；關聯、聯想,,,associations
初級,assume,verb,假定為、假設,,L1,"assumes, assuming, assumed"
中高級,assumption,noun,假設,,,assumptions
中級,assurance,noun,保證、擔保；自信,,L9,assurances
中級,assure,verb,向...保證、確保,,L9,"assures, assuring, assured"
中高級,assured,adj.,自信的、確定的,,,
中高級,asthma,noun,氣喘,,,asthmas
中級,astonish,verb,使吃驚,,,"astonishes, astonishing, astonished"
中高級,astray,adv./adj.,迷路地、誤入歧途地；迷路的、誤入歧途的,,,
中級,astronaut,noun,太空人,,,astronauts
中高級,astronomer,noun,天文學家,,,astronomers
中高級,astronomy,noun,天文學,,,
中高級,asylum,noun,庇護、避難,,,asylums
初級,at,prep.,在...時刻、在...地點或位置、對著,,,
中級,athlete,noun,運動員、擅長運動的人,,,athletes
中級,athletic,adj.,健壯的、擅長運動的、田徑運動的,,,
中高級,athletics,noun,體育運動、田徑運動,,,
中高級,ATM,noun,自動提款機,= automatic teller machine,,ATMs
中級,atmosphere,noun,大氣、大氣層、空氣；氣氛、氛圍,,,atmospheres
中級,atom,noun,原子,,,atoms
中級,atomic,adj.,原子的、原子能的,,,
中高級,atrocity,noun,凶惡、殘暴行為,,,atrocities
中級,attach,verb,裝上、使依附,,L6,"attaches, attaching, attached"
中高級,attached,adj.,依戀的、附屬的,,L6,
初級,attack,noun/verb,攻擊、進攻、抨擊,,,"attacks, attacking, attacked"
中高級,attain,verb,獲得、達到,,L9,"attains, attaining, attained"
中級,attempt,noun/verb,嘗試、企圖,,,"attempts, attempting, attempted"
中高級,attempted,adj.,(犯罪)未遂的,,,
初級,attend,verb,出席、參加,,,"attends, attending, attended"
中高級,attendance,noun,參加、出席、出席人數,,,attendances
中高級,attendant,noun,服務員、侍者,,,attendants
中高級,attendant,adj.,伴隨的、隨之而來的,,,
初級,attention,noun,注意力、關注,,,attentions
中高級,attic,noun,閣樓,,,attics
中級,attitude,noun,態度,,L4,attitudes
中高級,attorney,noun,律師,,,attorneys
中級,attract,verb,吸引,,,"attracts, attracting, attracted"
中級,attraction,noun,吸引力；迷戀、愛慕,,,attractions
中級,attractive,adj.,誘人的、吸引人的,,,
中高級,attribute,verb,歸因於,,L4,"attributes, attributing, attributed"
中高級,attribute,noun,屬性、特徵,,L4,attributes
中高級,auction,noun/verb,拍賣,,,"auctions, auctioning, auctioned"
初級,audience,noun,聽眾、觀眾,,,audiences
中級,audio,adj.,聲音的、錄音的,,,
中高級,audit,verb/noun,審計、稽核、查帳,,,"audits, auditing, audited"
中高級,audit,verb,旁聽(大學課程),,,"audits, auditing, audited"
中高級,auditorium,noun,觀眾席；禮堂、劇院、音樂廳,,,"auditoriums, auditoria"
初級,August,noun,八月,= Aug.,,
初級,aunt,noun,姑姑、阿姨、舅媽,= auntie= aunty,,aunts
初級,Australia,noun,澳洲,,,
中高級,authentic,adj.,真實的、真正的、真跡的、可信的,,,
中級,author,noun,作者,,L6,authors
中高級,authoritative,adj.,具權威的、專斷的,,L1,
中級,authority,noun,權力、職權；官方、當權者,,L1,authorities
中高級,authorize,verb,批准、授權,= authorise (British English),,"authorizes, authorizing, authorized"
中高級,auto,noun,汽車,,,autos
中級,autobiography,noun,自傳,,,autobiographies
中高級,autograph,noun/verb,親筆簽名；在...上簽名,,,"autographs, autographing, autographed"
中級,automatic,adj.,自動的,,,
中高級,automation,noun,自動化,,,automations
中級,automobile,noun,汽車,= auto,,automobiles
中高級,autonomous,adj.,自治的、自主的,,,
中高級,autonomy,noun,自治(權)、自主(權),,,autonomies
初級,autumn,noun,秋天,= fall,,autumns
中級,auxiliary,noun,助動詞,= aux.,,auxiliaries
中級,auxiliary,noun/adj.,輔助人員；輔助的,,,auxiliaries
中高級,avail,verb/noun,(對人或物)有幫助；幫助、效益,,,"avails, availing, availed"
初級,available,adj.,有空的、可獲得的,,L1,
中級,avenue,noun,大街；途徑、管道、方法,,,avenues
中級,average,adj./noun/verb,平均的；平均數；平均為,,,"averages, averaging, averaged"
中高級,avert,verb,防止、避開,,,"averts, averting, averted"
中高級,aviary,noun,大鳥籠、鳥舍,,,aviaries
中高級,aviation,noun,航空、航空製造業、飛行,,,
初級,avoid,verb,避免、避開,,,"avoids, avoiding, avoided"
中級,await,verb,等待,,,"awaits, awaiting, awaited"
中級,awake,adj./verb,醒著；醒來、喚起,,,"awakes, awaking, awoke, awoken"
中級,awaken,verb,醒來、喚醒,,,"awakens, awakening, awakened"
中級,award,noun/verb,獎、獎金、獎品；獎勵、授予,,,"awards, awarding, awarded"
初級,aware,adj.,意識到、發覺、有...意識的,,L5,
初級,away,adv.,去別處、(距此)...遠、逐漸消失,,,
中高級,awe,noun/verb,敬畏、驚嘆,,,"awes, aweing, awed"
中高級,awesome,adj.,令人驚嘆的、很棒的,,,
中級,awful,adj.,很壞的、糟糕的、令人不愉快的,,,
中高級,awhile,adv.,一會兒,,,
中級,awkward,adj.,令人尷尬的；難對付的；笨拙的,,,
中級,ax,verb,用斧頭劈、砍掉；裁減、撤銷、開除,= axe (British English),,"axes, axing, axed"
中級,ax,noun,斧頭；裁減、解雇,= axe (British English),,axes
中高級,axis,noun,軸、軸線,,,"axes, axises"
初級,baby,noun,嬰兒、幼稚的人、(暱稱)寶貝,,,babies
初級,babysit,verb,當臨時保姆,= baby-sit,,"babysits, baby-sits, babysitting, baby-sitting, baby-sat, babysat"
初級,babysitter,noun,保姆,= baby-sitter=baby sitter,,babysitters
中高級,bachelor,noun,單身漢；學士,,,bachelors
初級,back,noun/adj.,背部、後面；背部的、後面的,,,backs
初級,back,adv.,回原處、返回、向後、在背面,,,
初級,back,verb,贊助、支持；使倒退、後退,,,"backs, backing, backed"
中高級,backbone,noun,脊椎、脊骨；支柱、基礎,,,backbones
中級,background,noun,背景,,,backgrounds
中高級,backing,noun,支持、援助、資助,,,backings
中高級,backpack,noun/verb,背包；背包旅行,,,"backpacks, backpacking, backpacked"
初級,backward,adv./adj.,向後地、倒退地；向後的、倒退的、落後的,adv.= backwards (British English),,
中級,bacon,noun,培根,,,
中級,bacteria,noun,細菌,bacterium (singular form),,bacterias
初級,bad,adj.,壞的、不好的、劣質的,,,"worse, worst"
中高級,badge,noun,徽章、名牌,,,badges
初級,badly,adv.,差地、嚴重地；很、非常,,,
初級,badminton,noun,羽毛球,,,
中高級,baffle,verb,困惑,,,"baffles, baffling, baffled"
初級,bag,noun,袋子、一袋(的量),,,bags
中級,baggage,noun,行李,,,
中級,baggy,adj.,(衣服)寬鬆的、寬大下垂的,,,"baggier, baggiest"
中高級,bail,noun/verb,保釋金；獲得保釋,,,"bails, bailing, bailed"
中級,bait,noun/verb,魚餌、誘餌；下誘餌,,,"baits, baiting, baited"
初級,bake,verb,烘烤,,,"bakes, baking, baked"
初級,bakery,noun,麵包店,,,bakeries
中級,balance,noun/verb,平衡、均衡；保持平衡,,,"balances, balancing, balanced"
初級,balcony,noun,陽台、(劇院的)樓座,,,balconies
中級,bald,adj.,禿頭的,,,"balder, baldest"
初級,ball,noun,球、球狀物,,,balls
中級,ballet,noun,芭蕾舞、芭蕾舞劇,,,ballets
初級,balloon,noun,氣球,,,balloons
中高級,ballot,noun/verb,不記名投票、選票；進行不記名投票,,,"ballots, balloting, balloted"
中級,bamboo,noun,竹子,,,bamboos
中級,ban,verb/noun,禁止；禁令,,,"bans, banning, banned"
初級,banana,noun,香蕉,,,bananas
初級,band,noun,樂團、樂隊；帶、細繩；(數目、年齡、價格等的)範圍,,,bands
中級,bandage,noun/verb,繃帶；用繃帶包紮,,,"bandages, bandaging, bandaged"
中級,Band-Aid,noun,OK繃,= band-aid,,Band-Aids
中高級,bandit,noun,土匪、盜賊,,,bandits
中級,bang,noun/verb,重擊、巨響；撞擊、使發出巨響,,,"bangs, banging, banged"
初級,bank,noun,銀行；堤、岸,,,banks
初級,banker,noun,銀行家、莊家,,,bankers
中級,banking,noun,處理銀行帳戶事宜、銀行業,,,bankings
中級,bankrupt,adj./verb/noun,破產的；使破產；破產者,,,"bankrupts, bankrupting, bankrupted"
中高級,bankruptcy,noun,破產,,,bankruptcies
中高級,banner,noun,橫布條、橫幅廣告,,,banners
中高級,banquet,noun,宴會、盛宴,,,banquets
初級,bar,noun,條狀物、條紋、欄杆；酒吧、吧檯,,,bars
初級,bar,noun/verb,障礙；阻擋、禁止,,,"bars, barring, barred"
中高級,barbarian,noun/adj.,野蠻人、無教養的人；野蠻的、野蠻人的,,,barbarians
初級,barbecue,noun/verb,烤肉、烤肉架、烤肉聚會；燒烤,= Bar-B-Q = BBQ,,"barbecues, barbecuing, barbecued"
初級,barber,noun,理髮師,,,barbers
中級,barbershop,noun,理髮店,,,barbershops
中級,bare,adj./verb,赤裸的、無遮蔽的；使赤裸、使暴露,,,"barer, barest, bares, baring, bared"
中高級,barefoot,adj./adv.,赤腳的；赤腳地,,,
中級,barely,adv.,僅、剛好、幾乎沒有,,,
中級,bargain,noun,特價品；協議、交易,,,bargains
中級,bargain,verb,特價品、協議；討價還價,,,"bargains, bargaining, bargained"
中高級,barge,noun,大型平底船,,,barges
中高級,barge,verb,衝撞、亂闖,,,"barges, barging, barged"
初級,bark,verb/noun,吠叫、咆哮；狗吠聲,,,"barks, barking, barked"
初級,bark,noun,樹皮,,,barks
中級,barn,noun,穀倉,,,barns
中高級,barometer,noun,氣壓計、指標,,,barometers
中高級,barrack,verb,起哄、喝倒采,,,"barracks, barracking, barracked"
中高級,barracks,noun,兵營、營房,單複數同形,,
中級,barrel,noun,大桶,,,barrels
中高級,barren,adj.,貧瘠的、不毛的；不孕的；不結果實的,,,
中高級,barricade,noun/verb,障礙物、(設)路障；阻擋,,,"barricades, barricading, barricaded"
中級,barrier,noun,屏障、障礙物、隔閡,,,barriers
初級,base,verb/noun,以...為據點、將總部設在；基地、基底、基礎,,,"bases, basing, based"
初級,base,noun,(棒球運動中的)壘,,,bases
初級,baseball,noun,棒球,,,baseballs
初級,basement,noun,地下室,,,basements
中高級,bash,noun/verb,猛攻、痛擊,,,"bashes, bashing, bashed"
初級,basic,adj.,基本的,,,
中高級,basically,adv.,基本上,,,
中高級,basics,noun,基礎、基本需要、基本設施,,,
中級,basin,noun,盆、水盆；流域；船塢、內灣,,,basins
初級,basis,noun,基礎、根據,,,bases
初級,basket,noun,籃子、線上購物籃,,,baskets
初級,basketball,noun,籃球,,,basketballs
中高級,bass,noun/adj.,低音、男低音、低音吉他；低音的,,,basses
中高級,bastard,noun,討厭鬼、壞蛋,,,bastards
中高級,bastard,noun/adj.,私生子；私生的,,,bastards
初級,bat,noun,蝙蝠,,,bats
初級,bat,noun/verb,球棒、球拍；用球棒或球拍擊球,,,"bats, batting, batted"
中高級,batch,noun,一批,,,batches
初級,bath,noun/verb,沐浴、洗澡；(給...)洗澡,動詞=bathe,,"baths, bathing, bathed"
初級,bathe,verb,(給...)洗澡、浸泡,=bath,,"bathes, bathing, bathed"
初級,bathroom,noun,浴室、廁所,,,bathrooms
中高級,battalion,noun,(軍隊的)營部、隊伍,,,battalions
中高級,batter,verb,連續猛擊、毆打,,,"batters, battering, battered"
中高級,batter,noun,(棒球的)打擊手；麵糊,,,batters
中級,battery,noun,電池,,,batteries
中級,battle,noun/verb,戰爭、鬥爭；作戰、奮鬥,,,"battles, battling, battled"
中高級,battlefield,noun,戰場,,,battlefields
中級,bay,noun,灣、海灣,,,bays
中高級,bazaar,noun,(某些東方國家的)市集；義賣,,,bazaars
中級,BC,adv.,西元前,= Before Christ,,
初級,be,verb,是(助動詞),,,"is, being, was, were, been"
初級,beach,noun,海灘、湖濱,,,beaches
中級,bead,noun,(有孔的)珠子,,,beads
中級,beak,noun,鳥喙,,,beaks
中級,beam,noun,光線、光束,,,beams
中級,beam,verb,照射、發光；高興地微笑、眉開眼笑,,,"beams, beaming, beamed"
初級,bean,noun,豆子、豆莢，豆科植物,,,beans
初級,bear,noun,熊,,,bears
初級,bear,verb,承擔、忍受、負荷；具有；生孩子、結果實,,,"bears, bearing, bore, born, borne"
初級,beard,noun,鬍鬚,,,beards
中高級,bearing,noun,關係、影響；舉止、風度,,,bearings
中級,beast,noun,(大型或野生的)動物、野獸；粗暴的人、兇殘的人,,,beasts
初級,beat,verb,打敗、戰勝；敲打、攪打,,,"beats, beating, beaten"
初級,beat,noun,跳動聲、擊鼓聲；節拍,,,beats
初級,beautiful,adj.,美麗的、極好的,,,
中高級,beautify,verb,美化、裝飾,,,"beautifies, beautifying, beautified"
中級,beauty,noun,美麗、美人、美好的事物,,,beauties
初級,because,conj.,因為,= 'cos = cos = cuz,,
中高級,beckon,verb,招手示意、舉手招喚,,,"beckons, beckoning, beckoned"
初級,become,verb,成為、變得,,,"becomes, becoming, became"
初級,bed,noun,床、床位,,,beds
初級,bedroom,noun,臥室,,,bedrooms
中級,bedtime,noun,就寢時間,,,bedtimes
初級,bee,noun,蜜蜂,,,bees
初級,beef,noun,牛肉,,,"beeves, beefs"
中高級,beep,noun/verb,(電子設備的)嘟嘟聲、嗶嗶聲；發出嘟嘟或嗶嗶聲,,,"beeps, beeping, beeped"
初級,beer,noun,啤酒,,,beers
中級,beetle,noun,甲蟲,,,beetles
初級,before,prep./conj./adv.,在…之前、先於；在...以前；曾經、在前,,,
中高級,beforehand,adv.,事先、預先,,,
中級,beg,verb,乞討、請求,,,"begs, begging, begged"
中級,beggar,noun,乞丐,,,beggars
中級,beggar,verb,使貧窮、使匱乏,,,"beggars, beggaring, beggared"
初級,begin,verb,開始、以...起頭,,,"begins, beginning, began, begun"
初級,beginner,noun,初學者、新手,,,beginners
初級,beginning,noun,開端、起點,,,beginnings
中高級,behalf,noun,作為...的代表、代替...,,L9,behalfs
初級,behave,verb,表現,,,"behaves, behaving, behaved"
中級,behavior,noun,行為、舉止,= behaviour (British English),,behaviors
初級,behind,prep./adv.,在…後面；在背後、在原處、落後於,,,
中級,being,noun,生命、生物；存在、生存,,,beings
初級,belief,noun,相信、信念、信仰,,,beliefs
中級,believable,adj.,可信的,,,
初級,believe,verb,相信,,,"believes, believing, believed"
初級,bell,noun,鈴、鐘,,,bells
中級,belly,noun,腹部、肚子,,,bellies
初級,belong,verb,屬於、應在...地方,,,"belongs, belonging, belonged"
中高級,belongings,noun,財務、擁有物、行李,,,
中高級,beloved,adj./noun,深愛的、心愛的；愛人、心上人,,,beloveds
初級,below,adv./prep.,在...下面、低於,,,
初級,belt,noun,腰帶,,,belts
初級,bench,noun,長椅,,,benches
中級,bend,verb/noun,使彎曲、彎腰；彎曲處、彎道,,,"bends, bending, bent, bended"
中級,beneath,prep.,在...下面,,,
中級,beneficial,adj.,有利的、有助的,,L1,
中級,benefit,noun/verb,利益、好處；對...有幫助、使受惠,,L1,"benefits, benefiting, benefitting, benefited, benefitted"
中高級,bent,adj.,彎曲的、駝背的,,,
中高級,bent,noun,天賦,,,bents
中級,berry,noun,莓果,,,berries
初級,beside,prep.,在...旁邊,,,
初級,besides,prep./adv.,除…之外；此外、而且,,,
中高級,besiege,verb,包圍、圍困,,,"besieges, besieging, besieged"
初級,best,adv./adj.,最、最適當地；最好的、最適當的,,,
初級,best,noun,最好的人或事,,,bests
初級,best,verb,打敗、戰勝,,,"bests, besting, bested"
中級,bet,noun/verb,賭注；打賭、賭博,,,"bets, betting, betted"
中高級,betray,verb,背叛、出賣、對...不忠誠,,,"betrays, betraying, betrayed"
初級,better,adv./adj.,更、更好地；更好的、好轉的,,,
初級,better,noun,更好的事物、更好者,,,betters
初級,better,verb,勝過、超過,,,"betters, bettering, bettered"
初級,between,prep.,在…之間,,,
中高級,beverage,noun,飲料,,,beverages
中高級,beware,verb,小心、提防,,,
中高級,bewilder,verb,使困惑,,,"bewilders, bewildering, bewildered"
初級,beyond,prep./adv.,遠於、超出；在更遠處,,,
中高級,bias,noun/verb,偏見、偏袒；對...懷有偏見,,L8,"biases, biasses, biasing, biassing, biased, biassed"
中級,Bible,noun,聖經,,,
中高級,bibliography,noun,參考書目、文獻目錄,,,bibliographies
初級,bicycle,noun,腳踏車,= bike,,bicycles
中級,bid,noun/verb,出價、投標、努力爭取,,,"bids, bidding, bade, bidden"
初級,big,adj.,大的、年齡較大的、重大的,,,"bigger, biggest"
中高級,bilateral,adj.,雙邊的、雙方的,,,
初級,bill,noun/verb,鈔票、帳單；開立帳單,,,"bills, billing, billed"
初級,bill,noun,議案、法案,,,bills
中級,billion,noun,十億,,,billions
中級,bin,noun,垃圾箱、容器、箱子,,,bins
中級,bind,verb,綑綁、包紮,,,"binds, binding, bound"
中高級,binding,adj.,必須遵守的，有法律約束力的,,,
中高級,binding,noun,(書籍的)封皮、鑲邊,,,bindings
中級,bingo,noun,賓果遊戲,,,
中高級,binoculars,noun,雙筒望遠鏡,,,
中高級,biochemistry,noun,生物化學,,,biochemistries
中級,biography,noun,自傳,,,biographies
中高級,biological,adj.,生物的、生物學的、親生的,,,
初級,biology,noun,生物學,,,biologies
初級,bird,noun,鳥,,,birds
中高級,birdie,noun,小鳥,,,birdies
中高級,birdie,noun/verb,(高爾夫球)小鳥擊、比標準桿少一桿入洞,,,"birdies, birdying, birdied"
中級,birth,noun,出生、起源,,,births
初級,birthday,noun,生日,,,birthdays
中級,biscuit,noun,餅乾、小麵包,,,biscuits
初級,bit,noun,稍微、小塊、少量、一點點,,,bits
中高級,bitch,noun,母狗；[冒犯]壞女人、潑婦,,,bitches
中高級,bitch,verb,說壞話,,,"bitches, bitching, bitched"
初級,bite,verb/noun,咬、叮,,,"bites, biting, bit, bitten"
初級,bitter,adj.,有苦味的、(天氣)嚴寒的、怨恨的、令人不快的,,,"bitterer, bitterest"
中高級,bizarre,adj.,怪誕的、異乎尋常的,,,
初級,black,adj./noun,黑色的；黑色,,,"blacker, blackest, blacks"
初級,blackboard,noun,黑板,,,blackboards
中高級,blacksmith,noun,鐵匠,,,blacksmiths
中高級,blade,noun,刀片、刀刃；(機器上旋轉的)槳片、槳葉；(草的)葉片,,,blades
初級,blame,verb/noun,責備,,,"blames, blaming, blamed"
中高級,bland,adj.,清淡的、平淡乏味的,,,"blander, blandest"
初級,blank,adj./noun,空白的；空白處、空格,,,blanks
初級,blanket,noun/verb,毛毯、毯子；以厚層覆蓋,,,"blankets, blanketing, blanketed"
中高級,blare,verb/noun,發出響亮刺耳的聲音；響亮刺耳的聲音,,,"blares, blaring, blared"
中高級,blast,noun/verb,炸毀、爆破；爆炸,,,"blasts, blasting, blasted"
中高級,blast,noun/verb,(突然發出的)響聲；發出巨大聲響,,,"blasts, blasting, blasted"
中高級,blast,noun,狂風、強勁的氣流,,,blasts
中高級,blaze,verb/noun,熊熊燃燒；大火、烈火、火焰,,,"blazes, blazing, blazed"
中高級,blaze,verb/noun,閃耀、發亮光；燦爛,,,"blazes, blazing, blazed"
中高級,bleach,verb/noun,漂白、使褪色；漂白劑,,,"bleaches, bleaching, bleached"
中高級,bleak,adj.,荒涼的、陰冷的、暗淡無望的,,,"bleaker, bleakest"
中級,bleed,verb,流血,,,"bleeds, bleeding, bled"
中級,blend,verb/noun,混合、使交融；混合物,,,"blends, blending, blended, blent"
中級,bless,verb,為…祝福,,,"blesses, blessing, blessed, blest"
中級,blessing,noun,祝福、祝頌；幸事、好事,,,blessings
初級,blind,adj./verb,失明的、盲目的；使失明、蒙蔽,,,"blinder, blindest, blinds, blinding, blinded"
中級,blink,verb/noun,眨眼睛,,,"blinks, blinking, blinked"
中高級,blizzard,noun,暴風雪,,,blizzards
中高級,bloc,noun,(政治利益類似的)集團、陣營,,,blocs
初級,block,noun,街區；大樓；大塊；堵塞物、障礙物,,,blocks
初級,block,verb,堵塞；阻擋；擋住；妨礙,,,"blocks, blocking, blocked"
中高級,blockade,noun/verb,包圍、封鎖,,,"blockades, blockading, blockaded"
中級,blonde,adj./noun,金色頭髮的；金髮女郎,= blond,,"blonder, blondest, blondes"
初級,blood,noun,血液、血統,,,bloods
中級,bloody,adj.,流血的、血腥的,,,"bloodier, bloodiest"
中級,bloom,noun/verb,花；開花、綻放,,,"blooms, blooming, bloomed"
中級,blossom,noun/verb,花朵；開花,,,"blossoms, blossoming, blossomed"
中高級,blot,noun/verb,墨水漬、汙點；把墨水濺到、弄髒,,,"blots, blotting, blotted"
中高級,blot,verb,(用軟紙或布)吸乾液體,,,"blots, blotting, blotted"
初級,blouse,noun,女襯衫,,,blouses
初級,blow,verb,吹；吹奏；擤鼻子；炸毀；爆裂,,,"blows, blowing, blew, blown"
初級,blow,noun,吹；吹奏(樂器)；擤(鼻子)；重擊；打擊,,,blows
初級,blue,adj./noun,藍色的；藍色,,,"blueer, blueest, blues"
初級,blue,adj.,悲傷的、憂鬱的,,,"blueer, blueest"
中高級,blues,noun,藍調(音樂),,,
中高級,blunder,noun/verb,粗心或愚蠢的錯誤；犯大錯,,,"blunders, blundering, blundered"
中高級,blunt,adj.,(鉛筆、刀等)鈍的、不鋒利的；直率的、直截了當的,,,"blunter, bluntest"
中高級,blunt,verb,使變鈍、減弱,,,"blunts, blunting, blunted"
中高級,blur,noun/verb,模糊；使模糊不清,,,"blurs, blurring, blurred"
中級,blush,verb/noun,臉紅,,,"blushes, blushing, blushed"
初級,board,verb/noun,上(交通工具)；在船上(或其他交通工具),,,"boards, boarding, boarded"
初級,board,noun,木板、牌子、佈告欄、黑板或白板、棋盤,,,boards
初級,board,noun,董事會、理事會,,,boards
初級,board,verb/noun,寄宿、住校；(住宿處提供的)伙食、膳食,,,"boards, boarding, boarded"
中級,boast,verb/noun,吹噓、自誇,,,"boasts, boasting, boasted"
初級,boat,noun,船,,,boats
中高級,bob,verb/noun,(在水中)快速上下擺動、快速移動；快速點頭或鞠躬,,,"bobs, bobbing, bobbed"
中高級,bob,verb/noun,(水中)快速擺動；(女)齊短髮、快速點頭,,,"bobs, bobbing, bobbed"
中高級,bodily,adj.,人體的、身體的,,,
中高級,bodily,adv.,移動全身地；親身地；全體地、整體地,,,
初級,body,noun,身體、軀幹、屍體,,,bodies
中高級,bodyguard,noun,保鑣,,,bodyguards
中高級,bog,noun,沼澤,,,bogs
初級,boil,verb,(水等)沸騰,,,"boils, boiling, boiled"
中高級,boiling,adj.,炙熱的,,,
中級,bold,adj.,大膽的、勇敢無畏的；醒目的、粗體的,,,"bolder, boldest"
中高級,bolster,verb,加強、支撐、改善,,,"bolsters, bolstering, bolstered"
中高級,bolster,noun,長靠枕,,,bolsters
中高級,bolt,noun,(門窗的)閂、螺栓；閃電、霹靂,,,bolts
中高級,bolt,verb,閂上、用螺栓固定；(因受到驚嚇而)快跑、奔跑,,,"bolts, bolting, bolted"
初級,bomb,noun/verb,炸彈；投彈於、轟炸,,,"bombs, bombing, bombed"
中高級,bombard,verb,轟炸、大量信息轟炸,,,"bombards, bombarding, bombarded"
中高級,bomber,noun,轟炸機、轟炸者,,,bombers
中級,bond,noun/verb,聯繫、關係；結合、建立關係,,L6,"bonds, bonding, bonded"
中高級,bondage,noun,束縛、奴役,,,
初級,bone,noun,骨頭,,,bones
中高級,bonus,noun,津貼、獎金,,,bonuses
中級,bony,adj.,骨的、骨瘦如柴的,,,"bonier, boniest"
初級,book,noun,書、簿冊,,,books
初級,book,verb,預訂、預約,,,"books, booking, booked"
初級,bookcase,noun,書架、書櫃,,,bookcases
中級,booking,noun,預約、預訂,,,bookings
中級,booklet,noun,小冊子,,,booklets
中級,bookshelf,noun,書架,,,"bookshelves, book shelves"
初級,bookstore,noun,書店,= bookshop (British English),,bookstores
中高級,boom,noun/verb,繁榮、增長、迅速發展,,,"booms, booming, boomed"
中高級,boom,noun/verb,隆隆聲；發出隆隆聲、轟鳴,,,"booms, booming, boomed"
中高級,boost,verb/noun,使增加、幫助、提高,,,"boosts, boosting, boosted"
中級,boot,noun,靴子；猛踢、猛踹,,,boots
中級,boot,verb,猛踹、猛踢；(使電腦)啟動,,,"boots, booting, booted"
中高級,booth,noun,小亭、(有棚的)臨時貨攤、(餐廳裡的)隔間,,,booths
中級,border,noun/verb,國境、邊界；(國家或地區)與...接壤、和...毗鄰,,,"borders, bordering, bordered"
中級,bore,verb/noun,使厭煩；煩人的人或事,,,"bores, boring, bored"
初級,bored,adj.,感到無聊的、感到厭煩的,,,
中高級,boredom,noun,無聊、厭煩,,,
初級,boring,adj.,無聊的、乏味的,,,
初級,born,verb/adj.,出生、產生；天生的,,,
中高級,borough,noun,自治區、行政區,,,boroughs
初級,borrow,verb,借入、借貸,,,"borrows, borrowing, borrowed"
中高級,borrowing,noun,借貸、借款額,,,borrowings
中高級,bosom,noun,胸部、內心,,,bosoms
初級,boss,noun,老闆、上司,,,bosses
中高級,botanical,adj.,植物的、植物學的、和植物有關的,= botanic,,
中高級,botany,noun,植物學,,,
初級,both,adv./adj./pron.,兩個、兩者、雙方,,,
初級,bother,verb/noun,打擾、使人煩擾；麻煩、令人煩惱的人(或事物),,,"bothers, bothering, bothered"
初級,bottle,noun/verb,瓶子；把(液體)裝入瓶中,,,"bottles, bottling, bottled"
初級,bottom,noun/adj./verb,底部、屁股；最底下的、最後的；到達底部、降到最低點,,,"bottoms, bottoming, bottomed"
初級,bottom,noun,套裝的裙或褲,,,bottoms
中高級,boulevard,noun,林蔭大道、大街,,,boulevards
中級,bounce,verb/noun,(使)彈起、(使)反彈；蹦蹦跳跳,,,"bounces, bouncing, bounced"
中高級,bound,adj.,肯定的、必然的；(法律或道德上)有義務的、受約束的；正在前往...的、開往...的,,,
中高級,bound,verb/noun,跳躍、跳動,,,"bounds, bounding, bounded"
中高級,boundary,noun,分界線、邊界,,,boundaries
中高級,bout,noun,(疾病的)發作,,,bouts
初級,bow,verb/noun,鞠躬、點頭致意,,,"bows, bowing, bowed"
中級,bow,noun,弓；(弦樂器的)琴弓；蝴蝶結,船首 (P),,bows
中高級,bowel,noun,腸,,,bowels
初級,bowl,noun,碗、缽,,,bowls
中高級,bowler,noun,玩保齡球者、(板球)投手,,,bowlers
初級,bowling,noun,保齡球運動,,,bowlings
初級,box,noun/verb,箱、盒、方格；把...裝箱,,,"boxes, boxing, boxed"
中高級,boxer,noun,拳擊手,,,boxers
初級,boy,noun,男孩,,,boys
中級,boycott,verb/noun,抵制、拒絕購買或使用,,,"boycotts, boycotting, boycotted"
中級,boyfriend,noun,男朋友,,,boyfriends
中高級,boyhood,noun,(男子的)孩童時期,,,boyhoods
中級,bra,noun,胸罩,= brassiere,,bras
中高級,brace,verb,支撐、加固；做準備、防備,,,"braces, bracing, braced"
中高級,brace,noun,托架、支架；牙箍,,,braces
中級,bracelet,noun,手環、手鐲,,,bracelets
中高級,bracket,noun/verb,括號；用括弧括上,,,"brackets, bracketing, bracketed"
中高級,braid,noun/verb,彩色穗帶、髮辮；編辮子,,,"braids, braiding, braided"
初級,brain,noun,頭腦,,,brains
中級,brake,noun/verb,煞車,,,"brakes, braking, braked"
初級,branch,noun,樹枝；支流、岔路；分支機構,,,branches
初級,branch,verb,發出新枝；分岔、岔開,,,"branches, branching, branched"
中級,brand,noun,品牌、商標；烙印,,,brands
中級,brand,verb,打烙印於；譴責、加汙名於,,,"brands, branding, branded"
中級,brand-new,adj.,全新的、嶄新的,,,"brand-newer, brand-newest"
中級,brass,noun/adj.,黃銅、黃銅製品；黃銅的、黃銅製的,,,brasses
中級,brass,noun/adj.,銅管樂器；銅管樂器的,,,brasses
中高級,brassiere,noun,胸罩,= bra,,brassieres
初級,brave,adj.,勇敢的,,,"braver, bravest"
中級,bravery,noun,勇敢、英勇行為,,,
中高級,breach,verb,違反、違背；在...打開缺口,,,"breaches, breaching, breached"
中高級,breach,noun,(法規等的)違反、違背；(關係)中斷、終止；缺口,,,breaches
初級,bread,noun,麵包,,,breads
中高級,breadth,noun,寬度、(知識或興趣等的)廣泛,,,breadths
初級,break,verb/noun,打破、弄壞；毀壞、打破、裂縫,,,"breaks, breaking, broke, broken"
初級,break,noun,休息時間、課間休息、假期,,,breaks
初級,break,verb/noun,中止、中斷,,,"breaks, breaking, broke, broken"
初級,break,verb,違反、違背,,,"breaks, breaking, broke, broken"
中高級,breakdown,noun,故障、損壞；(關係的)破裂、(討論或系統的)失敗；精神崩潰、神經衰弱,,,breakdowns
初級,breakfast,noun,早餐,,,breakfasts
中高級,break-in,noun,闖入、入室偷竊,,,break-ins
中高級,breakthrough,noun,重大進展、突破,,,breakthroughs
中高級,breakup,noun,(關係的)破裂、中斷；(組織、國家的)分裂、分離,,,breakups
中級,breast,noun/verb,胸部、乳房；挺胸從...中擠過,,,"breasts, breasting, breasted"
中級,breath,noun,呼氣、一次吸入的空氣,,,breaths
中級,breathe,verb,呼吸,,,"breathes, breathing, breathed"
中級,breed,noun,品種；交配繁殖、飼養,,,breeds
中級,breed,verb,品種；交配繁殖、飼養,,,"breeds, breeding, bred"
中高級,breeder,noun,飼養者,,,breeders
中級,breeze,noun/verb,和風、微風；飄然而行、輕盈自信地走,,,"breezes, breezing, breezed"
中高級,brew,verb,釀製(啤酒)、泡茶或咖啡；(壞事的)即將來臨、醞釀,,,"brews, brewing, brewed"
中高級,brew,noun,啤酒；混合物,,,brews
中級,bribe,noun/verb,賄賂,,,"bribes, bribing, bribed"
初級,brick,noun,磚塊,,,bricks
中級,bride,noun,新娘,,,brides
中級,bridegroom,noun,新郎,= groom,,bridegrooms
初級,bridge,noun/verb,橋、橋梁；在...上架橋、縮短差異,,,"bridges, bridging, bridged"
初級,brief,adj.,簡短的、短暫的,,L6,"briefer, briefest"
初級,brief,noun/verb,概要、簡報；簡報、向...介紹情況,,L6,"briefs, briefing, briefed"
中級,briefcase,noun,公事包,,,briefcases
中高級,briefing,noun,簡報、簡報會,,,briefings
中高級,brigade,noun,(軍隊的)旅、(有相同主張或信念的)隊伍或團體,,,brigades
初級,bright,adj.,明亮的、鮮豔的、快樂的；聰明的,,,"brighter, brightest"
中級,brilliant,adj.,絕妙的、聰穎的,,,
初級,bring,verb,帶來、導致,,,"brings, bringing, brought"
中高級,brink,noun,(峭壁、河岸等的)邊緣、(事情發生的)邊緣,,,brinks
中高級,brisk,adj.,輕快的、生氣勃勃的,,,"brisker, briskest"
初級,Britain,noun,英國,,,
中高級,brittle,adj.,易碎的、脆弱的,,,"brittler, brittlest"
初級,broad,adj.,寬廣的、廣泛的,,,"broader, broadest"
初級,broadcast,noun/verb,廣播(節目)；廣播,,,"broadcasts, broadcasting, broadcasted"
中高級,broadcaster,noun,廣播員、廣播電台或電視公司,,,broadcasters
中高級,broaden,verb,變寬、增長(經驗或知識),,,"broadens, broadening, broadened"
中高級,brochure,noun,小冊子、資料或廣告手冊,,,brochures
中高級,broil,verb,炙烤、被曝曬,= grill,,"broils, broiling, broiled"
中高級,broil,verb,炙烤、被曝曬,,,"broils, broiling, broiled"
中級,broke,adj.,沒錢、破產,,,
中高級,broker,noun/verb,經紀人、中間人；居中安排,,,"brokers, brokering, brokered"
中高級,bronze,noun,青銅,,,bronzes
中高級,brooch,noun,胸針,"=pin, broach",,brooches
中高級,brood,noun,一窩雛鳥、一窩動物,,,broods
中高級,brood,verb,擔憂、焦慮；孵蛋,,,"broods, brooding, brooded"
中級,brook,noun,小溪、小河,,,brooks
中級,broom,noun,掃帚,,,brooms
中高級,broth,noun,(加入蔬菜烹煮的)肉湯、魚湯,,,broths
初級,brother,noun,兄弟,,,brothers
中高級,brotherhood,noun,手足情誼、兄弟關係,,,brotherhoods
中高級,brow,noun,額頭、眉毛,,,brows
初級,brown,adj./noun/verb,棕褐色的；棕褐色；(把食物)炒成褐色,,,"browner, brownest, browns, browning, browned"
中級,brownie,noun,布朗尼、巧克力方塊蛋糕,,,brownies
中級,browse,verb/noun,瀏覽,,,"browses, browsing, browsed"
中高級,bruise,noun/verb,瘀傷、碰傷；撞傷、挫傷,,,"bruises, bruising, bruised"
初級,brunch,noun,早午餐,,,brunches
初級,brush,noun/verb,刷子、畫筆、刷抹；刷、擦掉,,,"brushes, brushing, brushed"
中級,brutal,adj.,殘暴的,,,
中高級,brute,noun/adj.,野獸、殘暴的人、暴君；暴力的、蠻幹的,,,brutes
中級,bubble,noun/verb,氣泡、泡沫；冒泡,,,"bubbles, bubbling, bubbled"
中高級,buck,noun,美元；雄鹿、公兔,,,bucks
中高級,buck,verb,(馬)弓背跳躍、尥起後蹄跳躍；反抗、抵制,,,"bucks, bucking, bucked"
初級,bucket,noun,水桶、提桶,= pail,,buckets
中高級,buckle,noun/verb,(皮帶等的)扣環、鎖扣；用扣環扣住,,,"buckles, buckling, buckled"
中級,bud,noun/verb,花苞；發芽,,,"buds, budding, budded"
中級,budget,noun/verb,預算；編列預算,,,"budgets, budgeting, budgeted"
中級,buffalo,noun,水牛,,,"buffalos, buffaloes"
中高級,buffer,noun/verb,緩衝物、減震器、(電腦的)緩存區；減緩(傷害)、緩存,,,"buffers, buffering, buffered"
初級,buffet,noun,自助餐,,,buffets
初級,bug,noun,小蟲子；病菌；(電腦程式的)漏洞；竊聽器,,,bugs
初級,bug,verb,煩擾、使惱怒；裝竊聽器,,,"bugs, bugging, bugged"
初級,build,verb,建造、開闢,,,"builds, building, built"
初級,building,noun,建築物、房子,,,buildings
中高級,build-up,noun,增長、增大,"= buildup, build up",,build-ups
中高級,build-up,noun,(重要事情的)準備過程、準備期,"= buildup, build up",,build-ups
中高級,bulge,verb,塞滿、鼓脹凸起,,,"bulges, bulging, bulged"
中高級,bulge,noun,鼓起、凸起；暫時的激增、突然上漲,,,bulges
中高級,bulk,noun/verb,大部分、大規模、巨大的東西；加大、加重,,L9,"bulks, bulking, bulked"
中高級,bulky,adj.,龐大的、笨重的、高大肥胖的,,L9,"bulkier, bulkiest"
中級,bull,noun,公牛、雄象、雄鯨,,,bulls
中級,bullet,noun,子彈,,,bullets
中級,bulletin,noun,佈告、新聞快報、(機構的)簡報,,,bulletins
中高級,bully,noun/verb,仗勢欺人者、恃強凌弱者；脅迫、霸凌,,,"bullies, bullying, bullied"
中級,bump,verb/noun,碰到、撞到；碰撞聲、撞擊聲,,,"bumps, bumping, bumped"
初級,bun,noun,小圓麵包,,,buns
中級,bunch,noun,串、束、大量,,,bunches
初級,bundle,noun,束、捆,,,bundles
中高級,bunker,noun,地堡、(高爾夫球球場上的)沙坑,,,bunkers
中級,burden,noun/verb,負荷、重擔；使擔負,,,"burdens, burdening, burdened"
中級,bureau,noun,辦公處、(政府部門的)局,,,"bureaus, bureaux"
中高級,bureaucracy,noun,官僚作風、官僚體制,,,bureaucracies
中高級,bureaucrat,noun,官僚、官僚主義者,,,bureaucrats
中高級,bureaucratic,adj.,官僚的、繁文縟節的,,,
中級,burglar,noun,竊賊,,,burglars
中高級,burial,noun,埋葬、葬禮,,,burials
初級,burn,verb,燃燒、著火、發燒,,,"burns, burning, burned, burnt"
初級,burn,verb/noun,燒傷、曬傷、燙傷,,,"burns, burning, burned, burnt"
初級,burst,verb/noun,爆炸、迸裂；爆裂、迸發,,,"bursts, bursting"
中級,bury,verb,埋葬、掩埋,,,"buries, burying, buried"
初級,bus,noun,公車、大客車,,,"buses, busses"
中級,bush,noun,灌木,,,bushes
初級,business,noun,生意、公司、商務活動、職責,,,businesses
初級,businessperson,noun,商人,"=businessman, businesswoman",,businesspersons
中高級,bust,noun,半身像；胸圍；逮捕、搜捕,,,busts
中高級,bust,verb,打破、摔碎；突擊搜捕,,,"busts, busting, busted"
中高級,bust,adj.,破碎的、毀壞的,,,
初級,busy,adj.,忙碌的、繁忙的、(電話)佔線的,,,"busier, busiest"
初級,but,adv./conj./prep.,只有、僅僅；但是；除…以外,,,
中級,butcher,noun,肉商、肉舖；劊子手,,,butchers
中級,butcher,verb,屠宰、宰殺；殺戮、屠殺,,,"butchers, butchering, butchered"
初級,butter,noun/verb,奶油；塗奶油於,,,"butters, buttering, buttered"
初級,butterfly,noun,蝴蝶,,,butterflies
初級,button,noun/verb,鈕扣、按鈕；扣鈕扣,,,"buttons, buttoning, buttoned"
初級,buy,verb/noun,買；購買、買賣,,,"buys, buying, bought"
中級,buzz,verb/noun,發出嗡嗡聲；嗡嗡聲,,,"buzzes, buzzing, buzzed"
初級,by,prep./adv.,藉由、被、在旁邊、早於；經過,,,
中高級,bypass,verb/noun,繞過、避開；旁道,,,"bypasses, bypassing, bypassed"
中高級,byte,noun,(電腦訊息)位元組,,,bytes
初級,cabbage,noun,甘藍、包心菜、高麗菜,,,cabbages
中級,cabin,noun,小木屋；座艙,,,cabins
初級,cabinet,noun,櫥櫃,,,cabinets
初級,cable,noun/verb,電纜、纜繩、有線電視；鋪設電纜,,,"cables, cabling, cabled"
中高級,cactus,noun,仙人掌,,,"cactuses, cacti"
初級,cafe,noun,咖啡館,= café,,cafes
初級,cafeteria,noun,自助餐廳,,,cafeterias
中高級,caffeine,noun,咖啡因,,,caffeines
初級,cage,noun/verb,籠子；關進籠子裡,,,"cages, caging, caged"
初級,cake,noun,蛋糕,,,cakes
中高級,calcium,noun,鈣,,,calciums
中級,calculate,verb,計算,,,"calculates, calculating, calculated"
中高級,calculated,adj.,預先計畫的、蓄意的,,,
中高級,calculating,adj.,工於心計的、精明的,,,
中級,calculator,noun,計算機,,,calculators
初級,calendar,noun,日曆、曆法、行事曆,,,calendars
中高級,calf,noun,小牛；小腿肚,,,calves
初級,call,verb/noun,打電話；打電話、通話,,,"calls, calling, called"
初級,call,verb,給...命名、稱呼、把...視為,,,"calls, calling, called"
初級,call,verb/noun,呼叫、鳴叫、召喚,,,"calls, calling, called"
中高級,calligraphy,noun,書法,,,calligraphies
初級,calm,adj./verb/noun,冷靜的、平靜的；使冷靜、使鎮靜；寧靜的狀態,,,"calmer, calmest, calms, calming, calmed"
中高級,calorie,noun,(熱量)卡路里,,,calories
中級,camel,noun,駱駝,,,camels
初級,camera,noun,照相機,,,"cameras, camerae"
初級,camp,noun/verb,營地、兵營、陣營；露營、紮營,,,"camps, camping, camped"
中級,campaign,noun/verb,(尤指政治、商業或軍事的)專門活動、運動；發起運動,,,"campaigns, campaigning, campaigned"
中高級,campaigner,noun,從事社會運動者、運動倡導者,,,campaigners
初級,campus,noun,校園、校區,,,"campuses, campi"
初級,can,aux.,(助動詞)能、會、可以,,,
初級,Canada,noun,加拿大,,,
中級,canal,noun,運河,,,canals
初級,cancel,verb,取消,,,"cancels, canceling, cancelling, canceled, cancelled"
初級,cancer,noun,癌症,,,cancers
中級,candidate,noun,候選人、申請人、應試者,,,candidates
初級,candle,noun,蠟燭,,,candles
初級,candy,noun,糖果,= sweet (British English),,candies
中級,cane,noun,(某些植物的)莖；手杖、拐杖,,,canes
中高級,cannon,noun,大砲,,,cannons
中高級,cannon,verb,碰撞,,,"cannons, cannoning, cannoned"
中級,canoe,noun/verb,獨木舟；(划、乘)獨木舟,,,"canoes, canoeing, canoed"
中級,canvas,noun,帆布,,,canvases
中級,canyon,noun,峽谷,,,canyons
初級,cap,noun/verb,便帽、蓋；用...覆蓋頂部,,,"caps, capping, capped"
中高級,capability,noun,能力、性能,,,capabilities
中級,capable,adj.,有能力的,,L6,
中級,capacity,noun,容量；生產能力；(尤指人或組織的)辦事能力,,L5,capacities
中級,cape,noun,岬、海角；披風,,,capes
中級,capital,noun,資金；首都；大寫字母,,,capitals
中級,capital,adj.,首要的；大寫字母的,,,
中級,capitalism,noun,資本主義,,,
中級,capitalist,noun/adj.,資本主義者、資本家；資本主義的,,,capitalists
中高級,capsule,noun,膠囊、小盒；太空艙,,,capsules
初級,captain,noun,隊長、機長、船長、上尉,,,captains
中級,caption,noun/verb,說明文字；在圖片加說明文字,,,"captions, captioning, captioned"
中高級,captive,adj./noun,被監禁的、被關起來的；俘虜、戰俘,,,captives
中高級,captivity,noun,囚禁,,,
中級,capture,verb/noun,俘虜、捕獲,,,"captures, capturing, captured"
中級,capture,verb,(用文字或圖像)描繪；拍攝；引起(關注、興趣),,,"captures, capturing, captured"
初級,car,noun,汽車、車廂,,,cars
中高級,carbohydrate,noun,碳水化合物,,,carbohydrates
中級,carbon,noun,碳,,,carbons
初級,card,noun,卡片、紙牌、賀卡,,,cards
中高級,cardboard,noun,硬紙板,,,
中高級,cardinal,noun,樞機主教；基數；紅衣鳳頭鳥(見於北美，雄鳥為鮮紅色),,,cardinals
中高級,cardinal,adj.,極重要的、基本的,,,
初級,care,noun/verb,照顧、擔憂、謹慎；照顧、關心、在意,,,"cares, caring, cared"
初級,career,noun,職業、生涯,,,careers
中高級,carefree,adj.,無憂無慮的,,,
初級,careful,adj.,小心的、仔細的,,,
初級,careless,adj.,粗心的、不小心的,,,
中高級,caress,verb/noun,撫摸、愛撫,,,"caresses, caressing, caressed"
中高級,caretaker,noun,照顧者、護理員,= carer,,caretakers
中高級,caretaker,noun,(建築物的)管理員、看門者,,,caretakers
中級,cargo,noun,(船或飛機裝載的)貨物,,,"cargoes, cargos"
中高級,carnation,noun,康乃馨,,,carnations
中高級,carnival,noun,嘉年華、狂歡節、露天遊樂會,,,carnivals
中高級,carol,noun/verb,歡快的歌、聖誕頌歌；歡快地歌唱、唱頌歌,,,"carols, caroling, carolling, carolled, caroled"
中高級,carp,verb,不停抱怨、挑剔,,,"carps, carping, carped"
中級,carpenter,noun,木工,,,carpenters
初級,carpet,noun/verb,地毯；用地毯鋪地,,,"carpets, carpeting, carpeted"
中級,carriage,noun,四輪馬車；(火車的)車廂；貨運、運費,"車廂 = coach (British English), car (American English)",,carriages
中高級,carrier,noun,運送人、運輸工具、航空公司；病原攜帶者、帶原者,,,carriers
初級,carrot,noun,胡蘿蔔,,,carrots
初級,carry,verb,背、搬運、攜帶、運送,,,"carries, carrying, carried"
中級,cart,noun/verb,手推車、馬車；運送、搬運,,,"carts, carting, carted"
中高級,cartel,noun,同業聯盟,,,cartels
中高級,carton,noun,硬紙盒、塑膠盒,,,cartons
初級,cartoon,noun,卡通,,,cartoons
中級,carve,verb,雕刻,,,"carves, carving, carved"
初級,case,noun,箱、盒、容器；案件、案例,,,cases
初級,cash,noun/verb,現金；兌現,,,"cashes, cashing, cashed"
中高級,cashier,verb,撤銷...的軍職、免除...的軍籍,,,"cashiers, cashiering, cashiered"
中級,cashier,noun,收銀員、出納員,,,cashiers
中高級,casino,noun,賭場,,,
中級,cast,noun/verb,演員陣容；分配角色、選派角色,,,"casts, casting"
中級,cast,verb/noun,投、拋、擲,,,"casts, casting"
中級,cast,verb/noun,鑄造；鑄造物、鑄模,,,"casts, casting"
中級,cast,verb,投票,,,"casts, casting"
中高級,caste,noun,(印度社會的)種姓制度、社會階層,,,castes
初級,castle,noun,城堡、堡壘,,,castles
中級,casual,adj.,(衣服)休閒的；不在意的、漫不經心的,,,
中級,casualty,noun,傷亡人員,,,casualties
初級,cat,noun,貓、貓科動物,,,cats
中級,catalog,noun/verb,目錄；編目錄,= catalogue (British English),,"catalogs, cataloging, cataloged"
中高級,catastrophe,noun,大災難、困境、不幸事件,,,catastrophes
初級,catch,verb/noun,接住、捕捉；罹患、染病；聽見、聽清楚；趕上(交通工具)、追上,,,"catches, catching, caught"
初級,catch,noun,接球；捕獲量,,,catches
中高級,category,noun,種類、類別,,L2,categories
中高級,cater,verb,承辦宴席、提供飲食；滿足需要、迎合,,,"caters, catering, catered"
中高級,catering,noun,餐飲業、酒席承辦,,,caterings
中級,caterpillar,noun,毛毛蟲,,,caterpillars
中高級,cathedral,noun,大教堂,,,cathedrals
中級,cattle,noun,牛,,,
初級,cause,verb/noun,導致、由於；原因、理由,,,"causes, causing, caused"
中高級,caution,noun,謹慎、慎重；告誡、警告、提醒,,,cautions
中高級,caution,verb,警告、告誡,,,"cautions, cautioning, cautioned"
中高級,cautious,adj.,謹慎的,,,
中高級,cavalry,noun,騎兵,,,cavalries
中級,cave,noun/verb,洞穴；挖洞穴、使塌落,,,"caves, caving, caved"
中高級,cavity,noun,洞(孔、腔)、齲齒,,,cavities
初級,CD,noun,光碟,= compact disk,,CDs
中級,cease,verb/noun,停止；結束,,L9,"ceases, ceasing, ceased"
中高級,ceasefire,noun,停火、停戰,,,ceasefires
初級,ceiling,noun,天花板,,,ceilings
初級,celebrate,verb,慶祝、祝賀、讚揚,,,"celebrates, celebrating, celebrated"
中高級,celebrated,adj.,著名的、聞名的,,,
中級,celebration,noun,慶祝、慶典、慶祝活動,,,celebrations
中高級,celebrity,noun,名人、名氣,,,celebrities
中高級,celery,noun,芹菜,,,
初級,cell,noun,細胞；手機；小房間、牢房,手機 = cellphone,,cells
中高級,cellar,noun,地窖、地下室,,,cellars
中高級,cello,noun,大提琴,,,cellos
初級,cellphone,noun,手機,"=cell-phone, cell, mobile phone, mobile",,cellphones
中高級,Celsius,noun,攝氏溫度,"=centigrade, 縮寫C",,
中級,cement,noun/verb,水泥、黏接劑；塗上水泥、黏合,,,"cements, cementing, cemented"
中高級,cemetery,noun,墓園、公墓,,,cemeteries
中高級,census,noun,(官方的)調查、人口普查,,,censuses
初級,cent,noun,分(貨幣單位),,,cents
初級,center,noun/verb,中心點、中心區、活動中心；集中、使置中,= centre (British English),,"centers, centering, centered"
初級,centimeter,noun,公分,= centimetre (British English)；=cm.,,centimeters
初級,central,adj.,中心的,,,
初級,century,noun,一百年、世紀,,,centuries
中高級,ceramic,adj./noun,陶瓷的；陶瓷、陶瓷製品,,,ceramics
初級,cereal,noun,穀物、穀類食物,,,cereals
中級,ceremony,noun,典禮,,,ceremonies
初級,certain,adj.,肯定的、確定的、必然的,,,
初級,certainly,adv.,必定、當然,,,
中高級,certainty,noun,確實、必然,,,certainties
中級,certificate,noun/verb,證書、證明、文憑；證明、發給結業證書,,,"certificates, certificating, certificated"
中高級,certify,verb,(用書面形式)證明、證實,,,"certifies, certifying, certified"
中級,chain,noun/verb,鍊條、鎖鏈、束縛；用鏈條鎖、拴住,,,"chains, chaining, chained"
中級,chain,noun,一系列、一連串,,,chains
初級,chair,noun,椅子,,,chairs
初級,chair,noun/verb,主持人、主席、系主任；擔任主席、主持,,,"chairs, chairing, chaired"
初級,chairperson,noun,主席、董事長,"= chair, chairman, chairwoman",,chairpersons
初級,chalk,noun/verb,粉筆；用粉筆書寫,,,"chalks, chalking, chalked"
中級,challenge,noun/verb,挑戰,,L5,"challenges, challenging, challenged"
中高級,challenged,adj.,[委婉說法]有殘疾的,,L5,
中高級,challenger,noun,挑戰者,,,challengers
中高級,challenging,adj.,有挑戰性的、挑起爭論的,,,
中級,chamber,noun,(有特定用途的)房間、會議室、議院,,,chambers
中高級,champagne,noun,香檳酒,,,champagnes
中級,champion,noun,冠軍、獲勝者,,,champions
中級,champion,verb,支持、聲援、捍衛,,,"champions, championing, championed"
中級,championship,noun,錦標賽、冠軍地位,,,championships
初級,chance,noun,機會、可能性、巧合,,,chances
初級,change,verb,改變；交換、兌換,,,"changes, changing, changed"
初級,change,noun,改變；零錢,,,changes
中級,changeable,adj.,易變的、善變的,,,
初級,channel,noun,電視頻道、渠道、管道、途徑,,L7,channels
中高級,chant,verb,反覆吟唱、反覆呼喊；唱聖歌、反覆吟誦禱文,,,"chants, chanting, chanted"
中高級,chant,noun,聖歌、反覆吟詠的禱文、反覆呼喊或吟唱的話語,,,chants
中高級,chaos,noun,混亂、無秩序狀態,,,
中高級,chapel,noun,小教堂,,,chapels
中高級,chapped,adj.,(皮膚或唇)裂開的,,,
初級,chapter,noun,章節,,L2,chapters
初級,character,noun,角色、人物；個性、特徵,,,characters
中級,characteristic,noun/adj.,特徵、特色；獨特的、典型的,,,characteristics
中高級,characterize,verb,以…為特徵,= characterise (British English),,"characterizes, characterizing, characterized"
中高級,charcoal,noun,木炭,,,charcoals
初級,charge,verb,收費；指控、控告；指示、吩咐；充電,,,"charges, charging, charged"
初級,charge,noun,費用；指控、控告；職責、責任；充電量、電荷,,,charges
中高級,chariot,noun,(古時用於比賽或戰爭的)雙輪馬車,,,chariots
中高級,charitable,adj.,慈善的、慈善團體的、仁慈的,,,
中級,charity,noun,慈善事業、慈善機構、仁慈,,,charities
中級,charm,noun,魅力、吸引力；護身符、符咒,,,charms
中級,charm,verb,迷住、吸引,,,"charms, charming, charmed"
初級,chart,noun,圖表,,L8,charts
中高級,charter,noun,憲章、章程；許可證；(交通工具的)租賃,,,charters
中高級,charter,verb,特許設立、發給許可證；包租(交通工具),,,"charters, chartering, chartered"
初級,chase,verb,追趕、追捕、追求,,,"chases, chasing, chased"
初級,chat,verb/noun,聊天,,,"chats, chatting, chatted"
中高級,chatter,verb,嘮叨、喋喋不休；(動物的)鳴叫、吱吱叫；(牙齒因冷或害怕)打顫,,,"chatters, chattering, chattered"
中高級,chatter,noun,喋喋不休的談話；(動物的)鳴叫聲；牙齒打顫的咯咯聲,,,
初級,cheap,adj./adv.,便宜的、價低質劣的；便宜地、廉價地,,,"cheaper, cheapest"
初級,cheat,verb/noun,欺騙、作弊；欺騙手段、騙子,,,"cheats, cheating, cheated"
初級,check,noun,支票；帳單；檢查、核對；鉤號,支票 = cheque (British English),,checks
初級,check,verb,檢查、核對；打勾,,,"checks, checking, checked"
中高級,checkbook,noun,支票簿,=chequebook (British English),,checkbooks
中高級,checked,adj.,格子花紋的,,,
中級,check-in,noun,辦理登機手續、入住登記,,,check-ins
中級,checkout,noun,付款處、收銀台、退房結帳,,,checkouts
中高級,checkup,noun,檢查、體檢,,,checkups
中級,cheek,noun,臉頰,,,cheeks
初級,cheer,verb/noun,歡呼、鼓舞；歡呼聲、歡樂,,,"cheers, cheering, cheered"
中級,cheerful,adj.,快樂的,,,
初級,cheese,noun,起司、乳酪,,,cheeses
中高級,chef,noun,廚師、主廚,,,chefs
初級,chemical,noun/adj.,化學製品；化學的,,L7,chemicals
中級,chemist,noun,化學家,,,chemists
中級,chemistry,noun,化學、化學特性,,,chemistries
中級,cherish,verb,珍惜,,,"cherishes, cherishing, cherished"
中級,cherry,noun/adj.,櫻桃、櫻桃樹；櫻桃紅的、鮮紅色的,,,cherries
初級,chess,noun,西洋棋,,,
中級,chest,noun,胸部、胸腔,,,chests
中高級,chest,noun,(常為木製的)箱子,,,chests
中高級,chestnut,noun,栗子；栗樹；栗色、紅褐色,,,chestnuts
中高級,chestnut,adj.,栗色的、紅褐色的,,,
中級,chew,verb/noun,咀嚼,,,"chews, chewing, chewed"
中級,chick,noun,小雞、幼鳥,,,chicks
初級,chicken,noun,雞肉、雞,,,chickens
初級,chief,adj./noun,首要的、最主要的、首席的；領導人、首領,,,chiefs
初級,child,noun,小孩、兒童,,,children
中級,childbirth,noun,分娩、生孩子,,,childbirths
初級,childhood,noun,童年、孩童時期,,,childhoods
初級,childish,adj.,孩子氣的、稚嫩的、幼稚的,,,
初級,childlike,adj.,孩子般的、天真無邪的,,,
中級,chill,noun/adj./verb,寒意、寒冷；寒冷的、冷颼颼的；使變冷、使冷卻,,,"chills, chilling, chilled"
中高級,chilli,noun,辣椒,= chili,,"chilies, chiles, chillies"
中級,chilly,adj.,冷颼颼的,,,"chillier, chilliest"
中級,chimney,noun,煙囪,,,chimneys
中高級,chimpanzee,noun,黑猩猩,,,chimpanzees
初級,chin,noun,下巴,,,chins
初級,China,noun,中國,,,
中級,china,noun,瓷、瓷器,,,chinas
初級,Chinese,noun/adj.,中文、中國人；中國的、中國人的,,,
中級,chip,noun,炸薯條、炸洋芋片、炸玉米片；(電腦的)晶片；(缺落的)碎屑、碎片、 (杯碟的)缺口,,,chips
中級,chip,verb,(使)掉碎片、打破,,,"chips, chipping, chipped"
中高級,chirp,verb/noun,(鳥或蟲)發啁啾聲、唧唧叫；(鳥或蟲的)啁啾聲、唧唧聲,,,"chirps, chirping, chirped"
中高級,chisel,verb/noun,鑿、雕刻；鑿子,,,"chisels, chiselling, chiseling, chiseled, chiselled"
初級,chocolate,noun,巧克力,,,chocolates
初級,choice,noun/adj.,選擇、選項；優質的、上等的,,,"choices, choicer, choicest"
中高級,choir,noun,唱詩班、合唱團,,,choirs
中級,choke,verb/noun,(使)窒息、(使)哽噎、堵塞；窒息、哽噎、嗆住的聲音,,,"chokes, choking, choked"
中高級,cholesterol,noun,膽固醇,,,cholesterols
初級,choose,verb,選擇、挑選,,,"chooses, choosing, chose, chosen"
中級,chop,verb,剁、切、砍,,,"chops, chopping, chopped"
中級,chop,noun,(豬、羊)排骨、帶骨的肉塊,,,chops
初級,chopstick,noun,筷子,,,chopsticks
中高級,chord,noun,(音樂的)和弦、和音；弦(數學中連接圓上任一兩點的線段),,,chords
中級,chore,noun,日常事務、乏味的例行工作,,,chores
中級,chorus,noun,副歌、合唱曲、合唱團、伴唱,,,choruses
中級,Christian,adj./noun,基督教的、基督徒的；基督徒,,,Christians
初級,Christmas,noun,聖誕節,= Xmas,,
中高級,chronic,adj.,(尤指疾病)慢性的、長期的,,,
初級,chubby,adj.,圓胖的,,,"chubbier, chubbiest"
中高級,chuck,noun,(固定鑽頭等用的)卡盤、夾盤；牛肩胛肉,,,chucks
中高級,chuck,verb,(隨意地)拋、扔、甩；放棄、停止、終止(戀愛關係),,,"chucks, chucking, chucked"
中高級,chuckle,verb/noun,低聲輕笑、輕聲地笑,,,"chuckles, chuckling, chuckled"
中高級,chunk,noun,大塊、大量,,,chunks
初級,church,noun,教堂、教會,,,churches
中級,cigar,noun,雪茄,,,cigars
中級,cigarette,noun,香菸,,,cigarettes
中級,cinema,noun,電影院,,,cinemas
初級,circle,noun/verb,圓形、圓圈、圈子；畫圓圈、圈出、盤旋,,,"circles, circling, circled"
中高級,circuit,noun,環行路線、環形道路；電路、線路；巡迴、巡遊、巡迴賽,,,circuits
中級,circular,adj.,圓的、環形的、循環的,,,
中級,circular,noun,(大量送發的)通報、傳單,,,circulars
中級,circulate,verb,循環、環行；傳播、傳閱、散佈,,,"circulates, circulating, circulated"
中級,circulation,noun,血液循環、消息傳播、貨幣流通,,,circulations
中高級,circumference,noun,圓周、周長,,,circumferences
中級,circumstance,noun,條件、狀況、環境,,L3,circumstances
中級,circus,noun,馬戲團、馬戲表演,,,circuses
中高級,cite,verb,引用、引述；舉例、列舉示例；嘉獎、表彰、表揚,,L6,"cites, citing, cited"
初級,citizen,noun,公民、居民,,,citizens
初級,city,noun,城市,,,cities
中高級,civic,adj.,城市的、市民的,,,
中級,civil,adj.,平民的、國家的、民事的,,L4,"civiller, civillest"
中級,civilian,adj./noun,平民的；平民,,,civilians
中級,civilization,noun,文明、文明社會,,,civilizations
中級,civilize,verb,使文明、教化,,,"civilizes, civilizing, civilized"
初級,claim,verb,聲稱、主張；認領、索取；索款、索賠,,,"claims, claiming, claimed"
初級,claim,noun,說法、斷言；權利、所有權,,,claims
中高級,clam,noun,蛤蜊、蚌,,,clams
中高級,clamp,noun/verb,夾鉗；鉗緊、夾住,,,"clamps, clamping, clamped"
中高級,clan,noun,宗族、家族,,,clans
初級,clap,verb/noun,拍手、鼓掌,,,"claps, clapping, clapped"
中級,clarify,verb,闡明、澄清,,L8,"clarifies, clarifying, clarified"
中高級,clarity,noun,清楚、明確,,,clarities
中級,clash,noun/verb,衝突、打鬥、爭論,,,"clashes, clashing, clashed"
中高級,clasp,verb/noun,緊抱、緊握、抓緊,,,"clasps, clasping, clasped"
中高級,clasp,noun,(包、皮帶或首飾的)扣子、扣環,,,clasps
初級,class,noun,課、班級,,,classes
初級,class,noun/verb,階級、等級；把...歸類、把...分級,,,"classes, classing, classed"
初級,classic,adj./noun,古典的、典型的、經典的；經典作品、名著,,L7,classics
初級,classical,adj.,古典的、經典的、傳統的,,L7,
中級,classification,noun,分類、類別、分類法,,,classifications
中級,classify,verb,分類、區分,,,"classifies, classifying, classified"
初級,classmate,noun,同班同學,,,classmates
初級,classroom,noun,教室,,,classrooms
中高級,clause,noun,(語法的)分句、子句；(法律文件的)條款,,L5,clauses
中級,claw,noun/verb,爪、螯；用爪或指甲抓,,,"claws, clawing, clawed"
中級,clay,noun,黏土,,,clays
初級,clean,adj./verb/noun,乾淨的、清潔的；清潔、打掃；清潔、打掃,,,"cleaner, cleanest, cleans, cleaning, cleaned"
初級,clean,adj./adv.,完全的、徹底的；完全地、徹底地,,,"cleaner, cleanest"
中級,cleaner,noun,清潔工、吸塵器、清潔劑,,,cleaners
中高級,cleanse,verb,清潔(皮膚或傷口)、淨化,,,"cleanses, cleansing, cleansed"
中高級,cleanup,noun,清掃,= clean-up,,cleanups
初級,clear,verb,清除、清掃；使變清楚、使清晰,,,"clears, clearing, cleared"
初級,clear,adj.,清楚的、清晰的；暢通的、無阻礙的；不接觸的、不靠近的,,,"clearer, clearest"
初級,clear,adv.,不觸及地、不靠近地,,,"clearer, clearest"
中高級,clearance,noun,清除、清理、清掃；間距、間隙,,,clearances
中高級,clearing,noun,清掃、林中空地,,,clearings
中高級,clench,verb/noun,捏緊(拳頭)、咬緊,,,"clenches, clenching, clenched"
初級,clerk,noun,店員、職員,,,clerks
初級,clever,adj.,聰明的、機靈的、精巧的,,,"cleverer, cleverest"
初級,click,verb/noun,點按(滑鼠),,,"clicks, clicking, clicked"
中級,client,noun,客戶、委託人,,,clients
中級,cliff,noun,懸崖、峭壁,,,cliffs
初級,climate,noun,氣候,,,climates
中級,climax,noun/verb,頂點、高潮、最精采的部分；達到頂點、達到高潮,,,"climaxes, climaxing, climaxed"
初級,climb,verb/noun,爬、攀登,,,"climbs, climbing, climbed"
初級,climb,verb,上升、晉升、上漲、增長,,,"climbs, climbing, climbed"
中級,climber,noun,攀登者、登山者,,,climbers
中高級,clinch,noun,擁抱、扭抱,,,clinches
中高級,clinch,verb,贏得、成功取得,,,"clinches, clinching, clinched"
中高級,cling,verb,緊抱、抓緊；黏住、附著、貼近,,,"clings, clinging, clung"
中級,clinic,noun,診所、醫院門診、門診時間,,,clinics
中高級,clinical,adj.,門診的、臨床的,,,
中級,clip,verb,修剪；(用夾子)夾住,,,"clips, clipping, clipped"
中級,clip,noun,修剪；夾子、迴紋針；(電影或電視節目的)剪輯、片段,,,clips
初級,clock,noun,時鐘,,,clocks
中高級,clockwise,adv./adj.,順時針方向地；順時針方向的,,,
中高級,clone,noun/verb,無性繁殖、複製、複製品；無性繁殖、複製,,,"clones, cloning, cloned"
初級,close,verb,關閉(門窗)、合攏；(商點或場所)關門、不開放、停業,,,"closes, closing, closed"
初級,close,verb/noun,結束、停止；結局、結尾,,,"closes, closing, closed"
初級,close,adj./adv.,(空間或時間上)靠近、接近,,,"closer, closest"
初級,close,adj.,親密的、密切的,,,"closer, closest"
中高級,closed,adj.,閉關自守的、不接受新思想的,,,
初級,closet,noun,衣櫥、壁櫥,,,closets
中高級,closure,noun,關閉、停業、倒閉,,,closures
中級,cloth,noun,布、布料、抹布,,,cloths
中級,clothe,verb,給...穿衣、為...提供衣服,,,"clothes, clothing, clothed"
初級,clothes,noun,衣服,,,
中級,clothing,noun,衣服、服裝,,,
中級,cloud,noun,雲、雲狀物、(網路)雲端,,,clouds
中級,cloud,verb,(雲、煙等)遮蔽、使模糊,,,"clouds, clouding, clouded"
初級,cloudy,adj.,多雲的、陰天的,,,"cloudier, cloudiest"
中高級,clover,noun,苜蓿、三葉草,,,clovers
中級,clown,noun/verb,小丑；扮小丑、扮傻,,,"clowns, clowning, clowned"
初級,club,noun,俱樂部、社團,,,clubs
中級,clue,noun,線索,,,clues
中級,clumsy,adj.,笨拙的、不靈活的、笨手笨腳的,,,"clumsier, clumsiest"
中高級,cluster,noun/verb,團、串；成簇、群聚,,,"clusters, clustering, clustered"
中高級,clutch,verb/noun,緊握、抱緊、(因害怕或痛苦)突然抓住,,,"clutches, clutching, clutched"
中高級,clutch,noun,離合器、離合器踏板；勢力範圍、控制、掌管；一群(人或動物)、一批 (物品),,,clutches
初級,coach,noun/verb,教練；培訓、指導,,,"coaches, coaching, coached"
中級,coal,noun,煤,,,coals
中高級,coalition,noun,聯合、(政黨或國家)結盟,,,coalitions
中級,coarse,adj.,粗糙的、不光滑的；粗俗的、粗魯無禮的,,,"coarser, coarsest"
初級,coast,noun,海岸,,,coasts
中高級,coastal,adj.,沿海的,,,
中高級,coastline,noun,海岸線,,,coastlines
初級,coat,noun,外套、大衣,,,coats
中高級,cocaine,noun,古柯鹼,,,
中級,cock,noun,公雞、雄鳥,,,cocks
中高級,cockpit,noun,(飛機或船的)駕駛艙、(賽車的)駕駛座,,,cockpits
初級,cockroach,noun,蟑螂,= roach,,cockroaches
中級,cocktail,noun,雞尾酒,,,cocktails
中級,cocoa,noun,可可粉、熱可可,,,cocoas
中級,coconut,noun,椰子,,,coconuts
中高級,cocoon,noun/verb,繭、保護膜、避風港；將...裹住、把...包緊,,,"cocoons, cocooning, cocooned"
中級,code,noun,密碼、代碼、編碼；法規、行為準則、規範,,L4,codes
中級,code,verb,把...譯成密碼、編碼,,L4,"codes, coding, coded"
初級,coffee,noun,咖啡,,,coffees
中高級,coffin,noun,棺材、靈柩,,,coffins
中高級,coherent,adj.,(看法、論點)連貫的、條理清晰的,,L9,
中高級,coil,noun/verb,(繩索、頭髮或電線等的)捲、圈；盤繞、捲成捲狀,,,"coils, coiling, coiled"
初級,coin,noun,硬幣,,,coins
中高級,coincide,verb,同時發生、相符、一致,,L9,"coincides, coinciding, coincided"
中級,coincidence,noun,巧合、同時發生,,,coincidences
初級,Coke,noun,可口可樂,,,
初級,cola,noun,可樂,= Coke,,colas
初級,cold,adj./noun,冷的、冷淡的；寒冷、感冒,,,"colder, coldest, colds"
中高級,collaboration,noun,合作、勾結,,,collaborations
中級,collapse,verb/noun,倒塌、崩潰、失敗、昏倒,,L10,"collapses, collapsing, collapsed"
中級,collar,noun,衣領、項圈,,,collars
中級,colleague,noun,同事,,L10,colleagues
初級,collect,verb,收集,,,"collects, collecting, collected"
中高級,collected,adj.,冷靜的、鎮定的,,,
中高級,collected,adj.,收集成冊的、收集成系列的,,,
初級,collection,noun,收藏品、收集,,,collections
中高級,collective,adj./noun,集體的、共同的；企業集團、集體企業,,,collectives
中高級,collector,noun,收集者、收藏家,,,collectors
初級,college,noun,大學、學院,,,colleges
中高級,collide,verb,相撞、衝突,,,"collides, colliding, collided"
中高級,collision,noun,碰撞(事故)、衝突牴觸,,,collisions
中高級,colloquial,adj.,口語的,,,
中高級,colonel,noun,上校,,,colonels
中高級,colonial,adj./noun,殖民的、殖民主義的、具有殖民地風格的；殖民地居民,,,colonials
中級,colony,noun,殖民地、群體、群落,,,colonies
初級,color,noun/verb,顏色；著色,= colour (British English),,"colors, coloring, colored"
中級,colored,adj.,彩色的、有...色彩的,,,
初級,colorful,adj.,色彩豐富的,= colourful (British English),,
中級,column,noun,(書報雜誌上的)欄、專欄；石柱、紀念柱；(人或車輛的)縱隊、長列,,,columns
中高級,columnist,noun,專欄作家,,,columnists
初級,comb,noun/verb,梳子；梳理,,,"combs, combing, combed"
中高級,combat,noun/verb,戰鬥、打鬥,,,"combats, combating, combatting, combated, combatted"
中級,combination,noun,組合、結合、混合,,,combinations
中級,combine,verb,結合、混合,,,"combines, combining, combined"
初級,come,verb,來,,,"comes, coming, came"
中高級,comeback,noun,復出、再度受歡迎,,,comebacks
中級,comedian,noun,喜劇演員,,,comedians
中高級,comedown,noun,衰落、落魄,,,comedowns
中級,comedy,noun,喜劇,,,comedies
中高級,comet,noun,彗星,,,comets
中級,comfort,verb,安慰、撫慰,,,"comforts, comforting, comforted"
中級,comfort,noun,舒服；安慰、慰藉、令人感到安慰的人事物；舒適的設施或條件,,,comforts
初級,comfortable,adj.,舒適的,,,
初級,comic,adj.,滑稽的、好笑的,,,
初級,comic,noun,漫畫,,,comics
中級,coming,adj./noun,即將到來的、下一個的；到來、來臨,,,comings
中高級,comma,noun,逗號,,,commas
初級,command,verb/noun,命令、指揮、掌握,,,"commands, commanding, commanded"
中級,commander,noun,指揮官,,,commanders
中高級,commemorate,verb,紀念、緬懷,,,"commemorates, commemorating, commemorated"
中高級,commence,verb,開始,,L9,"commences, commencing, commenced"
中高級,commend,verb,稱讚、表揚、推薦,,,"commends, commending, commended"
初級,comment,noun/verb,評論,,L3,"comments, commenting, commented"
中高級,commentary,noun,評論、註釋、實況報導,,,commentaries
中高級,commentator,noun,評論員、實況播音員,,,commentators
中級,commerce,noun,商業、貿易,,,
中級,commercial,adj./noun,商業的、商業化的、以營利為目的的；商業廣告,,,commercials
中級,commission,noun/verb,委任、委員會；委託,,L2,"commissions, commissioning, commissioned"
中級,commission,noun,佣金、手續費,,L2,commissions
中高級,commissioner,noun,委員、專員、(政府部門的)首長或長官,,,commissioners
中級,commit,verb,犯(罪、錯)；承諾、致力於、投入(時間或金錢),,L4,"commits, committing, committed"
中級,commitment,noun,承諾、保證、奉獻,,L4,commitments
中級,committee,noun,委員會,,,committees
中高級,commodity,noun,商品、貨物、有價值的事物,,L8,commodities
初級,common,adj.,常見的、共同的,,,"commoner, commonest"
中高級,commonplace,adj./noun,平凡的、普通的；常見的事,,,commonplaces
中高級,commonwealth,noun,聯邦、自治政區,,,commonwealths
中高級,communal,adj.,共享的、公共的,,,
中級,communicate,verb,交流、溝通,,L4,"communicates, communicating, communicated"
中級,communication,noun,交流、溝通,,,communications
中高級,communicative,adj.,健談的、溝通的、語言交際能力的,,,
中高級,communism,noun,共產主義,,,
中級,communist,adj./noun,共產主義的、共產黨的；共產主義者、共產黨員,,,communists
中級,community,noun,社區、團體,,L2,communities
中高級,commute,verb/noun,通勤,,,"commutes, commuting, commuted"
中高級,commute,verb,用...替代、變換；減輕(刑罰),,,"commutes, commuting, commuted"
中高級,commuter,noun,通勤者,,,commuters
中高級,compact,adj./verb/noun,小型的、結實的、簡潔的；使緊密；小型車,,,"compacts, compacting, compacted"
中級,companion,noun/verb,同伴、陪伴；陪伴,,,"companions, companioning, companioned"
中高級,companionship,noun,友誼、情誼,,,
初級,company,noun,公司；陪伴,,,companies
中高級,comparable,adj.,(大小、數量或品質上)相當的、類似的,,,
中級,comparative,adj./noun,相對的、比較的；(形容詞或副詞的)比較級,,,comparatives
初級,compare,verb,比較,,,"compares, comparing, compared"
中級,comparison,noun,比較、對比,,,comparisons
中高級,compartment,noun,車廂隔間、隔間,,,compartments
中高級,compass,noun,羅盤、指南針、圓規；範圍、界線,,,compasses
中高級,compass,verb,包圍,,,"compasses, compassing, compassed"
中高級,compassion,noun,同情、憐憫,,,
中高級,compassionate,adj.,有同情心的,,,
中高級,compatible,adj.,相容的、可共存的,,L9,
中高級,compel,verb,強迫、迫使,,,"compels, compelling, compelled"
中高級,compelling,adj.,(理由或論證等)令人信服的、很有說服力的；引人入勝的、令人信服的,,,
中高級,compensate,verb,賠償、彌補,,L3,"compensates, compensating, compensated"
中高級,compensation,noun,補償、補償物、賠償金,,,compensations
中級,compete,verb,競爭、參加比賽,,,"competes, competing, competed"
中高級,competence,noun,能力、本領；(法庭、機構或人的)權限、管轄權,,,competences
中高級,competent,adj.,有能力的、稱職的、合格的,,,
中高級,competing,adj.,只能選其一的、不能同時接受的,,,
中級,competition,noun,競賽、競爭,,,competitions
中級,competitive,adj.,競爭的、(價格、服務等)有競爭力的,,,
中級,competitor,noun,競爭者、參賽者,,,competitors
中高級,compile,verb,編纂、編譯,,L10,"compiles, compiling, compiled"
初級,complain,verb,抱怨,,,"complains, complaining, complained"
中級,complaint,noun,埋怨、投訴,,,complaints
中高級,complement,verb/noun,補充、使完美；補充物、足數、(語法)補語,,L8,"complements, complementing, complemented"
初級,complete,verb/adj.,完成、使完整；完全的、完整的,,,"completes, completing, completed"
中級,complex,adj./noun,複雜的、難懂的；複合物、建築群、綜合大樓,,L2,complexes
中高級,complex,noun,(尤指過去的不快經驗造成的)情結,,L2,complexes
中高級,complexion,noun,面色、氣色、性質,,,complexions
中高級,complexity,noun,複雜性、難懂,,,complexities
中級,complicate,verb,使複雜化、使費解、使(疾病)惡化,,,"complicates, complicating, complicated"
中高級,complication,noun,複雜(化)、困難、併發症,,,complications
中級,compliment,noun/verb,稱讚、道賀；讚美、稱讚,,,"compliments, complimenting, complimented"
中高級,comply,verb,遵守、服從,,,"complies, complying, complied"
中高級,component,noun/adj.,構成要素、成分、零件；組成的、構成的,,L3,components
中級,compose,verb,組成、構成；作曲、撰寫(信函、講稿、詩歌等),,,"composes, composing, composed"
中級,composer,noun,作曲家,,,composers
中高級,composite,adj./noun,合成的、複合的；合成物,,,composites
中級,composition,noun,作文、作曲、作品；成分、結構,,,compositions
中級,compound,noun/adj./verb,化合物、複合物、複合詞；複合的；使混合,,L5,"compounds, compounding, compounded"
中級,compound,verb,使惡化、使加劇,,L5,"compounds, compounding, compounded"
中高級,comprehend,verb,理解、領悟,,,"comprehends, comprehending, comprehended"
中級,comprehension,noun,理解力、理解力測試,,,comprehensions
中高級,comprehensive,adj.,詳盡的、全面的,,L7,
中高級,compress,noun,(止血消炎用)敷布,,,compresses
中高級,compress,verb,壓縮、壓緊、精簡(資訊、文字等),,,"compresses, compressing, compressed"
中高級,comprise,verb,包括、組成,,L7,"comprises, comprising, comprised"
中高級,compromise,noun/verb,妥協、折衷、讓步,,,"compromises, compromising, compromised"
中高級,compulsory,adj.,義務的、必修的、強制的,,,
中級,compute,verb,計算,,L2,"computes, computing, computed"
初級,computer,noun,電腦,,,computers
中高級,computerize,verb,使電腦化、用電腦處理,,,"computerizes, computerizing, computerized"
中高級,computing,noun,電腦操作、電腦學,,,computings
中高級,comrade,noun,戰友、(共產黨的)同志,,,comrades
中高級,con,noun,騙局；不利條件、弊病,,,cons
中高級,con,verb,欺詐、詐騙,,,"cons, conning, conned"
中級,conceal,verb,隱藏、掩飾,,,"conceals, concealing, concealed"
中高級,concede,verb,(勉強地)承認、認輸、讓步,,,"concedes, conceding, conceded"
中高級,conceit,noun,自負、驕傲自大；(尤指詩歌中)巧妙的比喻,,,conceits
中高級,conceive,verb,構想、抱持(想法、感情)；受孕、懷孕,,L10,"conceives, conceiving, conceived"
中級,concentrate,verb,專心、專注、集中(注意力),,L4,"concentrates, concentrating, concentrated"
中級,concentration,noun,專注、重視、集中,,,concentrations
中級,concept,noun,概念,,L1,concepts
中高級,conception,noun,構想、概念、理解；懷孕、受孕,,L1,conceptions
初級,concern,noun/verb,擔心、關心,,,"concerns, concerning, concerned"
中級,concerning,prep.,關於,,,
中級,concert,noun,音樂會、演唱會,,,concerts
中高級,concession,noun,妥協、讓步、承認,,,concessions
中高級,concise,adj.,簡明扼要的,,,
中級,conclude,verb,作出結論、斷定、結束,,L2,"concludes, concluding, concluded"
中級,conclusion,noun,結論、結尾,,,conclusions
中級,concrete,noun/verb,混凝土；用混凝土覆蓋,,,"concretes, concreting, concreted"
中級,concrete,adj.,具體的、有形的,,,
中高級,condemn,verb,譴責、判刑、迫使處於(不幸狀態),,,"condemns, condemning, condemned"
中高級,condemnation,noun,譴責、定罪,,,condemnations
中高級,condense,verb,(使氣體)凝結、濃縮(液體)、簡縮(文字等),,,"condenses, condensing, condensed"
中級,condition,verb,使適應、使習慣於；為...的條件；使健康、養護(頭髮、皮膚等),,,"conditions, conditioning, conditioned"
中級,condition,noun,狀況、狀態；條件、環境；條款,,,conditions
中高級,condom,noun,保險套,,,condoms
中級,conduct,verb,執行、引導、指揮(合唱團或樂隊)；表現、舉止,,L2,"conducts, conducting, conducted"
中級,conduct,noun,行為、舉止,,L2,
中級,conductor,noun,(合唱團或樂隊的)指揮、列車長,,,conductors
中級,cone,noun,圓錐體、冰淇淋筒,,,cones
中高級,confederation,noun,聯盟、(加拿大)聯邦,,,confederations
中高級,confer,verb,商討、協商；授予(獎項、學位、榮譽等),,L4,"confers, conferring, conferred"
中級,conference,noun,會議、研討會,,L4,conferences
中級,confess,verb,承認(錯誤或罪行)、坦白,,,"confesses, confessing, confessed"
中高級,confession,noun,認罪、承認、告解,,,confessions
中級,confidence,noun,信心、自信,,,confidences
初級,confident,adj.,自信的,,,
中高級,confidential,adj.,機密的、祕密的,,,
中高級,configuration,noun,結構、配置、格局,,,configurations
中級,confine,verb,限制、監禁,,L9,"confines, confining, confined"
初級,confirm,verb,確認,,L7,"confirms, confirming, confirmed"
初級,conflict,noun,衝突,,L5,conflicts
中高級,conform,verb,順從、遵守、相符合,,L8,"conforms, conforming, conformed"
中級,confront,verb,面臨(困境)、克服、對抗,,,"confronts, confronting, confronted"
中級,confrontation,noun,對抗、衝突,,,confrontations
初級,Confucius,noun,孔子,,,
初級,confuse,verb,使…困惑,,,"confuses, confusing, confused"
中級,confusion,noun,困惑、混淆、混亂局面,,,confusions
中級,congratulate,verb,祝賀、道賀,,,"congratulates, congratulating, congratulated"
初級,congratulation,noun,祝賀,,,
中級,congress,noun,代表大會、國會、議會,,,congresses
中高級,congressional,adj.,立法機關的、(美國)國會的,,,
中高級,congressman,noun,國會議員、(尤指美國的)眾議會議員,,,congressmans
中高級,congresswoman,noun,(美國眾議院)國會女議員,,,congresswomans
中級,conjunction,noun,(語法)連接詞；結合、同時發生、與...一起,,,conjunctions
中級,connect,verb,連接、和...有關聯、與(人)建立良好關係,,,"connects, connecting, connected"
中級,connection,noun,聯繫、關聯、連接,,,connections
中級,conquer,verb,征服、戰勝,,,"conquers, conquering, conquered"
中高級,conquest,noun,征服、佔領地、被俘虜的人,,,conquests
中級,conscience,noun,良心,,,consciences
中高級,conscientious,adj.,有良心的、認真勤勉的、謹慎的,,,
中級,conscious,adj.,有知覺的、意識到的,,,
中高級,consciousness,noun,知覺、意識,,,consciousnesses
中高級,consecutive,adj.,連續不斷的,,,
中高級,consensus,noun,共識,,L3,consensuses
中高級,consent,noun/verb,同意、贊成,,L3,"consents, consenting, consented"
中級,consequence,noun,結果、後果,,L2,consequences
中級,consequent,adj.,隨之發生的,,L2,
中高級,conservation,noun,(對自然環境或歷史建築的)保育、保護、節約,,,conservations
中級,conservative,adj./noun,保守的；保守者,,,conservatives
中高級,conserve,verb,保存、保護、節約,,,"conserves, conserving, conserved"
中高級,conserve,noun,蜜餞、糖漬食品,,,conserves
初級,consider,verb,考慮、認為,,,"considers, considering, considered"
中級,considerable,adj.,相當大的、相當多的、可觀的,,L3,
中級,considerate,adj.,體貼的,,,
中級,consideration,noun,考慮、需考慮之事、體貼,,,considerations
中高級,considering,prep./conj./adv.,考慮到、就...而言、鑒於,,,
中級,consist,verb,在於、由…組成,,L1,"consists, consisting, consisted"
中級,consistent,adj.,持續的、始終如一的；一致的、吻合的,,,
中高級,consolation,noun,安慰、慰藉,,,consolations
中高級,console,verb,安慰、慰問,,,"consoles, consoling, consoled"
中高級,consolidate,verb,鞏固、加強；合併、聯合,,,"consolidates, consolidating, consolidated"
中級,consonant,noun,子音,,,consonants
中高級,consortium,noun,財團、聯營企業,,,"consortiums, consortia"
中高級,conspicuous,adj.,顯眼的、引人注目的,,,
中高級,conspiracy,noun,陰謀、密謀,,,conspiracies
中高級,constable,noun,(低階)警察,,,constables
中級,constant,adj.,連續不斷的、固定的,,L3,
中高級,constituency,noun,選區、選區選民、支持者,,,constituencies
中高級,constituent,noun,成分、要素；選民,,,constituents
中高級,constituent,adj.,構成的,,,
中級,constitute,verb,組成、構成；被視為；(合法或正式地)設立、成立,,L1,"constitutes, constituting, constituted"
中級,constitution,noun,結構、構造；憲法、章程；體質、體格,,,constitutions
中高級,constitutional,adj.,符合憲法的、憲法准許的；體質的,,,
中高級,constrain,verb,強迫、限制,,L3,"constrains, constraining, constrained"
中高級,constraint,noun,限制、約束,,,constraints
中級,construct,verb/noun,建造、組成；概念、構想,,L2,"constructs, constructing, constructed"
中級,construction,noun,建造、結構、建築物,,,constructions
中級,constructive,adj.,建設性的、有助益的,,,
中級,consult,verb,諮詢、商議,,L5,"consults, consulting, consulted"
中級,consultant,noun,顧問,,,consultants
中高級,consultation,noun,諮詢、商議、協商會,,,consultations
中級,consume,verb,消耗、花費；(大量地)吃、喝,,L2,"consumes, consuming, consumed"
中級,consumer,noun,消費者、用戶,,,consumers
中高級,consuming,adj.,消耗(時間或精力)的、(感情)強烈的,,,
中高級,consumption,noun,消耗(量)、消費,,,consumptions
初級,contact,noun/verb,聯繫、接觸;聯繫,,L5,"contacts, contacting, contacted"
初級,contact lens,noun,隱形眼鏡,,,contact lenses
中高級,contagious,adj.,(疾病)接觸傳染的、(人)患傳染病的、(情感)具感染力的,,,
初級,contain,verb,包含,,,"contains, containing, contained"
中級,container,noun,容器,,,containers
中高級,contaminant,noun,污染物,,,contaminants
中高級,contaminate,verb,污染、玷汙,,,"contaminates, contaminating, contaminated"
中高級,contemplate,verb,仔細考慮、思忖、凝視,,,"contemplates, contemplating, contemplated"
中高級,contemplation,noun,深思、凝視,,,contemplations
中級,contemporary,adj./noun,當代的、同時期的；同時代的人、同輩,,L8,contemporaries
中高級,contempt,noun,輕蔑、鄙視,,,
中高級,contend,verb,聲稱、主張；競爭、爭奪,,,"contends, contending, contended"
中高級,contender,noun,競爭者、角逐者,,,contenders
中級,content,adj./verb,滿意的、知足的；滿足於,,,"contents, contenting, contented"
中級,content,noun,內容、目錄,名詞常使用複數形態,,contents
中高級,contention,noun,爭論、論點,,,contentions
中高級,contentment,noun,滿意、知足,,,
中級,contest,noun/verb,比賽、競爭；競爭、爭取、爭辯,,,"contests, contesting, contested"
中高級,contestant,noun,競賽選手、競爭者,,,contestants
中級,context,noun,語境、上下文、(事情發生的)背景,,L1,contexts
中級,continent,noun,洲、大陸,,,continents
中級,continental,adj.,洲的、大陸的,,,
中高級,contingent,noun,(代表某一組織或國家的)代表團、(軍隊的)小分隊；偶然事件,,,contingents
中高級,contingent,adj.,視...而定的、取決於...的；偶然的、可能的,,,
中級,continual,adj.,頻繁的、連續的,,,
初級,continue,verb,繼續,,,"continues, continuing, continued"
中高級,continuity,noun,連續性、連貫,,,continuities
中級,continuous,adj.,不斷的、連續的,,,
初級,contract,noun/verb,合約；訂約,,L1,"contracts, contracting, contracted"
中高級,contractor,noun,承包商,,,contractors
中高級,contradict,verb,反駁、牴觸,,L8,"contradicts, contradicting, contradicted"
中高級,contradiction,noun,矛盾、牴觸、反駁,,,contradictions
中高級,contradictory,adj.,相互矛盾的、不一致的,,,
中級,contrary,adj./noun,相反的、完全不同的；反面、相反事物,,L7,contraries
中級,contrast,noun/verb,差異、對比；對比、顯出明顯差異,,L4,"contrasts, contrasting, contrasted"
中級,contribute,verb,貢獻、捐款；投稿、撰稿,,L3,"contributes, contributing, contributed"
中級,contribution,noun,貢獻、捐款、捐助；投稿,,,contributions
中高級,contributor,noun,捐贈者、貢獻者；投稿人,,,contributors
中高級,contrive,verb,設計、發明；巧妙安排、策畫；設法做到,,,"contrives, contriving, contrived"
初級,control,noun/verb,控制,,,"controls, controlling, controling, controlled, controled"
中高級,controller,noun,管理者、指揮者；控制器、調節器,,,controllers
中高級,controversial,adj.,有爭議的,,L9,
中高級,controversy,noun,爭議、辯論,,L9,controversies
中高級,convene,verb,召開、開會,,L3,"convenes, convening, convened"
中級,convenience,noun,便利性、便利設施,,,conveniences
初級,convenience store,noun,便利商店,,,convenience stores
初級,convenient,adj.,方便的,,,
中級,convention,noun,傳統、習俗、常規；大會、會議；公約、協定,,,conventions
中級,conventional,adj.,遵循常規的、傳統的,,,
中高級,converge,verb,相交、會合、聚集,,,"converges, converging, converged"
初級,conversation,noun,對話,,,conversations
中級,converse,verb,交談,,L9,"converses, conversing, conversed"
中高級,conversely,adv.,相反地,,L9,
中高級,conversion,noun,改變、轉換、改變信仰或態度,,L7,conversions
中高級,convert,verb/noun,轉換、改變信仰；皈依者,,L7,"converts, converting, converted"
中高級,convertible,noun/adj.,敞篷車；可轉換的、可兌換的,,,convertibles
中級,convey,verb,表達、傳送,,,"conveys, conveying, conveyed"
中高級,convict,verb/noun,證明有罪、定罪；服刑囚犯,,,"convicts, convicting, convicted"
中高級,conviction,noun,定罪、判罪；信念、堅信,,,convictions
中級,convince,verb,使相信、說服,,L10,"convinces, convincing, convinced"
中高級,convoy,noun/verb,(尤指有護衛的)艦隊、車隊；護衛、護送,,,"convoys, convoying, convoyed"
初級,cook,verb/noun,烹調；廚師,,,"cooks, cooking, cooked"
中級,cooker,noun,爐具,,,cookers
初級,cookie,noun,(甜)餅乾,,,cookies
初級,cool,adj./verb,涼快的、酷的；使冷卻,,,"cooler, coolest, cools, cooling, cooled"
中級,cooperate,verb,合作、配合,,L6,"cooperates, cooperating, cooperated"
中級,cooperation,noun,合作、配合,,,cooperations
中級,cooperative,adj./noun,合作的、配合的；合作企業,,,cooperatives
中高級,coordinate,verb,協調、相配,,L3,"coordinates, coordinating, coordinated"
中高級,coordinate,adj.,同一類別的、同等重要的,,L3,
中高級,coordinate,noun,座標,,L3,coordinates
中高級,cop,noun,警察、員警；逮捕、拘捕,,,cops
中高級,cop,verb,逮捕、拘捕；抓、拿、握,,,"cops, copping, copped"
中級,cope,verb,處理、應付,,,"copes, coping, coped"
中級,copper,noun/adj.,銅、紫銅色；銅製的、紫銅色的,,,coppers
初級,copy,noun/verb,副本；複製,,,"copies, copying, copied"
中高級,copyright,noun,版權、著作權,,,copyrights
中高級,coral,noun/adj.,珊瑚、珊瑚色的,,,corals
中級,cord,noun,線、繩,,,cords
中高級,cordial,adj.,熱情友好的、誠摯的,,,
中高級,core,noun/verb,果核、核心；去核,,L3,"cores, coring, cored"
中高級,cork,noun/verb,軟木塞、用軟木塞封瓶,,,"corks, corking, corked"
初級,corn,noun,玉米,,,corns
初級,corner,noun,角落、轉角,,,corners
中高級,corporate,adj.,公司的、法人的,,L3,
中級,corporation,noun,(大)公司,= Corp.,,corporations
中高級,corps,noun,兵團、部隊、(從事特定工作的)團、組,,,
中高級,corpse,noun,屍體,,,corpses
初級,correct,adj./verb,正確的；改正,,,"corrects, correcting, corrected"
中高級,correction,noun,修正、改正、懲治,,,corrections
中高級,correlate,verb,相互關聯,,,"correlates, correlating, correlated"
中高級,correlation,noun,相關性、關聯,,,correlations
中級,correspond,verb,一致、符合；通信,,L3,"corresponds, corresponding, corresponded"
中高級,correspondence,noun,關聯；通信、信件,,,correspondences
中高級,correspondent,adj.,一致的、對應的,,,
中級,correspondent,noun,記者、通信者,,,correspondents
中級,corridor,noun,走廊、通道,,,corridors
中高級,corrode,verb,侵蝕、腐蝕、損害,,,"corrodes, corroding, corroded"
中高級,corrupt,adj./verb,貪污腐敗的、墮落的；使腐敗,,,"corrupts, corrupting, corrupted"
中高級,corruption,noun,貪污腐敗、 墮落、腐爛,,,corruptions
中高級,cosmetic,adj.,化妝用的、表面的,,,
中高級,cosmetics,noun,化妝品,,,cosmeticses
中高級,cosmic,adj.,宇宙的,,,
中高級,cosmopolitan,adj.,來自世界各地的、國際性的,,,
中高級,cosmopolitan,noun,見多識廣者,,,cosmopolitans
初級,cost,noun/verb,費用、成本；花費,,,"costs, costing, costed"
中高級,costing,noun,成本計算,,,costings
中級,costly,adj.,昂貴的、代價高的,,,"costlier, costliest"
中級,costume,noun,戲服,,,costumes
中級,cottage,noun,小屋,,,cottages
初級,cotton,noun,棉,,,cottons
初級,couch,noun,沙發,,,couches
初級,cough,verb/noun,咳嗽,,,"coughs, coughing, coughed"
初級,could,aux.,can的過去式,,,
中級,council,noun,委員會、地方議會,,,councils
中高級,councilor,noun,(州、市、鎮等)議會議員,= councillor (British English),,councilors
中高級,counsel,verb,提供諮詢、勸告,,,"counsels, counseling, counselling, counselled, counseled"
中高級,counsel,noun,建議、忠告；律師,,,counsels
中高級,counselor,noun,顧問、輔導員,= counsellor (British English),,counselors
初級,count,verb/noun,數、計算；計數、計算,,,"counts, counting, counted"
中高級,countable,adj.,可數的,,,
中級,counter,noun,櫃檯、計數器,,,counters
中級,counter,verb,反駁,,,"counters, countering, countered"
中高級,counterclockwise,adv./adj.,逆時針方向地；逆時針方向的,,,
中高級,counterpart,noun,對應的人(或物),,,counterparts
中高級,countless,adj.,無數的、不計其數的,,,
初級,country,noun,國家；鄉下,,,countries
初級,countryside,noun,鄉間,,,
初級,county,noun,縣、郡,,,counties
中高級,coup,noun,意想不到的成功；政變,,,coups
初級,couple,noun,一對、幾個、一對情侶或夫妻,,L7,couples
中高級,coupon,noun,優惠券、配給券,,,coupons
初級,courage,noun,勇氣,,,
中級,courageous,adj.,勇敢的,,,
中高級,courier,noun,信差、遞送員,,,couriers
初級,course,noun,課程,,,courses
初級,court,noun,法庭；球場,,,courts
中級,courteous,adj.,有禮貌的,,,
中級,courtesy,noun,禮貌,,,courtesies
中高級,courtyard,noun,庭院、天井,,,courtyards
初級,cousin,noun,堂(表)兄弟姊妹,,,cousins
初級,cover,verb/noun,遮蓋、涵蓋；覆蓋物、封面,,,"covers, covering, covered"
中高級,coverage,noun,新聞報導、覆蓋範圍,,,coverages
中高級,covering,noun,覆蓋物,,,coverings
中高級,covet,verb,貪圖、覬覦,,,"covets, coveting, coveted"
初級,cow,noun,母牛,,,cows
中級,coward,adj./noun,膽小的；懦夫,,,cowards
中高級,cowardly,adj.,膽小懦弱的,,,
中級,cowboy,noun,牛仔,,,cowboys
中高級,cozy,adj.,舒適愜意的,= cosy (British English),,"cozier, coziest"
初級,crab,noun,螃蟹,,,crabs
中級,crack,noun/verb,裂縫；斷裂,,,"cracks, cracking, cracked"
中高級,crackdown,noun,鎮壓、打擊,,,crackdowns
中高級,cracker,noun,薄脆餅乾；爆竹、彩色拉炮,,,crackers
中級,cradle,noun,搖籃、發源地,,,cradles
中級,cradle,verb,輕輕地抱著,,,"cradles, cradling, cradled"
中級,craft,noun,工藝、技術；船、艇、航空飛行器,,,crafts
中級,cram,verb,塞滿、擠滿、(考試前)死記硬背,,,"crams, cramming, crammed"
中高級,cramp,noun,痙攣、抽筋,,,cramps
中高級,cramp,verb,束縛、阻礙,,,"cramps, cramping, cramped"
中級,crane,noun,起重機；鶴,,,cranes
中級,crane,verb,探出(頭)、伸長(脖子),,,"cranes, craning, craned"
中高級,crap,noun,[冒犯]廢話、胡扯、垃圾、排泄物,,,
中高級,crap,adj.,[冒犯]劣質的、差勁的,,,
中高級,crap,verb,[冒犯]拉屎,,,"craps, crapping, crapped"
中級,crash,verb,碰撞、墜毀；破產、崩盤；(電腦或系統)當機,,,"crashes, crashing, crashed"
中級,crash,noun,撞車事故、失事；碰撞聲；暴跌、倒閉；(電腦或系統)當機,,,crashes
中高級,crater,noun,火山口、(隕石)坑,,,craters
中級,crawl,verb/noun,爬行、緩慢行進,,,"crawls, crawling, crawled"
初級,crayon,noun,蠟筆,,,crayons
初級,crazy,adj.,瘋狂的,,,"crazier, craziest"
中高級,creak,noun/verb,嘎吱聲；嘎吱作響,,,"creaks, creaking, creaked"
初級,cream,noun,鮮奶油、奶霜；乳霜、護膚霜,,,creams
初級,create,verb,創造,,L1,"creates, creating, created"
中級,creation,noun,創造、創作,,,creations
中級,creative,adj.,有創意的,,,
中高級,creativity,noun,創造力,,,
中級,creator,noun,創造者、發明者,,,creators
中級,creature,noun,生物,,,creatures
中高級,credibility,noun,可信度、可靠性,,,credibilities
中高級,credible,adj.,可信的,,,
中級,credit,noun,讚許；(經濟上的)信用、賒帳、信用貸款；學分,,L2,credits
中級,credit,verb,把錢存進帳戶；歸功於,,L2,"credits, crediting, credited"
初級,credit card,noun,信用卡,,,credit cards
中高級,creditor,noun,債權人、貸方,,,creditors
中高級,creek,noun,小溪,,,creeks
中級,creep,verb/noun,躡手躡腳、爬行,,,"creeps, creeping, crept"
中級,crew,noun,全體工作人員,,,crews
中高級,crib,noun,嬰兒床,,,cribs
中高級,crib,verb,抄襲(作弊)、剽竊,,,"cribs, cribbing, cribbed"
中級,cricket,noun,蟋蟀；板球,,,crickets
初級,crime,noun,罪行,,,crimes
中級,criminal,adj./noun,犯罪的；罪犯,,,criminals
中級,cripple,noun,[冒犯]殘障人士、瘸子、跛子,,,cripples
中級,cripple,verb,使跛腳、使受傷致殘；嚴重損害,,,"cripples, crippling, crippled"
初級,crisis,noun,危機,,,crises
中級,crisp,adj.,易碎的；酥脆的；涼爽的,,,"crisper, crispest"
中級,crispy,adj.,酥脆的,,,"crispier, crispiest"
中高級,criterion,noun,標準、準則,,L3,"criteria, criterions"
中級,critic,noun,評論家,,,critics
中級,critical,adj.,批評的；至關重要的,,,
中級,criticism,noun,批評、評論,,,criticisms
中級,criticize,verb,批評、評論,,,"criticizes, criticizing, criticized"
中高級,crocodile,noun,鱷魚,,,crocodiles
中高級,crook,noun,彎曲(部分)、曲柄杖,,,crooks
中高級,crook,verb,使(手指或手臂)彎曲,,,"crooks, crooking, crooked"
中高級,crooked,adj.,彎曲的、歪的；欺詐的,,,
中級,crop,noun,農作物,,,crops
中級,crop,verb,剪裁、剪短,,,"crops, cropping, cropped"
初級,cross,verb,穿越、交叉,,,"crosses, crossing, crossed"
初級,cross,noun,十字架、十字形,,,crosses
中高級,cross-country,noun/adj./adv.,越野賽；越野的；橫越全國地,,,cross-countries
中高級,crossing,noun,交叉口、十字路口、橫渡,"= pedestrian crossing, zebra crossing, crosswalk",,crossings
中級,crossroad,noun,交叉路口、十字路口,,,crossroads
中高級,crouch,verb/noun,蹲(下)、俯蹲(姿勢),,,"crouches, crouching, crouched"
中級,crow,noun,烏鴉,,,crows
中級,crow,verb,啼叫,,,"crows, crowing, crowed, crew"
初級,crowd,noun,人群,,,crowds
初級,crowded,adj.,擁擠的,,,
中級,crown,noun/verb,皇冠；加冕,,,"crowns, crowning, crowned"
中高級,crucial,adj.,重要的、決定性的,,L8,
中高級,crude,adj.,未加工的、粗野的、粗陋的,,,"cruder, crudest"
初級,cruel,adj.,殘酷的,,,"crueler, crueller, cruelest, cruellest"
中級,cruelty,noun,殘酷,,,cruelties
中高級,cruise,noun/verb,乘船遊覽、航行,,,"cruises, cruising, cruised"
中高級,cruiser,noun,遊艇、巡洋艦、巡邏車,,,cruisers
中高級,crumb,noun,食物碎屑、麵包屑,,,crumbs
中高級,crumble,noun,酥皮水果甜點,,,crumbles
中高級,crumble,verb,使成碎屑、崩壞,,,"crumbles, crumbling, crumbled"
中高級,crunch,verb/noun,(發出)碎裂聲；嘎吱作響(聲),,,"crunches, crunching, crunched"
中高級,crunchy,adj.,(食物)酥脆的,,,"crunchier, crunchiest"
中級,crush,verb,壓扁、壓碎,,,"crushes, crushing, crushed"
中級,crush,noun,迷戀,,,crushes
中高級,crust,noun,硬皮、外殼；麵包皮,,,crusts
中級,crutch,noun,柺杖,,,crutches
初級,cry,verb/noun,哭泣、喊叫,,,"cries, crying, cried"
中級,crystal,noun/adj.,水晶、結晶；水晶的、清澈的,,,crystals
中級,cub,noun,(熊、獅、虎、狼等)幼獸,,,cubs
中高級,cube,noun/verb,立方體；求…立方、切成小方塊,,,"cubes, cubing, cubed"
中高級,cubic,adj.,立方的,,,
中級,cucumber,noun,黃瓜,,,cucumbers
中級,cue,noun/verb,(給)暗示、提示,,,"cues, cueing, cuing, cued"
中高級,cuisine,noun,烹飪、菜餚,,,cuisines
中高級,culminate,verb,以…告終、結束,,,"culminates, culminating, culminated"
中高級,cult,noun,狂熱崇拜、邪教,,,cults
中高級,cult,adj.,受特定群體歡迎的,,,
中級,cultivate,verb,耕作、培養,,,"cultivates, cultivating, cultivated"
中級,cultural,adj.,文化的,,L2,
初級,culture,noun,文化,,L2,cultures
中高級,cumulative,adj.,累積的,,,
中級,cunning,adj.,狡猾的,,,
初級,cup,noun,杯子,,,cups
中級,cupboard,noun,櫥櫃,,,cupboards
中高級,curb,verb/noun,抑制、約束,,,"curbs, curbing, curbed"
初級,cure,noun/verb,有療效的藥物、治療方法；治癒,,,"cures, curing, cured"
中高級,curfew,noun,宵禁(時間),,,curfews
中級,curiosity,noun,好奇心,,,curiosities
初級,curious,adj.,好奇的,,,
中級,curl,verb/noun,使捲曲；捲髮、捲曲物,,,"curls, curling, curled"
中高級,currency,noun,貨幣；流通、流傳,,L8,currencies
初級,current,adj.,當前的,,,
初級,current,noun,水流、氣流、電流,,,currents
中高級,curriculum,noun,(學校)全部課程,,,"curriculums, curricula"
中高級,curry,noun/verb,咖哩；烹製咖哩,,,"curries, currying, curried"
中級,curse,noun/verb,詛咒、咒罵,,,"curses, cursing, cursed"
初級,curtain,noun,窗簾、幕布,,,curtains
初級,curve,noun/verb,曲線；使彎曲,,,"curves, curving, curved"
中級,cushion,noun,軟墊,,,cushions
中級,cushion,verb,緩衝,,,"cushions, cushioning, cushioned"
中高級,custody,noun,保管、監護(權)、羈押,,,custodies
初級,custom,noun,習俗,,,customs
中高級,customary,adj.,習俗的、一貫的,,,
初級,customer,noun,顧客,,,customers
中級,customs,noun,海關,,,customses
初級,cut,verb/noun,切、割、修剪；割傷,,,"cuts, cutting"
初級,cute,adj.,可愛的,,,"cuter, cutest"
中高級,cutting,noun,剪報、插枝,,,cuttings
中高級,cutting,adj.,刻薄的,,,
中級,cycle,noun,循環,,L4,cycles
中級,cycle,verb,騎自行車,,L4,"cycles, cycling, cycled"
中級,cyclist,noun,騎自行車者,,,cyclists
中高級,cylinder,noun,圓柱體；(引擎的)氣缸,,,cylinders
中高級,cynical,adj.,憤世嫉俗的、悲觀的,,,
初級,dad,noun,爸爸,= daddy= papa,,dads
中高級,daffodil,noun,水仙花,,,daffodils
初級,daily,adj./adv.,每日的；每日地,,,
中級,dairy,noun,乳製品,,,dairies
中級,dam,noun/verb,水壩；築壩,,,"dams, damming, dammed"
初級,damage,noun/verb,損害,,,"damages, damaging, damaged"
中高級,dame,noun,女爵士,,,dames
中級,damn,interj./verb/noun,咒罵(該死)；批評；絲毫,,,"damns, damning, damned"
中級,damp,adj./noun/verb,潮濕的；濕氣；弄濕,,,"damper, dampest, damps, damping, damped"
初級,dance,verb/noun,跳舞,,,"dances, dancing, danced"
中級,dancer,noun,舞者,,,dancers
中高級,dandruff,noun,頭皮屑,,,
初級,danger,noun,危險,,,dangers
初級,dangerous,adj.,危險的,,,
中級,dare,verb/verb(aux.),膽敢,,,"dares, daring, dared"
中高級,daring,adj./noun,勇敢的、大膽的；勇敢、膽量,,,darings
初級,dark,noun/adj.,黑暗；黑暗的、深色的,,,"darker, darkest"
中級,darling,noun/adj.,親愛的,,,darlings
中高級,dart,verb,飛奔；猛然一瞥,,,"darts, darting, darted"
中高級,dart,noun,飛鏢,,,darts
中級,dash,verb,飛奔；猛擊,,,"dashes, dashing, dashed"
中級,dash,noun,飛奔；短跑比賽；破折號,,,dashes
初級,data,noun,資料,datum (singular form),L1,
初級,date,noun/verb,日期、約會；寫日期、約會,,,"dates, dating, dated"
初級,daughter,noun,女兒,,,daughters
初級,dawn,noun/verb,黎明；破曉,,,"dawns, dawning, dawned"
初級,day,noun,天、白天,,,days
中高級,daybreak,noun,黎明,,,
中級,daylight,noun,日光,,,
中高級,day-to-day,adj.,每天的、例行的,,,
中高級,dazzle,verb/noun,使目眩、使讚嘆；耀眼炫目,,,"dazzles, dazzling, dazzled"
初級,dead,adj.,死亡的,,,"deader, deadest"
中級,deadline,noun,截止期限,,,deadlines
中高級,deadly,adj./adv.,致命的、極度的；極其,,,"deadlier, deadliest"
初級,deaf,adj.,聾的,,,"deafer, deafest"
中高級,deafen,verb,使聽不見,,,"deafens, deafening, deafened"
初級,deal,verb,做生意、買賣；處理；分發、發牌,,,"deals, dealing, dealt"
初級,deal,noun,交易、協議,,,deals
中高級,dealer,noun,商人、經銷商,,,dealers
中高級,dealing,noun,交易、商業往來,,,
初級,dear,adj./noun/interj.,親愛的；親愛的；哎呀,,,"dearer, dearest, dears"
初級,death,noun,死亡,,,deaths
初級,debate,noun/verb,辯論,,L4,"debates, debating, debated"
中高級,debris,noun,殘骸、碎片,,,
初級,debt,noun,債、負債,,,debts
中高級,debut,noun,初次演出、初次亮相,,,debuts
中級,decade,noun,十年,,L7,decades
中級,decay,verb/noun,腐爛、衰敗,,,"decays, decaying, decayed"
中級,deceive,verb,欺騙,,,"deceives, deceiving, deceived"
初級,December,noun,十二月,= Dec.,,
中高級,decent,adj.,正派的、正經的、相當不錯的,,,
初級,decide,verb,決定,,,"decides, deciding, decided"
中高級,decimal,adj.,十進位的,,,
中高級,decimal,noun,小數,,,decimals
初級,decision,noun,決定,,,decisions
中高級,decisive,adj.,決定性的、果斷的,,,
中級,deck,noun,甲板、(船或巴士的)層,,,decks
中級,declaration,noun,宣言、聲明、申報,,,declarations
中級,declare,verb,宣言、聲明、申報,,,"declares, declaring, declared"
中級,decline,verb,減少、衰退；婉拒,,L5,"declines, declining, declined"
初級,decorate,verb,裝飾,,,"decorates, decorating, decorated"
中級,decoration,noun,裝飾品,,,decorations
中高級,decorative,adj.,裝飾性的,,,
初級,decrease,verb/noun,減少,,,"decreases, decreasing, decreased"
中高級,decree,noun/verb,法令、判決；頒布,,,"decrees, decreeing, decreed"
中高級,dedicate,verb,獻出(時間、精力)給…、(把著作、演出等)獻給,,,"dedicates, dedicating, dedicated"
中高級,dedicated,adj.,盡心盡力的、獻身的,,,
中高級,dedication,noun,獻身、奉獻,,,dedications
中高級,deduce,verb,推論、演繹,,L3,"deduces, deducing, deduced"
中高級,deduct,verb,扣除,,,"deducts, deducting, deducted"
中高級,deduction,noun,演繹、扣除(額),,,deductions
中級,deed,noun,行為、舉止,,,deeds
中高級,deem,verb,認為、相信,,,"deems, deeming, deemed"
初級,deep,adj./adv.,深的；深地,,,"deeper, deepest"
中高級,deepen,verb,使加深、變糟、使變低,,,"deepens, deepening, deepened"
初級,deer,noun,鹿,,,
中高級,default,verb,違約、不清償債務,,,"defaults, defaulting, defaulted"
中高級,default,noun,違約；預設值,,,defaults
中級,defeat,noun/verb,失敗；擊敗,,,"defeats, defeating, defeated"
中高級,defect,noun,缺陷,,,defects
中高級,defect,verb,背叛、叛變,,,"defects, defecting, defected"
中級,defend,verb,防守、保衛、辯護,,,"defends, defending, defended"
中高級,defendant,noun,被告,,,defendants
中高級,defender,noun,守衛者、保護人、防守隊員,,,defenders
中級,defense,noun,防守、保衛、辯護,= defence (British English),,defenses
中高級,defensible,adj.,可辯解的、有正當理由的,,,
中級,defensive,adj.,防守的、防禦性的,,,
中高級,defiance,noun,違抗、拒絕服從,,,
中高級,defiant,adj.,反抗的、挑釁的,,,
中高級,deficiency,noun,缺乏、缺陷,,,deficiencies
中高級,deficient,adj.,缺乏的、有缺陷的,,,
中級,deficit,noun,赤字、虧損,,,deficits
中級,define,verb,下定義、規定,,L1,"defines, defining, defined"
中級,definite,adj.,肯定的,,L7,
中級,definition,noun,定義,,,definitions
中高級,definitive,adj.,最後的、決定性的,,,
中高級,defy,verb,違抗、反抗,,,"defies, defying, defied"
中高級,degenerate,verb/adj./noun,衰退、惡化；墮落的；墮落的人,,,"degenerates, degenerating, degenerated"
中高級,degrade,verb,貶低、侮辱、使惡化,,,"degrades, degrading, degraded"
初級,degree,noun,度、程度,,,degrees
初級,delay,noun/verb,延誤、耽擱,,,"delays, delaying, delayed"
中級,delegate,noun/verb,代表；授權、委託,,,"delegates, delegating, delegated"
中高級,delegation,noun,代表團、委派,,,delegations
中級,delete,verb,刪除,,,"deletes, deleting, deleted"
中高級,deliberate,adj.,故意的；小心謹慎的,,,
中高級,deliberate,verb,仔細考慮,,,"deliberates, deliberating, deliberated"
中級,delicate,adj.,易碎的、纖弱的,,,
初級,delicious,adj.,美味的,,,
中級,delight,noun/verb,愉快；使愉快,,,"delights, delighting, delighted"
中級,delightful,adj.,令人快樂的,,,
中高級,delinquent,noun,青少年犯,,,delinquents
中高級,delinquent,adj.,犯法的；逾期未付的,,,
初級,deliver,verb,運送,,,"delivers, delivering, delivered"
中級,delivery,noun,運送,,,deliveries
中級,demand,noun/verb,需求、要求,,,"demands, demanding, demanded"
中級,demanding,adj.,高要求的、費時費力的,,,
中高級,demise,noun,終止、死亡,,,demises
初級,democracy,noun,民主,,,democracies
中級,democrat,noun,民主主義者,大寫為民主黨黨員,,democrats
初級,democratic,adj.,民主的,,,
中級,demonstrate,verb,證明、示範；遊行示威,,L3,"demonstrates, demonstrating, demonstrated"
中級,demonstration,noun,證明、示範；遊行示威,,,demonstrations
中高級,demonstrator,noun,示威者；示範者,,,demonstrators
中高級,denial,noun,否認、拒絕,,,denials
中高級,denote,verb,象徵、意指,,L8,"denotes, denoting, denoted"
中高級,denounce,verb,譴責、告發,,,"denounces, denouncing, denounced"
中級,dense,adj.,稠密的,,,"denser, densest"
中高級,density,noun,濃度、密度,,,densities
中高級,dental,adj.,牙齒的、牙科的,,,
初級,dentist,noun,牙醫,,,dentists
初級,deny,verb,否認,,L7,"denies, denying, denied"
中級,depart,verb,啟程、離開,,,"departs, departing, departed"
初級,department,noun,部門,,,departments
初級,department store,noun,百貨公司,,,department stores
中級,departure,noun,啟程、離開,,,departures
初級,depend,verb,取決於、依靠,,,"depends, depending, depended"
中級,dependable,adj.,可信賴的、可靠的,,,
中級,dependent,adj.,依賴的、取決於,,,
中級,dependent,noun,受扶養者,= dependant,,dependents
中高級,depict,verb,描繪、描述,,,"depicts, depicting, depicted"
中高級,deplete,verb,消耗、耗盡,,,"depletes, depleting, depleted"
中高級,deploy,verb,部署(軍隊或武器)、有效利用,,,"deploys, deploying, deployed"
中高級,deployment,noun,部署、有效利用,,,deployments
中高級,deport,verb,驅逐出境,,,"deports, deporting, deported"
中級,deposit,noun,訂金、存款,,,deposits
中級,deposit,verb,放置、付訂金、存錢,,,"deposits, depositing, deposited"
中級,depress,verb,使沮喪,,L10,"depresses, depressing, depressed"
中級,depression,noun,沮喪、憂鬱症；蕭條、不景氣,,,depressions
中高級,deprive,verb,剝奪、使喪失,,,"deprives, depriving, deprived"
中級,depth,noun,深度,,,depths
中級,deputy,noun,副手、代理人,,,deputies
中高級,derive,verb,來自、衍生、獲得,,L1,"derives, deriving, derived"
中高級,descend,verb,下來、下降,,,"descends, descending, descended"
中高級,descendant,noun,後裔,,,descendants
中高級,descent,noun,下來、下降；血統,,,descents
初級,describe,verb,描述,,,"describes, describing, described"
中級,description,noun,描述,,,descriptions
中高級,descriptive,adj.,描寫的、敘述的,,,
初級,desert,verb,遺棄,,,"deserts, deserting, deserted"
初級,desert,noun,沙漠,,,deserts
中級,deserve,verb,值得、應得,,,"deserves, deserving, deserved"
初級,design,noun/verb,設計,,L2,"designs, designing, designed"
中高級,designate,verb,指定、指派、標明,,,"designates, designating, designated"
中高級,designate,adj.,新任命的,,,
中級,designer,noun,設計師,,,designers
中級,desirable,adj.,令人嚮往的,,,
初級,desire,noun/verb,渴望,,,"desires, desiring, desired"
初級,desk,noun,書桌,,,desks
中級,despair,noun/verb,絕望,,,"despairs, despairing, despaired"
中級,desperate,adj.,絕望的、極渴望的、不顧一切的,,,
中高級,despise,verb,鄙視、看不起,,,"despises, despising, despised"
中級,despite,prep.,儘管,,L4,
初級,dessert,noun,甜點,,,desserts
中級,destination,noun,目的地,,,destinations
中高級,destined,adj.,注定的、預定的,,,
中高級,destiny,noun,命運,,,destinies
中級,destroy,verb,摧毀、破壞,,,"destroys, destroying, destroyed"
中級,destruction,noun,摧毀、破壞,,,destructions
中級,destructive,adj.,破壞性的,,,
中高級,detach,verb,拆卸、使分離、派遣,,,"detaches, detaching, detached"
中高級,detached,adj.,分離的；不帶感情的、超然的,,,
中級,detail,noun/verb,細節；詳述,,,"details, detailing, detailed"
中級,detailed,adj.,詳細的,,,
中高級,detain,verb,拘留、耽擱,,,"detains, detaining, detained"
中級,detect,verb,發現、查出,,L8,"detects, detecting, detected"
中高級,detection,noun,偵查、探測,,,detections
中級,detective,noun/adj.,偵探、警探；偵探的,,,detectives
中高級,detention,noun,拘留、扣押、(作為懲罰的)課後留校,,,detentions
中高級,deter,verb,阻止、威懾、使斷念,,,"deters, deterring, deterred"
中級,detergent,noun/adj,洗衣粉、清潔劑,,,detergents
中高級,deteriorate,verb,變壞、惡化,,,"deteriorates, deteriorating, deteriorated"
中高級,deterioration,noun,惡化,,,deteriorations
中級,determination,noun,決心,,,determinations
初級,determine,verb,決定、下決心,,,"determines, determining, determined"
中高級,devalue,verb,(貨幣)貶值、貶低,,,"devalues, devaluing, devalued"
中高級,devastate,verb,重創、摧毀、使震驚或悲痛,,,"devastates, devastating, devastated"
中高級,devastating,adj.,毀滅性的、驚人的,,,
初級,develop,verb,發展,,,"develops, developing, developed"
中高級,developed,adj.,先進的、已開發的、成熟的,,,
中高級,developer,noun,開發商、開發者,,,developers
中高級,developing,adj.,發展中的、開發中的,,,
中級,development,noun,發展、開發,,,developments
中高級,deviate,verb,偏離、脫軌,,L8,"deviates, deviating, deviated"
中級,device,noun,裝置、設備,,L9,devices
中級,devil,noun,惡魔,,,devils
中級,devise,verb,發明、想出,,,"devises, devising, devised"
中級,devote,verb,致力、用於,,L9,"devotes, devoting, devoted"
中級,devoted,adj.,摯愛的、忠誠的、專心致志的,,L9,
中級,devotion,noun,摯愛、忠誠、奉獻,,,devotions
中高級,devour,verb,狼吞虎嚥、吞噬、如飢似渴地讀,,,"devours, devouring, devoured"
中高級,dew,noun,露水,,,
中高級,diabetes,noun,糖尿病,,,
中高級,diagnose,verb,診斷,,,"diagnoses, diagnosing, diagnosed"
中高級,diagnosis,noun,診斷,,,diagnoses
中高級,diagram,noun,圖表、示意圖,,,diagrams
初級,dial,verb/noun,撥號；撥號盤、錶面,,,"dials, dialing, dialling, dialed, dialled"
中級,dialect,noun,方言,,,dialects
中級,dialog,noun,對話,= dialogue (British English),,dialogs
中高級,diameter,noun,直徑,,,diameters
初級,diamond,noun,鑽石；菱形,,,diamonds
中高級,diaper,noun,尿布,,,diapers
初級,diary,noun,日記,,,diaries
中級,dictate,verb,口述、命令、支配,,,"dictates, dictating, dictated"
中級,dictation,noun,口述、聽寫,,,dictations
中高級,dictator,noun,獨裁者,,,dictators
中高級,dictatorship,noun,獨裁統治、獨裁國家,,,dictatorships
初級,dictionary,noun,字典,,,dictionaries
初級,die,verb,死,,,"dies, dying, died"
中高級,diesel,noun,柴油,,,diesels
初級,diet,noun/verb/adj.,飲食、節食；節食；飲食的、節食的,,,"diets, dieting, dieted"
中級,differ,verb,不同,,,"differs, differing, differed"
初級,difference,noun,差別,,,differences
初級,different,adj.,不同的,,,
中高級,differentiate,verb,區分、使不同,,L7,"differentiates, differentiating, differentiated"
初級,difficult,adj.,困難的,,,
初級,difficulty,noun,困難,,,difficulties
中高級,diffuse,verb,擴散、散佈、(光)漫射,,,"diffuses, diffusing, diffused"
初級,dig,verb,挖,,,"digs, digging, dug"
中級,digest,verb,消化、領悟,,,"digests, digesting, digested"
中級,digest,noun,文摘、摘要,,,digests
中級,digestion,noun,消化,,,digestions
中級,digit,noun,數字、位數,,,digits
中級,digital,adj.,數位的,,,
中級,dignity,noun,尊嚴、莊重,,,dignities
中高級,dilemma,noun,困境,,,"dilemmas, dilemmata"
中級,diligence,noun,勤奮、用功,,,diligences
初級,diligent,adj.,勤奮的,,,
中高級,dilute,verb/adj.,稀釋、削弱；稀釋的,,,"dilutes, diluting, diluted"
中級,dim,adj./verb,暗淡的、模糊的；使變暗,,,"dimmer, dimmest, dims, dimming, dimmed"
中級,dime,noun,十分錢,,,dimes
中高級,dimension,noun,尺寸；方面、面向,,L4,dimensions
中高級,diminish,verb,減少、削弱、貶損,,L9,"diminishes, diminishing, diminished"
中級,dine,verb,用餐,,,"dines, dining, dined"
初級,dining room,noun,餐廳、飯廳,,,dining rooms
初級,dinner,noun,晚餐,,,dinners
初級,dinosaur,noun,恐龍,,,dinosaurs
中級,dip,verb/noun,浸泡、蘸,,,"dips, dipping, dipped"
中級,diploma,noun,學位證書、文憑,,,"diplomas, diplomata"
中高級,diplomacy,noun,外交、外交技巧,,,
初級,diplomat,noun,外交官,,,diplomats
中高級,diplomatic,adj.,外交的、圓滑的,,,
初級,direct,adj.,直接的,,,
初級,direct,verb,針對、指揮,,,"directs, directing, directed"
初級,direction,noun,方向,,,directions
中高級,directive,noun,指令、命令,,,directives
初級,director,noun,導演、主管,,,directors
中高級,directory,noun,目錄、指南,,,directories
中級,dirt,noun,塵土,,,
初級,dirty,adj./verb,髒的；弄髒,,,"dirtier, dirtiest, dirties, dirtying, dirtied"
中高級,disability,noun,缺陷、障礙,,,disabilities
中高級,disable,verb,使喪失能力、使無效或不能運轉,,,"disables, disabling, disabled"
中級,disabled,adj.,有殘疾的,,,
中級,disadvantage,noun/verb,缺點、不利；使處於不利地位,,,"disadvantages, disadvantaging, disadvantaged"
中級,disadvantaged,adj.,弱勢的、貧困的,,,
中級,disagree,verb,不同意,,,"disagrees, disagreeing, disagreed"
中高級,disagreement,noun,意見不一、分歧,,,disagreements
初級,disappear,verb,消失,,,"disappears, disappearing, disappeared"
中級,disappoint,verb,使失望,,,"disappoints, disappointing, disappointed"
中級,disappointment,noun,失望、沮喪,,,disappointments
中級,disapproval,noun,不贊成、反對,,,
中級,disapprove,verb,不贊成、反對,,,"disapproves, disapproving, disapproved"
中級,disaster,noun,災難,,,disasters
中高級,disastrous,adj.,災難性的、完全失敗的,,,
中高級,disbelief,noun,不信、懷疑,,,
中級,discard,verb/noun,丟棄；被拋棄的人或物,,,"discards, discarding, discarded"
中高級,discern,verb,識別、察覺出、分辨出,,,"discerns, discerning, discerned"
中高級,discharge,verb/noun,准許(某人)離開、排出、放電,,,"discharges, discharging, discharged"
中高級,disciple,noun,信徒、追隨者,,,disciples
中高級,disciplinary,adj.,紀律的、懲戒的,,,
中級,discipline,noun,紀律、訓練,,,disciplines
中級,discipline,verb,(使有)紀律、訓練、懲戒,,,"disciplines, disciplining, disciplined"
中高級,disclose,verb,揭露、使顯露,,,"discloses, disclosing, disclosed"
中高級,disclosure,noun,揭露、公開(的事情),,,disclosures
中高級,discomfort,noun,不舒服、不自在,,,discomforts
中級,disconnect,verb,切斷、使分離,,,"disconnects, disconnecting, disconnected"
中級,discount,noun/verb,折扣；打折、排除,,,"discounts, discounting, discounted"
中級,discourage,verb,使灰心、阻止,,,"discourages, discouraging, discouraged"
初級,discover,verb,發現,,,"discovers, discovering, discovered"
中級,discovery,noun,發現,,,discoveries
中高級,discredit,verb/noun,名譽受損,,,"discredits, discrediting, discredited"
中高級,discreet,adj.,謹慎的、考慮周延的,,,
中高級,discrepancy,noun,差異、不一致,,,discrepancies
中高級,discrete,adj.,分離的,,L5,
中高級,discretion,noun,決定權、判斷力,,,
中高級,discriminate,verb,辨別；歧視,,L6,"discriminates, discriminating, discriminated"
中高級,discrimination,noun,歧視；辨別能力,,,discriminations
初級,discuss,verb,討論,,,"discusses, discussing, discussed"
初級,discussion,noun,討論,,,discussions
中級,disease,noun,疾病,,,diseases
中高級,disgrace,noun/verb,恥辱、丟臉(的人或事)；丟臉,,,"disgraces, disgracing, disgraced"
中高級,disgraceful,adj.,可恥的、不光彩的,,,
中級,disguise,noun/verb,偽裝、掩飾,,,"disguises, disguising, disguised"
中級,disgust,verb/noun,厭惡、反感,,,"disgusts, disgusting, disgusted"
初級,dish,noun,盤、菜餚,,,dishes
初級,dishonest,adj.,不誠實的,,,
中高級,disintegrate,verb,碎裂、崩潰瓦解,,,"disintegrates, disintegrating, disintegrated"
中級,disk,noun,磁碟、光碟、圓盤,= disc (British English),,disks
中級,dislike,verb/noun,不喜歡,,,"dislikes, disliking, disliked"
中高級,dismantle,verb,拆解(機器或結構)、廢除,,,"dismantles, dismantling, dismantled"
中高級,dismay,noun/verb,沮喪、失望,,,"dismays, dismaying, dismayed"
中級,dismiss,verb,解散、解雇、不考慮,,,"dismisses, dismissing, dismissed"
中高級,dismissal,noun,解雇、不予考慮、駁回,,,dismissals
中級,disorder,noun,障礙、失調；騷動,,,disorders
中高級,dispatch,verb/noun,派遣、發送,= despatch (British English),,"dispatches, dispatching, dispatched"
中高級,dispatch,noun,快訊,= despatch (British English),,dispatches
中高級,dispensable,adj.,可有可無的、不重要的,,,
中高級,dispense,verb,分發、提供、配藥,,,"dispenses, dispensing, dispensed"
中高級,disperse,verb,驅散、散開、傳播,,,"disperses, dispersing, dispersed"
中高級,displace,verb,取代、迫使離開、移開,,L8,"displaces, displacing, displaced"
中級,display,verb/noun,陳列、展示,,L6,"displays, displaying, displayed"
中高級,displease,verb,使不高興,,,"displeases, displeasing, displeased"
中高級,disposable,adj./noun,拋棄式的；拋棄式物品,,L7,disposables
中高級,disposal,noun,處理、清除、處置權,,,disposals
中高級,dispose,verb,配置、處理、使傾向於,,L7,"disposes, disposing, disposed"
中高級,disposition,noun,性情、傾向,,,dispositions
中級,dispute,verb/noun,爭論、爭執,,,"disputes, disputing, disputed"
中高級,disregard,verb/noun,不顧、漠視,,,"disregards, disregarding, disregarded"
中高級,disrupt,verb,擾亂、中斷,,,"disrupts, disrupting, disrupted"
中級,dissatisfaction,noun,不滿,,,dissatisfactions
中高級,dissent,noun/verb,異議、持不同意見,,,"dissents, dissenting, dissented"
中高級,dissident,noun/adj.,持不同政見者；持不同政見的,,,dissidents
中高級,dissipate,verb,消散、消磨、揮霍,,,"dissipates, dissipating, dissipated"
中級,dissolve,verb,溶解；解散、解除,,,"dissolves, dissolving, dissolved"
中高級,dissuade,verb,勸阻,,,"dissuades, dissuading, dissuaded"
初級,distance,noun,距離,,,distances
中級,distant,adj.,遙遠的、冷漠的,,,
中高級,distill,verb,蒸餾、濃縮,= distil (British English),,"distills, distils, distilling, distilled"
中級,distinct,adj.,不同的、明顯的,,L2,"distincter, distinctest"
中級,distinction,noun,差別；優秀,,L2,distinctions
中高級,distinctive,adj.,有特色的,,,
中級,distinguish,verb,區分、顯出特色,,,"distinguishes, distinguishing, distinguished"
中級,distinguished,adj.,卓越的、著名的,,,
中高級,distort,verb,使變形、曲解,,L9,"distorts, distorting, distorted"
中高級,distract,verb,使分心,,,"distracts, distracting, distracted"
中高級,distraction,noun,分散注意力的事、消遣,,,distractions
中高級,distress,noun/verb,苦惱、危難；使苦惱,,,"distresses, distressing, distressed"
中級,distribute,verb,分配、發送,,L1,"distributes, distributing, distributed"
中高級,distributed,adj.,[電腦]分散式的、分布的,,L1,
中級,distribution,noun,分配、發送,,,distributions
中高級,distributor,noun,經銷商,,,distributors
中級,district,noun,地區、行政區,,,districts
中級,distrust,verb/noun,不信任,,,"distrusts, distrusting, distrusted"
中級,disturb,verb,打擾、妨礙,,,"disturbs, disturbing, disturbed"
中級,disturbance,noun,干擾、騷動,,,disturbances
中高級,disturbed,adj.,有精神病的、不幸的、心煩的,,,
中高級,disturbing,adj.,令人不安的、引起煩惱的,,,
中級,ditch,noun,水溝,,,ditches
中級,ditch,verb,丟棄,,,"ditches, ditching, ditched"
中級,dive,verb/noun,跳水、潛水,,,"dives, diving, dived, dove"
中高級,diverse,adj.,多元的、不同的,,L6,
中高級,diversify,verb,使多樣化,,,"diversifies, diversifying, diversified"
中高級,diversion,noun,分散注意力之物；消遣、娛樂,,,diversions
中高級,diversity,noun,差異、多樣性,,,diversities
中高級,divert,verb,使轉向、改道、使分心,,,"diverts, diverting, diverted"
初級,divide,verb,分開、劃分,,,"divides, dividing, divided"
中高級,dividend,noun,股利,,,dividends
中級,divine,adj.,神的、神聖的、絕妙的,,,
初級,division,noun,分開；部門,,,divisions
中級,divorce,noun/verb,離婚,,,"divorces, divorcing, divorced"
初級,dizzy,adj.,頭暈的,,,"dizzier, dizziest"
初級,do,verb,做,,,"does, doing, did, done"
初級,do,aux.,助動詞,,,
中級,dock,noun/verb,碼頭；停靠碼頭,,,"docks, docking, docked"
初級,doctor,noun,醫生、博士,,,doctors
中高級,doctrine,noun,教義、信條,,,doctrines
初級,document,noun,文件,,L3,documents
中高級,documentary,noun/adj.,紀錄片；紀實的、文書的,,,documentaries
中高級,dodge,verb/noun,躲避、閃躲,,,"dodges, dodging, dodged"
初級,dodge ball,noun,躲避球,,,dodge balls
初級,dog,noun,狗,,,dogs
初級,doll,noun,玩偶,,,dolls
初級,dollar,noun,元,= buck,,dollars
初級,dolphin,noun,海豚,,,dolphins
中高級,domain,noun,領域、範圍,,L6,domains
中高級,dome,noun,圓屋頂、穹頂,,,domes
中級,domestic,adj.,家庭的；國內的,,L4,
中級,dominant,adj.,主要的、佔優勢的,,,
中級,dominate,verb,支配、統治、佔首要地位,,L3,"dominates, dominating, dominated"
中級,donate,verb,捐贈,,,"donates, donating, donated"
中高級,donation,noun,捐贈(物),,,donations
初級,donkey,noun,驢,,,donkeys
中高級,donor,noun/adj.,捐贈者、器官捐獻者,,,donors
中高級,doom,noun,厄運、死亡,,,dooms
中高級,doom,verb,注定(失敗),,,"dooms, dooming, doomed"
中高級,doomed,adj.,注定失敗的,,,
初級,door,noun,門,,,doors
中高級,doorstep,noun,門階,,,doorsteps
中高級,doorway,noun,門口,,,doorways
中級,dormitory,noun,宿舍,= dorm,,dormitories
中高級,dosage,noun,(藥)劑量,,,dosages
中級,dose,noun,一劑,,,doses
初級,dot,noun,小圓點,,,dots
初級,double,adj./verb/noun,雙重的；加倍；兩倍,,,"doubles, doubling, doubled"
初級,Double Tenth Day,noun,雙十節,,,
初級,doubt,noun/verb,疑慮；懷疑、對…不確信,,,"doubts, doubting, doubted"
中級,doubtful,adj.,懷疑的、不確定的、不太可能的,,,
中高級,doubtless,adv.,無疑地、必定地,,,
中高級,dough,noun,麵糰,,,doughs
初級,doughnut,noun,甜甜圈,= donut,,doughnuts
中級,dove,noun,鴿子,,,doves
初級,down,adv./prep.,向下；在下方,,,
初級,down,adj.,情緒低落,,,
初級,down,noun,羽絨,,,downs
初級,download,verb,下載,,,"downloads, downloading, downloaded"
初級,downstairs,adv./adj.,朝樓下、在樓下；樓下的,,,
初級,downtown,adv./adj./noun,往市區；市區的；市區,,,downtowns
中級,downward,adv.,向下,,,
中級,doze,verb/noun,打瞌睡、小睡,,,"dozes, dozing, dozed"
初級,dozen,noun,一打,,,dozens
中級,draft,noun,草稿,,L5,drafts
中級,draft,verb,起草、草擬；徵召入伍、徵募,,L5,"drafts, drafting, drafted"
中級,drag,verb,拖、拉,,,"drags, dragging, dragged"
中級,drag,noun,令人厭煩的事,,,drags
初級,dragon,noun,龍,,,dragons
初級,Dragon Boat Festival,noun,端午節,,,
中級,dragonfly,noun,蜻蜓,,,dragonflies
中級,drain,verb/noun,排出液體；排水管,,,"drains, draining, drained"
中高級,drainage,noun,排水系統,,,drainages
初級,drama,noun,戲劇,,L8,dramas
中級,dramatic,adj.,戲劇(性)的,,,
中高級,drape,verb,披、垂掛,,,"drapes, draping, draped"
中高級,drape,noun,(窗)簾,,,drapes
中高級,drastic,adj.,猛烈的、嚴厲的,,,
初級,draw,verb,畫,,,"draws, drawing, drew, drawn"
中高級,drawback,noun,缺點、不利條件,,,drawbacks
初級,drawer,noun,抽屜,,,drawers
中級,dread,noun/verb,擔心、懼怕,,,"dreads, dreading, dreaded"
中級,dreadful,adj.,可怕的、糟糕的,,,
初級,dream,noun/verb,夢；作夢,,,"dreams, dreaming, dreamed, dreamt"
中高級,dreary,adj.,陰鬱的、沉悶的,,,"drearier, dreariest"
初級,dress,verb/noun,著裝；洋裝,,,"dresses, dressing, dressed"
中級,dressed,adj.,穿好衣服的、打扮好的,,,
初級,dresser,noun,斗櫃、衣櫃、梳妝台,,,dressers
中高級,dressing,noun,穿戴；(拌沙拉等的)調味醬,,,dressings
中級,drift,verb/noun,漂流、漂泊,,,"drifts, drifting, drifted"
中級,drill,noun/verb,鑽(頭)、鑽孔；演習、訓練、反覆練習,,,"drills, drilling, drilled"
初級,drink,verb/noun,喝；飲料,,,"drinks, drinking, drank, drunk"
中級,drip,verb/noun,滴下；水滴、滴水聲,,,"drips, dripping, dripped"
初級,drive,verb/noun,開車；車程,,,"drives, driving, drove, driven"
初級,driver,noun,駕駛員,,,drivers
中高級,driveway,noun,車道,= drive (road),,driveways
中高級,drizzle,noun/verb,毛毛雨;下毛毛雨,,,"drizzles, drizzling, drizzled"
初級,drop,verb/noun,使滴落、丟下、下降；(一)滴,,,"drops, dropping, dropped"
中級,drought,noun,乾旱,,,droughts
中級,drown,verb,溺死、淹沒,,,"drowns, drowning, drowned"
中級,drowsy,adj.,昏昏欲睡的,,,"drowsier, drowsiest"
初級,drug,noun,藥品、毒品,,,drugs
初級,drugstore,noun,藥局,,,drugstores
初級,drum,noun,鼓,,,drums
中級,drunk,adj./noun,酒醉的；醉漢,,,"drunker, drunkest, drunks"
初級,dry,adj./verb,乾的；弄乾,,,"drier, driest, dries, drying, dried"
初級,dryer,noun,烘乾機、吹風機,,,dryers
中高級,dual,adj.,兩的、雙重的,,,
中高級,dub,verb,把…稱為、起綽號；配音,,,"dubs, dubbing, dubbed"
中高級,dubious,adj.,懷疑的、可疑的、未定的,,,
初級,duck,noun,鴨,,,ducks
中級,duckling,noun,小鴨,,,ducklings
中級,due,adj.,到期的、預計的,,,
中級,dull,adj.,枯燥乏味的、沒有光澤的,,,"duller, dullest"
初級,dumb,adj.,(口語)傻的、愚蠢的,,,"dumber, dumbest"
中級,dump,verb/noun,傾倒、拋棄；垃圾場,,,"dumps, dumping, dumped"
初級,dumpling,noun,餃子,,,dumplings
中高級,duplicate,verb/noun/adj.,複製；複製品；複製的,,,"duplicates, duplicating, duplicated"
中級,durable,adj.,耐用的、持久的,,,
中級,duration,noun,持續期間,,L9,durations
初級,during,prep.,在…期間,,,
中級,dusk,noun,黃昏,,,
中級,dust,noun/verb,灰塵、塵土；擦去灰塵,,,"dusts, dusting, dusted"
中級,dusty,adj.,佈滿灰塵的,,,"dustier, dustiest"
初級,duty,noun,責任、職責,,,duties
中高級,dwarf,verb/noun/adj.,使顯得矮小；侏儒；矮小的,,,"dwarfs, dwarfing, dwarfed, dwarves, dwarfer, dwarfest"
中高級,dwell,verb,居住,,,"dwells, dwelling, dwelt, dwelled"
中高級,dwelling,noun,住所,,,dwellings
中級,dye,noun/verb,染料；染色,,,"dyes, dyeing, dyed"
中高級,dying,adj.,臨終的,,,
中級,dynamic,adj.,有活力的、不斷變化的,,L7,
中高級,dynamite,noun/verb,炸藥、炸毀,,,"dynamites, dynamiting, dynamited"
中級,dynasty,noun,朝代,,,dynasties
初級,each,pron./adj./adv.,每個,,,
中級,eager,adj.,熱切的、渴望的,,,
初級,eagle,noun,鷹,,,eagles
初級,ear,noun,耳,,,ears
初級,early,adj./adv.,早的；早,,,"earlier, earliest"
初級,earn,verb,賺得,,,"earns, earning, earned"
中級,earnest,adj./noun,認真的、誠摯的；認真、誠摯,,,
中級,earnings,noun,薪水、收入,,,
中高級,earphones,noun,耳機,,,earphoneses
中級,earring,noun,耳環,,,earrings
初級,earth,noun,地球,,,earths
中級,earthquake,noun,地震,,,earthquakes
中級,ease,verb/noun,減輕、緩和；輕易,,,"eases, easing, eased"
初級,east,noun/adv./adj.,東方；向東；東邊的,,,easts
初級,Easter,noun,復活節,,,
初級,eastern,adj.,東方的,,,
初級,easy,adj.,容易的,,,"easier, easiest"
初級,eat,verb,吃,,,"eats, eating, ate, eaten"
中高級,ebb,noun/verb,退潮、衰退,,,"ebbs, ebbing, ebbed"
中高級,eccentric,adj./noun,古怪的、怪人,,,eccentrics
中級,echo,noun/verb,回聲、共鳴；產生回聲、迴響,,,"echoes, echos, echoing, echoed"
中高級,eclipse,noun,日蝕、月蝕；衰落,,,eclipses
中高級,eclipse,verb,遮蔽、使黯然失色,,,"eclipses, eclipsing, eclipsed"
中高級,ecological,adj.,生態學的,,,
中高級,ecology,noun,生態(學),,,ecologies
中級,economic,adj.,經濟的,,L1,
中級,economical,adj.,經濟實惠的、節約的,,,
中級,economics,noun,經濟學,,,
中級,economist,noun,經濟學家,,,economists
中級,economy,noun,經濟,,L1,economies
中高級,ecosystem,noun,生態系統,,,ecosystems
中高級,ecstasy,noun,狂喜、陶醉,,,ecstasies
中高級,ecstatic,adj.,狂喜的,,,
初級,edge,noun,邊緣,,,edges
中高級,edged,adj.,有稜(邊)的、有刀刃的,,,
中級,edible,adj.,可食用的,,,
中級,edit,verb,編輯,,L6,"edits, editing, edited"
中級,edition,noun,版本,,,editions
中級,editor,noun,編輯,,,editors
中級,editorial,adj./noun,編輯的；社論、評論,,,editorials
中級,educate,verb,教育,,,"educates, educating, educated"
中高級,educated,adj.,受過教育的、有教養的,,,
初級,education,noun,教育,,,educations
中級,educational,adj.,教育的,,,
中高級,eel,noun,鰻,,,eels
初級,effect,noun/verb,結果、效果；達到…的效果,,,"effects, effecting, effected"
初級,effective,adj.,有效的,,,
中級,efficiency,noun,效率,,,efficiencies
中級,efficient,adj.,有效率的,,,
初級,effort,noun,努力,,,efforts
初級,egg,noun,蛋,,,eggs
中高級,ego,noun,自我、自尊,,,egos
初級,eight,number/pron./noun/adj.,八,,,eights
初級,eighteen,number/pron./noun/adj.,十八,,,eighteens
初級,eighty,number/pron./noun/adj.,八十,,,eighties
初級,either,adv.,也(否定句),,,
初級,either,pron./adj./conj.,(兩者中)任一個,,,
中高級,eject,verb,逐出、彈出,,,"ejects, ejecting, ejected"
中級,elaborate,adj./verb,詳盡的、精美的；詳盡闡述,,,"elaborates, elaborating, elaborated"
中高級,elapse,verb,(時間)消逝,,,"elapses, elapsing, elapsed"
中級,elastic,adj.,有彈性的,,,
中級,elbow,noun/verb,手肘；用肘推,,,"elbows, elbowing, elbowed"
初級,elder,noun/adj.,長者；年長的,,,elders
中級,elderly,adj.,年長的,,,
初級,elect,verb,推選、選舉,,,"elects, electing, elected"
初級,election,noun,選舉,,,elections
中高級,electoral,adj.,選舉的,,,
中高級,electorate,noun,全體選民,,,electorates
初級,electric,adj.,電的,,,
中級,electrical,adj.,電的,,,
中級,electrician,noun,電工,,,electricians
中級,electricity,noun,電力,,,
中高級,electron,noun,電子,,,electrons
中級,electronic,adj.,電子的,,,
中級,electronics,noun,電子學、電子儀器,,,
中級,elegant,adj.,優雅的,,,
初級,element,noun,元素、要素,,L2,elements
中級,elementary,adj.,初級的、基礎的,,,
初級,elementary school,noun,小學,,,elementary schools
初級,elephant,noun,象,,,elephants
中高級,elevate,verb,使上升、提高,,,"elevates, elevating, elevated"
中高級,elevated,adj.,升高的、高尚的,,,
中高級,elevation,noun,海拔、高處、提升,,,elevations
中級,elevator,noun,電梯,,,elevators
初級,eleven,number/pron./noun/adj.,十一,,,elevens
中高級,elicit,verb,引起,,,"elicits, eliciting, elicited"
中高級,eligibility,noun,資格、符合條件,,,eligibilities
中高級,eligible,adj.,有資格的、合適的,,,
中級,eliminate,verb,排除、淘汰,,L7,"eliminates, eliminating, eliminated"
中高級,elite,noun/adj.,精英；精英的,,,elites
中高級,eloquence,noun,口才、雄辯,,,
中高級,eloquent,adj.,口才好的、雄辯的,,,
初級,else,adv./adj.,其他,,,
中級,elsewhere,adv.,(到)別處,,,
初級,email,noun/verb,電子郵件；寄電子郵件,,,"emails, emailing, emailed"
中高級,embargo,noun/verb,禁運、禁止,,,"embargoes, embargoing, embargoed"
中高級,embark,verb,上船(或飛機等)；開始、著手做,,,"embarks, embarking, embarked"
初級,embarrass,verb,使尷尬,,,"embarrasses, embarrassing, embarrassed"
中高級,embarrassment,noun,難堪、窘迫,,,embarrassments
中級,embassy,noun,大使館,,,embassies
中高級,embed,verb,埋置、嵌入,,,"embeds, embedding, embedded"
中高級,embody,verb,體現、具體化,,,"embodies, embodying, embodied"
中高級,embrace,verb/noun,擁抱,,,"embraces, embracing, embraced"
中高級,embrace,verb,欣然接受、包含,,,"embraces, embracing, embraced"
中高級,embryo,noun/adj.,胚胎、初期,,,"embryos, embryoes"
中級,emerge,verb,浮現、顯露,,L4,"emerges, emerging, emerged"
中高級,emergence,noun,出現,,,emergences
中級,emergency,noun,緊急、突發狀況,,,emergencies
中高級,emigrant,noun,(移居國外的)移民,,,emigrants
中高級,emigrate,verb,移居(國外),,,"emigrates, emigrating, emigrated"
中高級,emigration,noun,移民(國外),,,emigrations
中高級,emission,noun,(氣體、熱、光等)排放或散發、排放物,,,emissions
中高級,emit,verb,排放或散發(氣體、熱、光等),,,"emits, emitting, emitted"
初級,emotion,noun,情感、情緒,,,emotions
中級,emotional,adj.,感情的、激起情感的,,,
中級,emperor,noun,皇帝,,,emperors
中級,emphasis,noun,強調、重點,,L3,emphases
初級,emphasize,verb,強調,= emphasise (British English),,"emphasizes, emphasizing, emphasized"
中高級,emphatic,adj.,強調的、堅決的、明確的,,,
中級,empire,noun,帝國,,,empires
中高級,empirical,adj.,實證的、經驗主義的,,L7,
初級,employ,verb,雇用,,,"employs, employing, employed"
中級,employee,noun,雇員、員工,,,employees
中級,employer,noun,雇主、老闆,,,employers
中級,employment,noun,工作、就業,,,employments
初級,empty,adj./verb,空的；使…變空,,,"emptier, emptiest, empties, emptying, emptied"
中級,enable,verb,使能夠,,L5,"enables, enabling, enabled"
中高級,enact,verb,制定、頒布,,,"enacts, enacting, enacted"
中級,enclose,verb,圍住；(隨信)附上,,,"encloses, enclosing, enclosed"
中高級,enclosure,noun,圈地、圍起來的區域；(信的)附件,,,enclosures
中級,encounter,verb/noun,遭遇、遇到；偶遇,,L10,"encounters, encountering, encountered"
初級,encourage,verb,鼓勵,,,"encourages, encouraging, encouraged"
中級,encouragement,noun,鼓勵,,,encouragements
中高級,encyclopedia,noun,百科全書,,,encyclopedias
初級,end,noun/verb,結束、末端；結束,,,"ends, ending, ended"
中級,endanger,verb,危害、危及,,,"endangers, endangering, endangered"
中高級,endeavor,verb/noun,努力,= endeavour (British English),,"endeavors, endeavoring, endeavored"
中級,ending,noun,結局,,,endings
中高級,endless,adj.,無盡的、無休止的,,,
中高級,endorse,verb,贊同、代言、(簽名)背書,,,"endorses, endorsing, endorsed"
中高級,endow,verb,捐贈、賦予,,,"endows, endowing, endowed"
中高級,endowment,noun,捐贈、捐款、天賦,,,endowments
中級,endurance,noun,耐久力,,,
中級,endure,verb,忍耐、持久,,,"endures, enduring, endured"
初級,enemy,noun,敵人,,,enemies
中級,energetic,adj.,有活力的,,L5,
中高級,energize,verb,使精力充沛、供給能量,,,"energizes, energizing, energized"
初級,energy,noun,活力、精力；能源,,L5,energies
中級,enforce,verb,實施、執行、強迫,,L5,"enforces, enforcing, enforced"
中高級,enforcement,noun,執行（法律）,,,
中級,engage,verb,吸引(注意力)、從事、忙於；訂婚,,,"engages, engaging, engaged"
中高級,engaged,adj.,忙於…的、訂婚的,,,
中高級,engagement,noun,訂婚、約定,,,engagements
初級,engine,noun,引擎,,,engines
初級,engineer,noun,工程師,,,engineers
中級,engineering,noun,工程學,,,
初級,England,noun,英格蘭,,,
初級,English,adj./noun,英語的、英格蘭的；英語,,,
中級,enhance,verb,提高、增進,,L6,"enhances, enhancing, enhanced"
初級,enjoy,verb,享受,,,"enjoys, enjoying, enjoyed"
中級,enjoyable,adj.,令人愉快的,,,
中級,enjoyment,noun,愉快、享受,,,enjoyments
中級,enlarge,verb,擴展、放大,,,"enlarges, enlarging, enlarged"
中級,enlargement,noun,擴展、放大,,,enlargements
中高級,enlighten,verb,啟發、教導,,,"enlightens, enlightening, enlightened"
中級,enormous,adj.,龐大的,,L10,
初級,enough,adv./adj./pron.,足夠的,,,
中高級,enrich,verb,使富裕、使豐富,,,"enriches, enriching, enriched"
中級,enroll,verb,註冊、登記,= enrol (British English),,"enrolls, enrolling, enrolled"
中高級,ensue,verb,接著發生,,,"ensues, ensuing, ensued"
中級,ensure,verb,保證、確保,,L3,"ensures, ensuring, ensured"
中高級,entail,verb,牽涉、使必要,,,"entails, entailing, entailed"
初級,enter,verb,進入,,,"enters, entering, entered"
中級,enterprise,noun,企業、事業,,,enterprises
中級,entertain,verb,娛樂、款待,,,"entertains, entertaining, entertained"
中級,entertainer,noun,藝人、表演者,,,entertainers
中級,entertainment,noun,娛樂(活動),,,entertainments
中級,enthusiasm,noun,熱忱,,,enthusiasms
中高級,enthusiast,noun,熱衷…的人,,,enthusiasts
中級,enthusiastic,adj.,有熱忱的,,,
初級,entire,adj.,全部的,,,
中級,entitle,verb,使有資格、權利；命名,,,"entitles, entitling, entitled"
中高級,entity,noun,實體、獨立存在體,,L5,entities
初級,entrance,noun,入口,,,entrances
中高級,entrepreneur,noun,企業家、創業者,,,entrepreneurs
中級,entry,noun,進入、入口；條目,,,entries
初級,envelope,noun,信封,,,envelopes
中級,envious,adj.,羨慕的、嫉妒的,,,
初級,environment,noun,環境,,L1,environments
中級,environmental,adj.,環境的,,L1,
中高級,environmentalist,noun,環保主義者、環保人士,,,environmentalists
中高級,envisage,verb,想像、設想,,,"envisages, envisaging, envisaged"
中高級,envoy,noun,外交使節,,,envoys
初級,envy,noun/verb,羨慕、妒忌,,,"envies, envying, envied"
中高級,enzyme,noun,酶、酵素,,,enzymes
中高級,epic,noun/adj.,史詩；史詩的、壯麗的,,,epics
中高級,epidemic,noun/adj.,流行疾病；氾濫的,,,epidemics
中高級,episode,noun,一個事件、一集(劇),,,episodes
中高級,epoch,noun,時代、紀元,,,epochs
中高級,EQ,noun,情緒商數,= emotional quotient,,
初級,equal,adj./verb/noun,相等的；相等；相等的人事物,,,"equals, equalling, equaling, equalled, equaled"
中級,equality,noun,平等,,,equalities
中高級,equate,verb,等於、使相等,,L2,"equates, equating, equated"
中高級,equation,noun,方程式、平衡,,,equations
中高級,equator,noun,赤道,,,equators
中高級,equilibrium,noun,平衡、均勢,,,"equilibria, equilibriums"
中級,equip,verb,裝備、配備；使有能力,,L7,"equips, equipping, equipped"
中級,equipment,noun,設備、器材,,L7,equipments
中高級,equity,noun,公平、公正,,,equities
中級,equivalent,adj./noun,相等的；相等物,,L5,equivalents
中級,era,noun,年代,,,eras
中級,erase,verb,消除、擦掉,,,"erases, erasing, erased"
初級,eraser,noun,橡皮擦,,,erasers
中級,erect,verb,建造、豎立,,,"erects, erecting, erected"
中高級,erode,verb,腐蝕、侵蝕,,L9,"erodes, eroding, eroded"
中高級,erosion,noun,腐蝕、侵蝕,,,erosions
中高級,erotic,adj.,色情的,,,
中級,errand,noun,差事、跑腿,,,errands
中高級,erroneous,adj.,錯誤的,,L4,
初級,error,noun,錯誤,,L4,errors
中高級,erupt,verb,(火山)爆發、突然發生,,,"erupts, erupting, erupted"
中高級,eruption,noun,爆發,,,eruptions
中高級,escalate,verb,逐步擴大、惡化,,,"escalates, escalating, escalated"
中級,escalator,noun,電扶梯,,,escalators
中級,escape,verb/noun,逃脫、退出,,,"escapes, escaping, escaped"
中高級,escort,noun/verb,護衛者；護送,,,"escorts, escorting, escorted"
初級,especially,adv.,尤其,,,
中級,essay,noun,論說文、文章,,,essays
中高級,essence,noun,本質；精油,,,essences
中級,essential,adj.,不可或缺的、本質的,,,
中級,essentially,adv.,本質上、基本上,,,
中級,establish,verb,建立,,L1,"establishes, establishing, established"
中高級,established,adj.,已確立的、著名的,,,
中高級,establishment,noun,建立、機構,,,establishments
中級,estate,noun,地產、資產、莊園,,L6,estates
中高級,esteem,noun/verb,尊敬,,,"esteems, esteeming, esteemed"
中級,estimate,verb/noun,估計、估算,,L1,"estimates, estimating, estimated"
中級,etc.,adv.,等等,= et cetera,,
中高級,eternal,adj.,永恆的、永不停止的,,,
中高級,eternity,noun,永恆、永生、漫長時間,,,eternities
中高級,ethic,noun,倫理準則,,L9,ethics
中高級,ethical,adj.,倫理的、道德的,,L9,
中高級,ethics,noun,倫理(學)、倫理觀,,,
中高級,ethnic,adj.,種族的、民族的,,L4,
初級,Europe,noun,歐洲,,,
初級,European,adj./noun,歐洲(人)的；歐洲人,,,Europeans
中高級,evacuate,verb,撤離、疏散,,,"evacuates, evacuating, evacuated"
中高級,evacuation,noun,撤離、疏散,,,evacuations
中級,evaluate,verb,評估、評價,,L2,"evaluates, evaluating, evaluated"
中高級,evaluation,noun,評估、評價,,,evaluations
中高級,evaporate,verb,蒸發、消失,,,"evaporates, evaporating, evaporated"
中高級,evaporation,noun,蒸發、消失,,,evaporations
初級,eve,noun,前夕,,,eves
中級,even,adj.,平坦的、均等的,,,
初級,even,adv.,甚至、更加,,,
初級,evening,noun,傍晚、晚上,,,evenings
初級,event,noun,事件、活動,,,events
中級,eventual,adj.,最終的,,L8,
初級,ever,adv.,從來、在任何時候,,,
中高級,evergreen,adj./noun,常青的；常青植物,,,evergreens
初級,every,adj.,每個,,,
初級,everybody,pron.,每個人,,,
中級,everyday,adj.,每天的、日常的,,,
初級,everyone,pron.,每人,= everybody,,
初級,everything,pron.,每件事,,,
初級,everywhere,adv.,到處,,,
中級,evidence,noun/verb,證據；作為證據、證明,,L1,"evidences, evidencing, evidenced"
中級,evident,adj.,顯而易見的,,L1,
初級,evil,noun/adj.,邪惡；邪惡的,,,evils
中高級,evoke,verb,喚起、引起,,,"evokes, evoking, evoked"
中級,evolution,noun,演化、演變,,L5,evolutions
中級,evolve,verb,演化、演變,,L5,"evolves, evolving, evolved"
初級,exact,adj.,確切的,,,"exacter, exactest"
中級,exactly,adv.,準確地、完全、確實如此,,,
中級,exaggerate,verb,誇張、誇大,,,"exaggerates, exaggerating, exaggerated"
中高級,exaggeration,noun,誇張、誇大,,,exaggerations
初級,exam,noun,考試,,,exams
中級,examination,noun,考試；檢查、審查、調查,,,examinations
初級,examine,verb,檢查,,,"examines, examining, examined"
中高級,examinee,noun,應試者、受檢者,,,examinees
中級,examiner,noun,考官,,,examiners
初級,example,noun,例子,,,examples
中高級,exceed,verb,超出,,L6,"exceeds, exceeding, exceeded"
中高級,exceedingly,adv.,極度地,,,
中高級,excel,verb,勝過、優於,,,"excels, excelling, excelled"
中級,excellence,noun,卓越,,,excellences
初級,excellent,adj.,傑出的,,,
初級,except,conj./prep.,除…之外,,,
中級,exception,noun,例外,,,exceptions
中級,exceptional,adj.,卓越的、非比尋常的,,,
中高級,excerpt,noun/verb,摘錄,,,"excerpts, excerpting, excerpted"
中高級,excess,adj.,過量的,,,
中高級,excess,noun,過量、超過,,,excesses
中高級,excessive,adj.,過度的、過量的,,,
中級,exchange,noun/verb,交換、兌換,,,"exchanges, exchanging, exchanged"
初級,excite,verb,使興奮,,,"excites, exciting, excited"
中級,excitement,noun,興奮,,,excitements
中級,exclaim,verb,驚呼、大聲叫嚷,,,"exclaims, exclaiming, exclaimed"
中高級,exclude,verb,拒絕在外、排除,,L3,"excludes, excluding, excluded"
中高級,exclusion,noun,排除(之事物),,,exclusions
中高級,exclusive,adj.,除外的；專用的、獨有的,,,
中高級,exclusive,noun,獨家新聞,,,exclusives
中級,excursion,noun,遠足、短途旅行,,,excursions
初級,excuse,noun,藉口,,,excuses
初級,excuse,verb,原諒,,,"excuses, excusing, excused"
中高級,execute,verb,執行；處死,,,"executes, executing, executed"
中高級,execution,noun,執行；處以死刑,,,executions
中級,executive,noun,高層主管、執行委員會,,,executives
中級,executive,adj.,執行的、行政的,,,
中高級,exemplify,verb,為…典型、舉例說明,,,"exemplifies, exemplifying, exemplified"
中高級,exempt,adj./verb,豁免的、免除的；豁免、免除,,,"exempts, exempting, exempted"
初級,exercise,noun/verb,運動、練習；運動,,,"exercises, exercising, exercised"
中高級,exert,verb,施加、行使,,,"exerts, exerting, exerted"
中級,exhaust,verb,使精疲力盡、用光,,,"exhausts, exhausting, exhausted"
中級,exhaust,noun,廢氣,,,exhausts
中級,exhibit,verb,展覽；表現出,,L8,"exhibits, exhibiting, exhibited"
中級,exhibit,noun,展覽(品),,L8,exhibits
中級,exhibition,noun,展覽；表現,,,exhibitions
中高級,exile,noun/verb,流亡(者)、放逐,,,"exiles, exiling, exiled"
初級,exist,verb,存在,,,"exists, existing, existed"
中級,existence,noun,存在,,,existences
中高級,existing,adj.,現行的、現存的,,,
初級,exit,noun/verb,出口；離開,,,"exits, exiting, exited"
中高級,exotic,adj.,異國的、奇特的,,,
中級,expand,verb,擴展、擴大,,L5,"expands, expanding, expanded"
中級,expansion,noun,擴展、擴大,,,expansions
初級,expect,verb,預料、期待,,,"expects, expecting, expected"
中級,expectation,noun,期望,,,expectations
中高級,expedition,noun,遠征(隊)、探險(隊),,,expeditions
中高級,expel,verb,驅逐、開除；排出,,,"expels, expelling, expelled"
中高級,expend,verb,花費、耗費,,,"expends, expending, expended"
中高級,expenditure,noun,支出、耗費,,,expenditures
中級,expense,noun,費用、開銷,,,expenses
初級,expensive,adj.,昂貴的,,,
初級,experience,noun/verb,經驗；體驗,,,"experiences, experiencing, experienced"
中高級,experienced,adj.,有經驗的,,,
中級,experiment,noun/verb,實驗、試驗,,,"experiments, experimenting, experimented"
中級,experimental,adj.,實驗性的,,,
初級,expert,noun,專家,,L6,experts
中高級,expertise,noun,專業知識、專門技術,,L6,expertises
中高級,expiration,noun,到期、期滿,,,expirations
中高級,expire,verb,到期、(期限)終止,,,"expires, expiring, expired"
初級,explain,verb,解釋,,,"explains, explaining, explained"
中級,explanation,noun,解釋,,,explanations
中高級,explicit,adj.,詳盡的、明確的；露骨的、赤裸的,,L6,
中級,explode,verb,爆炸,,,"explodes, exploding, exploded"
中級,exploit,verb,剝削、利用、開採,,L8,"exploits, exploiting, exploited"
中高級,exploration,noun,探索、研究調查,,,explorations
中級,explore,verb,探索,,,"explores, exploring, explored"
中級,explorer,noun,探險者,,,explorers
中級,explosion,noun,爆炸,,,explosions
中級,explosive,adj./noun,易爆的、爆炸性的；爆炸物,,,explosives
初級,export,noun/verb,出口、輸出,,L1,"exports, exporting, exported"
中級,expose,verb,暴露、揭露,,L5,"exposes, exposing, exposed"
中高級,exposition,noun,闡述；博覽會,,,expositions
中級,exposure,noun,暴露、揭露；曝光、宣傳,,,exposures
初級,express,verb,表達,,,"expresses, expressing, expressed"
初級,express,noun,快車、快遞,,,expresses
初級,express,adj.,快的,,,
中級,expression,noun,表達；表情；措詞,,,expressions
中高級,expressive,adj.,表現…的、富有表情的,,,
中高級,expulsion,noun,驅逐、排出,,,expulsions
中高級,exquisite,adj.,精美的、精緻的,,,
中級,extend,verb,擴大、延長,,,"extends, extending, extended"
中級,extension,noun,延長、擴大、延伸；電話分機,,,extensions
中級,extensive,adj.,廣闊的、廣泛的,,,
中級,extent,noun,程度、範圍,,,extents
中高級,exterior,noun/adj.,外表；外部的、外面的,,,exteriors
中高級,external,adj.,外部的、外面的,,L5,
中高級,externals,noun,外貌、外觀,,,externalses
中級,extinct,adj.,絕種的,,,
中高級,extinguish,verb,熄滅、使破滅,,,"extinguishes, extinguishing, extinguished"
初級,extra,adj.,額外的,,,
中高級,extract,verb,抽出、提取,,L7,"extracts, extracting, extracted"
中高級,extract,noun,萃取物；摘要,,L7,extracts
中高級,extracurricular,adj.,課外的,,,
中高級,extradite,verb,引渡(逃犯),,,"extradites, extraditing, extradited"
中級,extraordinary,adj.,非凡的、異常的,,,
中高級,extravagant,adj.,奢侈浪費的、過度的,,,
中級,extreme,adj./noun,極度的、極端的；極端,,,extremes
中高級,extremist,noun/adj.,極端分子(的),,,extremists
初級,eye,noun,眼睛,,,eyes
中級,eyebrow,noun,眉毛,,,eyebrows
中高級,eyelash,noun,睫毛,= lash,,eyelashes
中高級,eyelid,noun,眼皮,,,eyelids
中級,eyesight,noun,視力,,,
中級,fable,noun,寓言,,,fables
中高級,fabric,noun,織品、布料；結構,,,fabrics
中高級,fabricate,verb,偽造、杜撰,,,"fabricates, fabricating, fabricated"
中高級,fabulous,adj.,驚人的、極好的,,,
初級,face,noun/verb,臉；面對,,,"faces, facing, faced"
中高級,facet,noun,面、方面,,,facets
中級,facial,adj.,臉部的,,,
中高級,facilitate,verb,使容易、促進,,L5,"facilitates, facilitating, facilitated"
中級,facility,noun,設施、設備,,,facilities
初級,fact,noun,事實,,,facts
中高級,faction,noun,(組織內部的)派系,,,factions
中級,factor,noun,因素,,L1,factors
初級,factory,noun,工廠,,,factories
中高級,faculty,noun,全體教職員；才能、(身體)機能,,,faculties
中高級,fad,noun,一時的流行,,,fads
中級,fade,verb,變淡、逐漸消失,,,"fades, fading, faded"
中高級,Fahrenheit,noun,華氏溫度,,,
初級,fail,verb,失敗、不及格,,,"fails, failing, failed"
初級,failure,noun,失敗、故障,,,failures
中級,faint,adj.,微弱的；昏眩的,,,"fainter, faintest"
中級,faint,verb/noun,昏倒,,,"faints, fainting, fainted"
初級,fair,adj.,公平的,,,"fairer, fairest"
初級,fair,noun,市集、商品展覽會、園遊會,,,fairs
中級,fairly,adv.,相當地、公正地,,,
中級,fairy,noun,仙子、小精靈,,,fairies
中級,faith,noun,信心、信仰,,,faiths
中級,faithful,adj.,忠誠的、如實的,,,
中級,fake,adj./noun/verb,假的、偽造的；假貨；偽造、佯裝,,,"fakes, faking, faked"
初級,fall,noun,秋天,= autumn,,falls
初級,fall,verb,跌倒、掉落、下降,,,"falls, falling, fell, fallen"
初級,false,adj.,錯誤的、假的,,,
中高級,falter,verb,動搖、猶豫；蹣跚；結巴,,,"falters, faltering, faltered"
中級,fame,noun,名氣,,,
中級,familiar,adj.,熟悉的,,,
中高級,familiarity,noun,熟悉、親近,,,familiarities
初級,family,noun,家人、家庭,,,families
中高級,famine,noun,饑荒,,,famines
初級,famous,adj.,著名的,,,
初級,fan,noun,迷、狂熱愛好者；扇,,,fans
初級,fancy,adj.,花俏的、昂貴的、豪華的,,,"fancier, fanciest"
初級,fantastic,adj.,極好的,,,
中級,fantasy,noun,幻想、想像、奇幻文學,,,fantasies
初級,far,adv./adj.,遠、非常；遠的,,,"further, farther, farthest, furthest"
中級,fare,noun,(交通工具)費,,,fares
中級,farewell,noun/adj.,告別；告別的,,,farewells
初級,farm,noun,農場,,,farms
初級,farmer,noun,農夫,,,farmers
中級,farming,noun,農業、畜牧業、養殖業,,,farmings
中級,fascinate,verb,迷住,,,"fascinates, fascinating, fascinated"
中高級,fascination,noun,魅力、著迷,,,fascinations
初級,fashion,noun,流行時尚,,,fashions
初級,fashion,verb,塑造成、製作,,,"fashions, fashioning, fashioned"
初級,fashionable,adj.,時髦的,,,
初級,fast,adj./adv.,快的；快速地,,,"faster, fastest"
中級,fasten,verb,扣緊、使牢固,,,"fastens, fastening, fastened"
初級,fat,adj./noun,肥胖的；脂肪,,,"fatter, fattest, fats"
中級,fatal,adj.,致命的、災難性的,,,
中級,fate,noun,命運,,,fates
初級,father,noun,父親,,,fathers
中高級,fatigue,noun,疲憊、勞累,,,
中高級,fatty,adj.,肥胖的、脂肪多的,,,"fattier, fattiest"
初級,faucet,noun,水龍頭,,,faucets
初級,fault,noun,過錯、缺點,,,faults
中級,faulty,adj.,有缺陷的,,,"faultier, faultiest"
初級,favor,verb/noun,支持、偏袒；幫助、恩惠,= favour (British English),,"favors, favoring, favored"
中級,favorable,adj.,贊同的、有利的,,,
初級,favorite,adj./noun,最喜愛的；最喜愛的人/物,= favourite (British English),,favorites
中級,fax,noun/verb,傳真(機),,,"faxes, faxing, faxed"
初級,fear,noun/verb,恐懼、害怕,,,"fears, fearing, feared"
中高級,fearful,adj.,恐懼的、擔心的,,,
中高級,feasible,adj.,可行的,,,
中級,feast,noun/verb,盛宴,,,"feasts, feasting, feasted"
中高級,feat,noun,功績、英勇事蹟,,,feats
中級,feather,noun,羽毛,,,feathers
中級,feature,noun/verb,特色；以…為特色,,L2,"features, featuring, featured"
初級,February,noun,二月,= Feb.,,
中級,federal,adj.,聯邦政府的,,L6,
中高級,federation,noun,聯邦政府(制度)聯盟,,L6,federations
初級,fee,noun,費用,,L6,fees
中高級,feeble,adj.,虛弱的、薄弱的,,,"feebler, feeblest"
初級,feed,verb,餵,,,"feeds, feeding, fed"
中級,feedback,noun,回饋,,,feedbacks
中高級,feeder,adj.,支流的,,,
中高級,feeder,noun,餵食器,,,feeders
初級,feel,verb,感覺,,,"feels, feeling, felt"
初級,feeling,noun,感覺、感情,,,feelings
初級,fellow,noun/adj.,夥伴；同類的、同伴的,,,fellows
中高級,fellowship,noun,交情、合夥關係、團體,,,fellowships
初級,female,adj./noun,女性的；女性,,,females
中高級,feminine,adj.,女性(特質)的、陰性的,,,
中高級,feminism,noun,女性主義,,,feminisms
中高級,feminist,noun/adj.,女權主義(者的),,,feminists
初級,fence,noun,籬笆,,,fences
中級,ferry,noun/verb,渡輪；運送,,,"ferries, ferrying, ferried"
中級,fertile,adj.,肥沃的、豐富的；可生育的,,,
中高級,fertility,noun,肥沃；生殖力,,,fertilities
中級,fertilizer,noun,肥料,,,fertilizers
初級,festival,noun,節慶,,,festivals
中級,fetch,verb,拿來、取物、接,,,"fetches, fetching, fetched"
中級,fetch,noun,(跟狗玩的)丟接遊戲,,,fetches
初級,fever,noun,發燒,,,fevers
初級,few,pron./adj.,少數的,,,"fewer, fewest"
中高級,fiancé,noun,未婚夫,未婚夫為fiancé，未婚妻為fiancée,,
中高級,fiber,noun,纖維,= fibre (British English),,fibers
中級,fiction,noun,小說、虛構的事,,,fictions
中高級,fiddle,noun,小提琴,,,fiddles
中高級,fiddle,verb,隨意擺弄；偽造,,,"fiddles, fiddling, fiddled"
中高級,fidelity,noun,忠貞、忠誠、精確,,,fidelities
初級,field,noun,田地；運動場；領域,,,fields
中級,fierce,adj.,激烈的、兇猛的,,,"fiercer, fiercest"
初級,fifteen,number/pron./noun/adj.,十五,,,fifteens
初級,fifty,number/pron./noun/adj.,五十,,,fifties
初級,fight,verb/noun,打架、爭吵、抗爭,,,"fights, fighting, fought"
中級,fighter,noun,戰士、打者；戰鬥機,,,fighters
初級,figure,noun,數字、圖表,,,figures
初級,figure,verb,認為、計算,,,"figures, figuring, figured"
中級,file,noun,檔案,,L7,files
中級,file,verb,把(文件)歸檔；提出(訴訟、申請等),,L7,"files, filing, filed"
初級,fill,verb,裝滿,,,"fills, filling, filled"
初級,film,noun,電影,,,films
中高級,filter,verb,過濾；穿透、滲入,,,"filters, filtering, filtered"
中高級,filter,noun,過濾器,,,filters
中高級,fin,noun,魚鰭,,,fins
初級,final,adj.,最後的,,L2,
初級,final,noun,期末考,,L2,finals
中級,finance,noun/verb,金融、財政；(提供)資金,,L1,"finances, financing, financed"
中級,financial,adj.,財務的、金融的,,,
初級,find,verb,找到；感到,,,"finds, finding, found"
中高級,finding,noun,發現、調查結果、研究結果,,,findings
初級,fine,adj.,很好的,,,"finer, finest"
初級,fine,verb/noun,處以罰金；罰金,,,"fines, fining, fined"
初級,finger,noun,手指,,,fingers
初級,finish,verb/noun,結束,,,"finishes, finishing, finished"
中高級,finite,adj.,有限的,,L7,
初級,fire,noun,火,,,fires
初級,fire,verb,開火、發射；開除,,,"fires, firing, fired"
中高級,firecracker,noun,鞭炮,,,firecrackers
中高級,firefighter,noun,消防員,= fireman,,firefighters
中級,fireplace,noun,壁爐,,,fireplaces
中高級,fireproof,adj.,防火的,,,
中級,firework,noun,煙火,,,fireworks
初級,firm,noun,公司,,,firms
初級,firm,adj.,堅固的,,,"firmer, firmest"
初級,first,adj./adv./pron.,首先,,,
中高級,first-class,adj./adv.,一流的(地)、頭等的(地),= first class,,
中高級,fiscal,adj.,財政的、會計的,,,
初級,fish,noun/verb,魚；釣魚,,,"fishes, fishing, fished"
初級,fisherman,noun,漁民,,,fishermen
中高級,fishery,noun,漁業、漁場,,,fisheries
中級,fist,noun/verb,拳頭;握拳、拳打,,,"fists, fisting, fisted"
中級,fit,noun,一陣；(病)發作,,,fits
初級,fit,verb,合適,,,"fits, fitting, fitted"
初級,fit,adj,健壯的、健康的,,,"fitter, fittest"
中高級,fitting,noun,試衣服,,,fittings
中高級,fitting,adj.,適合的、恰當的,,,
初級,five,number/pron./noun/adj.,五,,,fives
初級,fix,verb,修理,,,"fixes, fixing, fixed"
中高級,fixed,adj.,固定的、不變的,,,
中高級,fixture,noun,(房屋內)固定裝置或裝潢,,,fixtures
初級,flag,noun,旗,,,flags
中高級,flake,noun/verb,小薄片；(成片)脫落,,,"flakes, flaking, flaked"
中級,flame,noun/verb,火焰；燃燒,,,"flames, flaming, flamed"
中高級,flank,noun/verb,側腹、側面；位於側面,,,"flanks, flanking, flanked"
中高級,flap,verb,拍打,,,"flaps, flapping, flapped"
中高級,flap,noun,拍打聲；,,,flaps
中高級,flare,noun/verb,火焰、照明彈；燃燒、爆發,,,"flares, flaring, flared"
中級,flash,noun/verb,閃光、(想法)掠過,,,"flashes, flashing, flashed"
初級,flashlight,noun,手電筒,,,flashlights
初級,flat,noun,公寓,= apartment,,flats
初級,flat,adj.,平坦的,,,"flatter, flattest"
初級,flat tire,noun,沒氣的輪胎,,,flat tires
中級,flatter,verb,奉承,,,"flatters, flattering, flattered"
中級,flavor,noun/verb,味道；調味,= flavour (British English),,"flavors, flavoring, flavored"
中高級,flaw,noun/verb,缺點、瑕疵；使有缺陷,,,"flaws, flawing, flawed"
中級,flea,noun,跳蚤,,,fleas
中級,flee,verb,逃離,,,"flees, fleeing, fled"
中高級,fleet,noun,艦隊,,,fleets
中級,flesh,noun,肉,,,
中級,flexible,adj.,有彈性的,,L6,
中高級,flick,verb/noun,輕彈；彈掉(聲),,,"flicks, flicking, flicked"
中高級,flicker,verb/noun,閃爍、一閃而過,,,"flickers, flickering, flickered"
初級,flight,noun,航程、班機,,,flights
中高級,fling,noun,短暫的快樂時光,,,flings
中高級,fling,verb,(用力)扔擲、猛烈地做,,,"flings, flinging, flung"
中級,float,verb/noun,漂浮、飄動；浮板,,,"floats, floating, floated"
中級,flock,noun/verb,(羊或鳥)群、人群；聚集,,,"flocks, flocking, flocked"
中級,flood,noun/verb,水災；淹水、氾濫,,,"floods, flooding, flooded"
中級,flooding,noun,水災,,,floodings
初級,floor,noun,地板、樓層,,,floors
中高級,flop,verb/noun,重重落下、失敗,,,"flops, flopping, flopped"
中高級,flounder,noun,比目魚,,,flounders
中高級,flounder,verb,掙扎、陷入困境,,,"flounders, floundering, floundered"
初級,flour,noun,麵粉,,,
中高級,flourish,verb,茁壯、繁盛,,,"flourishes, flourishing, flourished"
中高級,flourish,noun,(引起注意的)誇張動作,,,flourishes
初級,flow,noun/verb,流動,,,"flows, flowing, flowed"
初級,flower,noun,花,,,flowers
初級,flu,noun,流行性感冒,,,
中高級,fluctuate,verb,波動、變動,,L8,"fluctuates, fluctuating, fluctuated"
中高級,fluency,noun,流利,,,fluencies
中級,fluent,adj.,流利的,,,
中高級,fluid,noun/adj.,液體；易變的、流暢的、流動的,,,fluids
中高級,flunk,verb,(使)不及格,,,"flunks, flunking, flunked"
中級,flush,verb/noun,臉紅；沖馬桶,,,"flushes, flushing, flushed"
初級,flute,noun,長笛,,,flutes
中高級,flutter,verb/noun,振翅、(旗)飄揚、不規則跳動,,,"flutters, fluttering, fluttered"
初級,fly,verb,飛,,,"flies, flying, flew, flied, flown"
初級,fly,noun,蒼蠅,,,flies
中級,foam,noun/verb,泡沫；起泡沫,,,"foams, foaming, foamed"
初級,focus,noun/verb,焦點；聚焦,,L2,"focuses, foci, focusses, focusing, focussing, focused, focussed"
中高級,foe,noun,敵人,,,foes
初級,fog,noun,霧,,,fogs
中級,foggy,adj.,多霧的,,,"foggier, foggiest"
中高級,foil,noun,(金屬)箔；陪襯物,,,foils
中高級,foil,verb,阻止,,,"foils, foiling, foiled"
中級,fold,verb/noun,摺疊；褶(痕),,,"folds, folding, folded"
中級,folk,noun/adj.,人們；民俗的、民間的,,,folks
中高級,folklore,noun,民間傳說、民俗,,,
初級,follow,verb,跟隨、接著、遵循,,,"follows, following, followed"
中級,follower,noun,追隨者,,,followers
初級,following,adj./prep./pron./noun,接著的、下列的；在…之後；下列事物；追隨者,,,followings
中高級,follow-up,noun,後續(行動),,,follow-ups
中級,fond,adj.,喜歡的,,,"fonder, fondest"
初級,food,noun,食物,,,foods
初級,fool,noun/adj.,傻瓜；愚蠢的,,,fools
初級,fool,verb,愚弄、欺騙,,,"fools, fooling, fooled"
初級,foolish,adj.,愚蠢的,,,
初級,foot,noun,腳,,,feet
中高級,footage,noun,一段影片,,,
初級,football,noun,足球,,,footballs
中高級,footstep,noun,腳步(聲),,,footsteps
初級,for,prep.,為了、給、(時間、距離)達,,,
初級,for,conj.,因為,,,
中級,forbid,verb,禁止、阻止,,,"forbids, forbidding, forbade, forbad, forbidden"
中高級,forbidden,adj.,禁止的,,,
初級,force,noun,力量,,,forces
初級,force,verb,強迫,,,"forces, forcing, forced"
中級,forecast,noun/verb,預報；預測,,,"forecasts, forecasting, forecasted"
中級,forehead,noun,額頭,= brow (British English),,foreheads
初級,foreign,adj.,外國的,,,
初級,foreigner,noun,外國人,,,foreigners
中高級,foremost,adj.,最重要的、最佳的,,,
中級,foresee,verb,預見,,,"foresees, foreseeing, foresaw, foreseen"
初級,forest,noun,森林,,,forests
中級,forever,adv.,永遠,,,
中高級,forge,noun,熔鐵廠,,,forges
中高級,forge,verb,鍛造、偽造、創造,,,"forges, forging, forged"
初級,forget,verb,忘記,,,"forgets, forgetting, forgot, forgotten"
中級,forgetful,adj.,健忘的,,,
初級,forgive,verb,原諒,,,"forgives, forgiving, forgave, forgiven"
初級,fork,noun,叉子,,,forks
初級,form,noun,表格、形狀,,,forms
初級,form,verb,組成,,,"forms, forming, formed"
初級,formal,adj.,正式的,,,
中高級,format,noun/verb,模式、格式；編排格式、格式化,,L9,"formats, formatting, formatted"
中級,formation,noun,組成,,,formations
初級,former,pron./adj.,前者；從前的,,,
中高級,formidable,adj.,令人敬畏的、難對付的,,,
中級,formula,noun,公式、方程式,,L1,"formulas, formulae, formulæ"
中高級,formulate,verb,制訂、構想、闡明,,,"formulates, formulating, formulated"
中高級,forsake,verb,拋棄、摒棄,,,"forsakes, forsaking, forsook, forsaken"
中級,fort,noun,要塞、堡壘,,,forts
中級,forth,adv.,向前,,,
中高級,forthcoming,adj.,即將到來的,,L10,
中高級,fortify,verb,加強、增強,,,"fortifies, fortifying, fortified"
中高級,fortnight,noun,兩星期,,,fortnights
中級,fortunate,adj.,幸運的,,,
中級,fortune,noun,運氣、命運；財富,,,fortunes
初級,forty,number/pron./noun/adj.,四十,,,forties
中高級,forum,noun,論壇、討論會,,,"forums, fora"
初級,forward,adv./adj.,向前；前面的,adv.= forwards（British English）,,
中高級,fossil,noun/adj.,化石、守舊的人；化石的、守舊的,,,fossils
中高級,foster,adj./verb,寄養的；寄養、培養,,,"fosters, fostering, fostered"
中高級,foul,adj.,糟糕的、粗鄙的,,,"fouler, foulest"
中高級,foul,verb,犯規、弄髒,,,"fouls, fouling, fouled"
中高級,foul,noun,犯規,,,fouls
中級,found,verb,創辦、建立,,L9,"founds, founding, founded"
中級,foundation,noun,創辦；基礎；基金會,,L7,foundations
中級,founder,noun,創辦者、建立者,,,founders
中級,fountain,noun,噴泉、噴水池,,,fountains
初級,four,number/pron./noun/adj.,四,,,fours
初級,fourteen,number/pron./noun/adj.,十四,,,fourteens
中高級,fowl,noun,家禽、鳥,,,fowls
初級,fox,noun,狐狸,,,foxes
中高級,fraction,noun,分數、小部分、一點點,,,fractions
中高級,fracture,noun/verb,斷裂、骨折,,,"fractures, fracturing, fractured"
中高級,fragile,adj.,易碎的、脆弱的、纖細的,,,
中高級,fragment,noun/verb,碎片；(使成)碎片,,,"fragments, fragmenting, fragmented"
中級,fragrance,noun,香味、香水,,,fragrances
中高級,fragrant,adj.,芳香的,,,
中高級,frail,adj.,虛弱的、易損壞的,,,"frailer, frailest"
中級,frame,verb/noun,裝框、構想；架構、框架,,,"frames, framing, framed"
中高級,framework,noun,架構、體系,,L3,frameworks
中高級,franc,noun,法郎,,,francs
初級,France,noun,法國,,,
中高級,franchise,noun/verb,加盟權、加盟商店；給予加盟權,,,"franchises, franchising, franchised"
初級,frank,adj.,坦白的,,,"franker, frankest"
中高級,frantic,adj.,發狂似的、緊張忙亂的,,,
中高級,fraud,noun,詐騙、騙子,,,frauds
中高級,freak,adj./noun,怪異的；怪人、怪物,,,freaks
中高級,freak,verb,嚇壞、極度激動,,,"freaks, freaking, freaked"
初級,free,adj.,空閒、免費、自由的,,,"freeer, freeest"
初級,free,verb,使自由,,,"frees, freeing, freed"
初級,freedom,noun,自由,,,freedoms
中級,freeway,noun,高速公路,= motorway (British English),,freeways
中級,freeze,verb,結冰、冷凍；呆住、不動,,,"freezes, freezing, froze, frozen"
初級,freezer,noun,冰箱,,,freezers
中級,freezing,adj.,極冷的、冰凍的,,,
初級,French fries,noun,炸薯條,,,
中級,frequency,noun,頻繁、頻率,,,frequencies
中級,frequent,adj./verb,頻繁的；常去(某處),,,"frequents, frequenting, frequented"
初級,fresh,adj.,新鮮的,,,"fresher, freshest"
中級,freshman,noun,(高中或大學)一年級新生,,,freshmen
中高級,fret,verb,苦惱、發愁,,,"frets, fretting, fretted"
中高級,friction,noun,摩擦(力)、不和,,,frictions
初級,Friday,noun,星期五,= Fri.,,
中級,fridge,noun,冰箱,= refrigerator,,fridges
初級,friend,noun,朋友,,,friends
初級,friendly,adj.,友善的,,,"friendlier, friendliest"
初級,friendship,noun,友誼,,,friendships
中級,fright,noun,驚嚇、恐怖,,,frights
初級,frighten,verb,使驚恐,,,"frightens, frightening, frightened"
中高級,fringe,noun,邊緣；穗狀物,,,fringes
中高級,fringe,verb,邊緣有著,,,"fringes, fringing, fringed"
初級,frisbee,noun,飛盤,,,frisbees
初級,frog,noun,青蛙,,,frogs
初級,from,prep.,從,,,
初級,front,noun/adj.,前面；前面的,,,fronts
中高級,frontier,noun,邊境；新領域,,,frontiers
中高級,front-page,adj.,頭版的、重要的,,,
中級,frost,noun/verb,霜、嚴寒；結霜,,,"frosts, frosting, frosted"
中級,frosty,adj.,結霜的、嚴寒的,,,"frostier, frostiest"
中級,frown,verb/noun,皺眉、表示不滿；皺眉、不悅之色,,,"frowns, frowning, frowned"
中級,frozen,adj.,冷凍的,,,
初級,fruit,noun,水果,,,fruits
中高級,fruitful,adj.,有成果的、富饒多產的,,,
中級,frustrate,verb,挫敗、使灰心,,,"frustrates, frustrating, frustrated"
中高級,frustration,noun,沮喪、挫折,,,frustrations
初級,fry,verb/noun,炒、炸；油炸物,,,"fries, frying, fried"
中級,fuel,noun/verb,燃料、提供燃料；刺激因素、刺激,,,"fuels, fueling, fuelling, fueled, fuelled"
中級,fulfill,verb,實現、履行,= fulfil (British English),,"fulfills, fulfils, fulfilling, fulfilled"
初級,full,adj.,滿的、充滿的,,,"fuller, fullest"
中級,full-time,adj./adv.,全職的(地)、全日的(地),,,
中級,fully,adv.,完全地、充分地,,,
中高級,fume,verb,發怒；冒煙,,,"fumes, fuming, fumed"
中高級,fumes,noun,(有害的)煙、廢氣,,,
初級,fun,noun/adj.,樂趣；有趣的,,,
初級,function,noun/verb,功用；發揮功用,,L1,"functions, functioning, functioned"
中級,functional,adj.,實用的、功能的,,L1,
中級,fund,noun/verb,資金、基金；資助,,L3,"funds, funding, funded"
中級,fundamental,adj.,根本的、基礎的,,L5,
中高級,fundamentalism,noun,基要主義、基本教義派,,,
中高級,fundamentalist,noun/adj.,基要主義者、基本教義派人士；基要主義的、基本教義派的,,,fundamentalists
中高級,funding,noun,基金、經費,,,fundings
中級,funeral,noun,葬禮,,,funerals
初級,funny,adj.,有趣的、好笑的,,,"funnier, funniest"
中級,fur,noun,毛(皮),,,furs
中級,furious,adj.,盛怒的,,,
中高級,furnace,noun,火爐、暖氣爐,,,furnaces
中級,furnish,verb,配備傢俱,,,"furnishes, furnishing, furnished"
初級,furniture,noun,傢俱,,,
初級,further,adv./adj.,進一步地；進一步的,,,
中級,furthermore,adv.,而且、此外,,L6,
中高級,fury,noun,狂怒、狂暴,,,furies
中高級,fuse,noun,保險絲、引線,,,fuses
中高級,fuse,verb,熔合、結合,,,"fuses, fusing, fused"
中高級,fusion,noun,融合,,,fusions
中高級,fuss,noun/verb,大驚小怪、(對小事)過於煩惱,,,"fusses, fussing, fussed"
初級,future,noun/adj.,未來；未來的,,,futures
初級,gain,verb/noun,獲得、增加；利潤,,,"gains, gaining, gained"
中高級,galaxy,noun,星系、銀河(系),,,galaxies
中級,gallery,noun,畫廊、展覽館,,,galleries
中級,gallon,noun,加侖,,,gallons
中高級,gallop,noun/verb,(馬)疾馳,,,"gallops, galloping, galloped"
中級,gamble,verb/noun,賭博、打賭,,,"gambles, gambling, gambled"
中級,gambler,noun,賭徒,,,gamblers
初級,game,noun,比賽,,,games
中級,gang,noun/verb,幫派、一夥(朋友)；結夥,,,"gangs, ganging, ganged"
中級,gangster,noun,歹徒、流氓,,,gangsters
中級,gap,noun,缺口、縫隙、差距,,,gaps
初級,garage,noun,車庫,,,garages
初級,garbage,noun,垃圾,,,
初級,garden,noun,花園,,,gardens
中級,gardener,noun,園丁,,,gardeners
中級,garlic,noun,大蒜,,,garlics
中高級,garment,noun,衣服、穿著,,,garments
初級,gas,noun,瓦斯、氣體,,,"gases, gasses"
中高級,gaseous,adj.,氣體(狀態)的,,,
初級,gasoline,noun,石油,= gas= petrol,,gasolines
中高級,gasp,noun/verb,倒抽一口氣、喘氣,,,"gasps, gasping, gasped"
初級,gate,noun,大門、柵門,,,gates
初級,gather,verb,聚集,,,"gathers, gathering, gathered"
中高級,gathering,noun,集會,,,gatherings
中高級,gathering,noun,收集,,,gatherings
中高級,gathering,adj.,增加的,,,
中高級,gauge,verb/noun,測量、判斷；測量儀器,,,"gauges, gauging, gauged"
中級,gay,adj.,同性戀的、愉快的,,,"gayer, gayest"
中級,gaze,verb/noun,凝視、注視,,,"gazes, gazing, gazed"
中級,gear,noun,(汽車)排檔、齒輪；裝備、用具,,,gears
中級,gear,verb,使適合,,,"gears, gearing, geared"
中高級,gel,verb/noun,膠化、凝膠,,,"gels, gells, jells, gelling, jelling, gelled, jelled"
中高級,gender,noun,性別,,L6,genders
中級,gene,noun,基因,,,genes
初級,general,adj.,一般的、普遍的,,,
初級,general,noun,將軍,,,generals
中高級,generalize,verb,概括、歸納,,,"generalizes, generalizing, generalized"
中高級,generate,verb,造成、創造、產生(熱、光、電),,L5,"generates, generating, generated"
初級,generation,noun,世代,,L5,generations
中高級,generator,noun,發電機、產生器,,,generators
中級,generosity,noun,慷慨、大方,,,generosities
初級,generous,adj.,慷慨的、大方的,,,
中高級,genetic,adj.,基因的,,,
中高級,genetics,noun,遺傳學,,,
初級,genius,noun,天才,,,geniuses
中高級,genre,noun,(文藝作品)類型,,,genres
初級,gentle,adj.,溫和的,,,"gentler, gentlest"
初級,gentleman,noun,紳士、先生,,,gentlemen
中級,genuine,adj.,真的、真誠的,,,
中高級,geographical,adj.,地理的,= geographic,,
初級,geography,noun,地理學,,,geographies
中高級,geology,noun,地質學,,,geologies
中高級,geometry,noun,幾何學,,,geometries
中級,germ,noun,微生物、細菌,,,germs
初級,Germany,noun,德國,,,
初級,gesture,noun/verb,手勢；做手勢,,,"gestures, gesturing, gestured"
初級,get,verb,使…成為、獲得、到達,,,"gets, getting, got, gotten"
中高級,ghetto,noun,貧民區,,,"ghettos, ghettoes"
初級,ghost,noun,鬼,,,ghosts
初級,giant,adj./noun,巨大的；巨人,,,giants
初級,gift,noun,禮物,,,gifts
中級,gifted,adj.,有天賦的,,,
中級,gigantic,adj.,巨大的,,,
中級,giggle,verb/noun,咯咯笑,,,"giggles, giggling, giggled"
中高級,gilt,adj./noun,鍍金的；鍍金,,,gilts
中級,ginger,noun,薑,,,
中級,giraffe,noun,長頸鹿,,,giraffes
初級,girl,noun,女孩,,,girls
中級,girlfriend,noun,女朋友,,,girlfriends
初級,give,verb,給,,,"gives, giving, gave, given"
中高級,given,adj.,規定的、特定的,,,
中高級,given,prep.,考慮到、鑒於,,,
中高級,glacier,noun,冰河,,,glaciers
初級,glad,adj.,高興的,,,"gladder, gladdest"
中高級,glamor,noun,魅力,= glamour (British English),,glamors
中高級,glamorous,adj.,富有魅力的、迷人的,,,
中級,glance,verb/noun,瞥一眼、瀏覽,,,"glances, glancing, glanced"
中高級,gland,noun,腺,,,glands
中高級,glare,verb/noun,怒視、發出強光；刺眼的光,,,"glares, glaring, glared"
初級,glass,noun,玻璃、一杯,,,glasses
初級,glasses,noun,眼鏡,,,
中高級,glassware,noun,玻璃器皿,,,glasswares
中高級,gleam,verb/noun,閃亮、閃爍；反光、閃光,,,"gleams, gleaming, gleamed"
中高級,glee,noun,高興、歡欣,,,glees
中級,glide,verb/noun,滑行、滑動,,,"glides, gliding, glided"
中級,glimpse,noun/verb,一瞥；瞥見,,,"glimpses, glimpsing, glimpsed"
中高級,glisten,verb,閃耀、閃亮,,,"glistens, glistening, glistened"
中高級,glitter,verb/noun,閃爍、閃光；閃光、亮片,,,"glitters, glittering, glittered"
中級,global,adj.,全球的,,L7,
中級,globe,noun,地球、世界、地球儀,,L7,globes
中高級,gloom,noun,憂鬱、陰暗,,,
中高級,gloomy,adj.,憂鬱的、陰暗的,,,"gloomier, gloomiest"
中級,glorious,adj.,榮耀的、壯麗的,,,
中級,glory,noun,光榮、壯麗,,,glories
初級,glove,noun,手套,,,gloves
中級,glow,verb/noun,發光、容光煥發,,,"glows, glowing, glowed"
初級,glue,noun/verb,膠水；黏,,,"glues, gluing, glueing, glued"
中高級,gnaw,verb,嚙、啃、折磨,,,"gnaws, gnawing, gnawed"
初級,go,verb/noun,去；進行,,,"goes, going, went, gone"
中高級,go-ahead,noun,許可,,,go-aheads
中高級,go-ahead,adj.,有進取心的,,,
初級,goal,noun,目標,,L4,goals
中高級,goalkeeper,noun,守門員,,,goalkeepers
初級,goat,noun,山羊,,,goats
中高級,gobble,verb,狼吞虎嚥,,,"gobbles, gobbling, gobbled"
初級,God,noun,神、上帝,,,
中級,goddess,noun,女神,,,goddesses
中高級,going,noun/adj.,離去、進展；進行中的,,,goings
初級,gold,noun,金、金子、金色,,,golds
初級,golden,adj.,金色的,,,"goldener, goldenest"
初級,golf,noun,高爾夫球,,,
初級,good,adj./noun,好的；好處,,,"better, best, goods"
初級,goodbye,noun,再見,= bye,,goodbyes
初級,good-looking,adj.,好看的,,,
中級,goodness,noun,善良、美德,,,
中級,goods,noun,商品,,,
中高級,goodwill,noun,親善、友好；商譽,,,
初級,goose,noun,鵝,,,geese
中高級,gore,verb/noun,(動物)用角牴破；傷口凝血,,,"gores, goring, gored"
中高級,gorge,noun,峽谷,,,gorges
中高級,gorge,verb,塞飽、狼吞虎嚥,,,"gorges, gorging, gorged"
中高級,gorgeous,adj.,漂亮的、極好的,,,
中高級,gorilla,noun,大猩猩,,,gorillas
中高級,gospel,noun,福音(書)、教義,,,gospels
中級,gossip,noun/verb,流言蜚語；說閒話,,,"gossips, gossiping, gossipping, gossiped, gossipped"
中級,govern,verb,統治、控制,,,"governs, governing, governed"
初級,government,noun,政府,,,governments
中高級,governmental,adj.,政府的,,,
中級,governor,noun,州長、總督,,,governors
中級,gown,noun,禮服、長袍,,,gowns
中級,grab,verb/noun,抓住、攫取,,,"grabs, grabbing, grabbed"
中級,grace,noun/verb,優雅、(神)恩典；增光,,,"graces, gracing, graced"
中級,graceful,adj.,優雅的,,,
中級,gracious,adj.,親切的、慈祥的,,,
中級,grade,verb,評分、分等級,,L7,"grades, grading, graded"
初級,grade,noun,成績,,L7,grades
中級,gradual,adj.,逐漸的,,,
中級,graduate,noun/verb,畢業生；畢業,,,"graduates, graduating, graduated"
中級,graduation,noun,畢業,,,graduations
中級,grain,noun,穀物,,,grains
初級,gram,noun,公克,= gramme (British English) = g = gm,,grams
中級,grammar,noun,文法,,,grammars
中高級,grammatical,adj.,合乎文法的、文法的,,,
初級,grand,adj.,重大的,,,"grander, grandest"
中級,grandchild,noun,孫子、孫女,,,grandchildren
初級,granddaughter,noun,孫女,,,granddaughters
初級,grandfather,noun,祖父,= grandpa,,grandfathers
初級,grandmother,noun,祖母,= grandma,,grandmothers
中級,grandparent,noun,祖父母,,,grandparents
初級,grandson,noun,孫子,,,grandsons
中級,grant,verb,准予、同意,,L4,"grants, granting, granted"
中級,grant,noun,補助金,,L4,grants
初級,grape,noun,葡萄,,,grapes
中級,grapefruit,noun,葡萄柚,,,grapefruits
中高級,graph,noun,圖表,,,graphs
中高級,graphic,adj.,繪畫的、生動的,,,
中級,grasp,verb/noun,緊握；理解,,,"grasps, grasping, grasped"
初級,grass,noun,草,,,grasses
中高級,grasshopper,noun,蚱蜢、蝗蟲,,,grasshoppers
中高級,grassy,adj.,長滿青草的,,,"grassier, grassiest"
中高級,grate,noun,金屬爐架,,,grates
中高級,grate,verb,磨碎、摩擦；使煩躁,,,"grates, grating, grated"
中級,grateful,adj.,感激的,,,
中級,gratitude,noun,感謝,,,
中級,grave,noun,墳墓,,,graves
中級,grave,adj.,嚴肅的、嚴重的,,,"graver, gravest"
中級,gravity,noun,重力、地心引力,,,gravities
初級,gray,adj./noun,灰色的；灰色,= grey,,"grayer, grayest, grays"
中高級,graze,verb,(牛羊等)吃草；擦破(皮膚),,,"grazes, grazing, grazed"
中高級,graze,noun,擦傷,,,grazes
中高級,grease,noun/verb,油脂、油膩；塗油脂,,,"greases, greasing, greased"
中級,greasy,adj.,油膩的,,,"greasier, greasiest"
初級,great,adj.,極好的,,,"greater, greatest"
中級,greatly,adv.,非常、大大地,,,
中高級,greed,noun,貪心,,,
初級,greedy,adj.,貪心的,,,"greedier, greediest"
初級,green,adj./noun,綠色的；綠色,,,"greener, greenest, greens"
中級,greenhouse,noun,溫室,,,greenhouses
初級,greet,verb,招呼,,,"greets, greeting, greeted"
中級,greeting,noun,問候、招呼,,,greetings
中級,grief,noun,悲痛,,,griefs
中級,grieve,verb,使悲傷、哀悼,,,"grieves, grieving, grieved"
中高級,grill,noun/verb,烤架；燒烤,,,"grills, grilling, grilled"
中高級,grim,adj.,令人沮喪的、憂愁嚴肅的,,,"grimmer, grimmest"
中級,grin,verb/noun,露齒笑,,,"grins, grinning, grinned"
中級,grind,verb,磨(碎)、碾(碎),,,"grinds, grinding, ground, grinded"
中級,grind,noun,令人厭倦的苦事,,,grinds
中高級,grip,verb,緊握、吸引注意力,,,"grips, gripping, gripped"
中高級,grip,noun,緊握、控制,,,grips
中高級,groan,verb/noun,呻吟、抱怨,,,"groans, groaning, groaned"
中高級,grocer,noun,食品雜貨商,,,grocers
中級,grocery,noun,食品雜貨(店),,,groceries
中高級,groove,noun,溝、槽,,,grooves
中高級,grope,verb/noun,摸索、探索、猥褻；猥褻,,,"gropes, groping, groped"
中高級,gross,adj.,總共的；噁心的,,,"grosser, grossest"
中高級,gross,verb/noun,總共獲利、總額,,,"grosses, grossing, grossed"
初級,ground,noun,地面,,,grounds
初級,group,noun,團體,,,groups
中高級,grove,noun,小樹林、果園,,,groves
初級,grow,verb,生長,,,"grows, growing, grew, grown"
中高級,growl,verb/noun,(因憤怒)低沉吼叫；咆哮聲,,,"growls, growling, growled"
中級,grown-up,noun,成人,,,grown-ups
初級,growth,noun,成長,,,growths
中高級,grumble,verb/noun,抱怨、(發)牢騷,,,"grumbles, grumbling, grumbled"
中級,guarantee,verb/noun,保證、擔保,,L7,"guarantees, guaranteeing, guaranteed"
中高級,guaranteed,adj.,必定的、保證的,,L7,
初級,guard,noun/verb,守衛，衛兵；守衛,,,"guards, guarding, guarded"
中級,guardian,noun,保護者、監護人,,,guardians
初級,guava,noun,番石榴,,,guavas
中高級,guerrilla,noun,游擊隊(員),= guerilla,,guerrillas
初級,guess,verb/noun,猜測、推測,,,"guesses, guessing, guessed"
初級,guest,noun,客人,,,guests
中級,guidance,noun,指導,,,guidances
初級,guide,noun/verb,嚮導；引導,,,"guides, guiding, guided"
中高級,guideline,noun,指導方針,,L8,guidelines
中高級,guild,noun,同業公會、協會,,,guilds
中級,guilt,noun,罪行、內疚,,,guilts
中級,guilty,adj.,犯罪的、感到內咎的,,,"guiltier, guiltiest"
初級,guitar,noun,吉他,,,guitars
中高級,guitarist,noun,吉他手,,,guitarists
中級,gulf,noun,海灣、隔閡,,,gulfs
中高級,gulp,verb,大口吃喝、倒吸氣,,,"gulps, gulping, gulped"
中高級,gulp,noun,吞、嚥,,,gulps
中級,gum,noun,樹脂、口香糖、牙齦,,,gums
初級,gun,noun,槍,,,guns
中高級,gunman,noun,持槍歹徒,,,gunmen
中高級,gust,noun,一陣(強風),,,gusts
中高級,gust,verb,強勁地吹,,,"gusts, gusting, gusted"
中高級,gut,noun,腸、內臟、勇氣、直覺,,,guts
中高級,gut,verb,取出內臟、拆毀,,,"guts, gutting, gutted"
初級,guy,noun,傢伙,,,guys
初級,gym,noun,體育館,,,gyms
中高級,gymnasium,noun,體育館,= gym,,"gymnasiums, gymnasia"
中高級,gypsy,noun,吉普賽人、吉普賽語,,,gypsies
初級,habit,noun,習慣,,,habits
中高級,habitat,noun,棲息地,,,habitats
中級,habitual,adj.,慣常的,,,
中高級,hack,noun,寫手、騎乘用的馬,,,hacks
中高級,hack,verb,劈砍、(遭)駭,,,"hacks, hacking, hacked"
中高級,hacker,noun,駭客,,,hackers
中高級,hail,verb,招喊、喝采、譽為、下冰雹,,,"hails, hailing, hailed"
中高級,hail,noun,雹、冰雹,,,
初級,hair,noun,頭髮,,,hairs
初級,haircut,noun,理髮、 髮型,,,haircuts
中級,hairdresser,noun,美髮師,,,hairdressers
中高級,hairstyle,noun,髮型,,,hairstyles
初級,half,pron./noun,一半(之人、物)；一半、半個,,,"halves, halfs"
初級,half,adj.,一半的、不完全的、部分的,,,
初級,half,adv.,一半地、部分地,,,
中高級,half-time,noun,中場休息,,,half-times
中級,halfway,adv.,在中途、中途的,,,
初級,hall,noun,禮堂、(大)廳,,,halls
初級,Halloween,noun,萬聖節,,,
中級,hallway,noun,走廊,,,hallways
中級,halt,verb/noun,暫停；停止,,,"halts, halting, halted"
中高級,halve,verb,對分、減半,,,"halves, halving, halved"
初級,ham,noun,火腿,,,hams
初級,hamburger,noun,漢堡,= burger,,hamburgers
初級,hammer,noun,鐵鎚,,,hammers
中高級,hamper,noun,有蓋的籃子,,,hampers
中高級,hamper,verb,妨礙、牽制,,,"hampers, hampering, hampered"
初級,hand,noun,手,,,hands
初級,hand,verb,傳遞,,,"hands, handing, handed"
中級,handbag,noun,手提包,,,handbags
中高級,handbook,noun,手冊、指南,,,handbooks
中級,handful,noun,一把(的量),,,"handfuls, handsful"
中級,handicap,noun,殘疾、阻礙,,,handicaps
中級,handicap,verb,阻礙,,,"handicaps, handicapping, handicapped"
中高級,handicraft,noun,手工藝(品),,,handicrafts
初級,handkerchief,noun,手帕,,,"handkerchiefs, handkerchieves"
初級,handle,verb,處理,,,"handles, handling, handled"
初級,handle,noun,把手,,,handles
中高級,handout,noun,講義、印刷品；施捨物、救濟款,,,handouts
初級,handsome,adj.,英俊的,,,"handsomer, handsomest"
中級,handwriting,noun,手寫、筆跡,,,handwritings
中級,handy,adj.,方便的、便於使用的、靈巧的,,,"handier, handiest"
初級,hang,verb,懸掛,,,"hangs, hanging, hung, hanged"
初級,hanger,noun,掛鉤、衣架,,,hangers
初級,happen,verb,發生,,,"happens, happening, happened"
初級,happy,adj.,快樂的,,,"happier, happiest"
中高級,harass,verb,煩擾、騷擾,,,"harasses, harassing, harassed"
中高級,harassment,noun,煩惱、騷擾,,,harassments
中級,harbor,noun,港口,,,harbors
中級,harbor,verb,心懷、藏有,,,"harbors, harboring, harbored"
初級,hard,adj.,難的、硬的,,,"harder, hardest"
初級,hard,adv.,努力地、猛烈地,,,"harder, hardest"
中級,harden,verb,變硬、變堅固,,,"hardens, hardening, hardened"
中高級,hardline,adj.,強硬的、不妥協的,= hard-line,,
中高級,hardliner,noun,強硬派,,,hardliners
初級,hardly,adv.,幾乎不,,,
中級,hardship,noun,困苦,,,hardships
中級,hardware,noun,硬體,,,
中高級,hardwood,noun,硬木、闊葉木,,,hardwoods
中級,hardworking,adj.,努力工作的,,,
中高級,hardy,adj.,吃苦耐勞的、(植物)耐寒的,,,"hardier, hardiest"
中級,harm,noun/verb,傷害,,,"harms, harming, harmed"
中級,harmful,adj.,有害的,,,
中高級,harmless,adj.,無害的、無惡意的,,,
中高級,harmonica,noun,口琴,,,harmonicas
中級,harmony,noun,和諧、一致,,,harmonies
中高級,harness,verb,(為馬)上輓具、利用,,,"harnesses, harnessing, harnessed"
中高級,harness,noun,馬具、繫帶,,,harnesses
中級,harsh,adj.,殘酷的、嚴厲的、惡劣的,,,"harsher, harshest"
中級,harvest,noun/verb,收穫,,,"harvests, harvesting, harvested"
中級,hassle,noun/verb,麻煩；(不斷)煩擾,,,"hassles, hassling, hassled"
中高級,haste,noun,急忙、匆忙,,,
中高級,hasten,verb,加速、趕緊,,,"hastens, hastening, hastened"
中級,hasty,adj.,匆忙的、草率的,,,"hastier, hastiest"
初級,hat,noun,帽子,,,hats
中級,hatch,verb,孵化、謀劃,,,"hatches, hatching, hatched"
中級,hatch,noun,（牆、地板等上的）開口、活板門,,,hatches
初級,hate,verb/noun,厭惡,,,"hates, hating, hated"
中高級,hateful,adj.,憎恨的、討厭的,,,
中級,hatred,noun,憎恨,,,hatreds
中高級,haul,noun,(一次)漁獲量、非法獲得物,,,hauls
中高級,haul,verb,拖、拉、搬運,,,"hauls, hauling, hauled"
中高級,haunt,noun,常去的地方,,,haunts
中高級,haunt,verb,鬧鬼、使困擾,,,"haunts, haunting, haunted"
初級,have,verb,有、吃、喝,,,"has, having, had"
初級,have,aux.,（與動詞的過去分詞連用，構成現在完成式和過去完成式）,,,
中高級,haven,noun,避風港、避難所,,,havens
中級,hawk,noun,隼、鷹,,,hawks
中級,hay,noun,乾草,,,
中高級,hazard,noun/verb,危險、冒險；使遭受危險,,,"hazards, hazarding, hazarded"
中高級,hazardous,adj.,危險的,,,
初級,he,pron.,他,,,
初級,head,noun,頭,,,heads
初級,head,verb,前往,,,"heads, heading, headed"
初級,headache,noun,頭痛,,,headaches
中高級,heading,noun,標題,,,headings
中級,headline,noun,(報紙)頭條,,,headlines
中級,headline,verb,加標題,,,"headlines, headlining, headlined"
中級,headmaster,noun,(尤指私校)校長,,,headmasters
中高級,head-on,adv./adj.,迎頭、正面針對地；迎面的,,,
中級,headphones,noun,耳機,,,headphoneses
中級,headquarters,noun,總部,,,
中級,headsets,noun,耳機,,,headsetses
中級,heal,verb,癒合、治療,,,"heals, healing, healed"
初級,health,noun,健康,,,
中高級,healthful,adj.,有益健康的,,,
初級,healthy,adj.,健康的,,,"healthier, healthiest"
中級,heap,noun,一堆、大量,,,heaps
中級,heap,verb,堆積、裝滿,,,"heaps, heaping, heaped"
初級,hear,verb,聽見,,,"hears, hearing, heard"
中高級,hearing,noun,聽(力)、聽證會,,,hearings
初級,heart,noun,心臟,,,hearts
中級,heartbreak,noun,心碎,,,heartbreaks
中高級,hearty,adj.,衷心熱忱的、精力充沛的、食物豐盛的,,,"heartier, heartiest"
初級,heat,noun/verb,熱度；加熱,,,"heats, heating, heated"
中高級,heated,adj.,熱的、激昂的,,,
初級,heater,noun,暖氣機,,,heaters
中高級,heating,noun,供暖系統、暖氣設備,,,heatings
中高級,heave,verb/noun,(用力)舉起、起伏,,,"heaves, heaving, heaved, hove"
中級,heaven,noun,天堂,,,heavens
中級,heavenly,adj,天的、天堂般的,,,
初級,heavy,adj.,重的,,,"heavier, heaviest"
中高級,heavyweight,noun,重量級(選手、拳擊手)、重要的人,,,heavyweights
中高級,hedge,noun,籬笆、防備措施,,,hedges
中高級,hedge,verb,圍住、迴避,,,"hedges, hedging, hedged"
中高級,heed,verb/noun,注意、聽從,,,"heeds, heeding, heeded"
中級,heel,noun,腳後跟、鞋後跟,,,heels
初級,height,noun,高度,,,heights
中高級,heighten,verb,加高、增強,,,"heightens, heightening, heightened"
中高級,heir,noun,繼承者,,,heirs
初級,helicopter,noun,直昇機,,,helicopters
中級,hell,noun,地獄,,,hells
初級,hello,noun/interj.,哈囉(問候語),,,hellos
中級,helmet,noun,頭盔、安全帽,,,helmets
初級,help,verb/noun,幫助,,,"helps, helping, helped"
初級,helpful,adj.,有幫助的,,,
中高級,helpless,adj.,無助的、無奈的、徒勞的,,,
中高級,hemisphere,noun,(地球)半球、範圍,,,hemispheres
初級,hen,noun,母雞,,,hens
中級,hence,adv.,因此,,L4,
中高級,henceforth,adv.,從今以後,,,
初級,her,determiner,她、她的,,,
中高級,herald,verb/noun,預示…來臨；預兆、預報者,,,"heralds, heralding, heralded"
中高級,herb,noun,草本植物、藥草,,,herbs
中級,herd,noun/verb,牧群；放牧,,,"herds, herding, herded"
初級,here,adv.,這裡,,,
中高級,hereafter,adv./noun,此後、今後；來世,,,hereafters
中高級,heritage,noun,遺產、傳統,,,heritages
中高級,hermit,noun,隱士,,,hermits
初級,hero,noun,英雄,,,heroes
中高級,heroic,adj.,英雄的、英勇的,,,
中高級,heroin,noun,海洛因,,,
初級,heroine,noun,女英雄、女主角,,,heroines
初級,hers,pron.,她的,,,
初級,herself,pron.,她自己,,,
中級,hesitate,verb,猶豫,,,"hesitates, hesitating, hesitated"
中級,hesitation,noun,猶豫,,,hesitations
中高級,heterosexual,adj./noun,異性戀的；異性戀者,,,heterosexuals
初級,hey,interj.,喂,,,
初級,hi,interj.,嗨(問候語),,,
中級,hidden,adj.,隱藏的,,,
初級,hide,verb,躲藏,,,"hides, hiding, hid, hidden"
中高級,hierarchy,noun,階級制度,,L7,hierarchies
初級,high,adj./adv.,高(級)的；高地,,,"higher, highest"
中高級,highlight,verb,強調、使顯著,,L8,"highlights, highlighting, highlighted"
中高級,highlight,noun,最精彩突出的部分,,L8,highlights
中級,highly,adv.,非常、高,,,
中級,high-rise,adj./noun,（建築）高層的；高樓建築,,,high-rises
初級,highway,noun,公路,,,highways
中級,hijack,verb,劫持、劫機,,,"hijacks, hijacking, hijacked"
中級,hijacker,noun,劫機者,,,hijackers
初級,hike,noun/verb,健行;（尤指鄉間的）遠足，長途健行,,,"hikes, hiking, hiked"
中級,hiker,noun,遠足者、健行者,,,hikers
初級,hill,noun,丘陵,,,hills
中高級,hillside,noun,小山坡,,,hillsides
初級,him,pron.,他,,,
初級,himself,pron.,他自己,,,
中高級,hinder,verb,阻礙,,,"hinders, hindering, hindered"
中高級,hinge,verb/noun,安裝鉸鏈、取決於；鉸鏈,,,"hinges, hinging, hinged"
中級,hint,noun/verb,提示、暗示、建議,,,"hints, hinting, hinted"
初級,hip,noun,臀部,,,hips
初級,hippopotamus,noun,河馬,= hippo,,"hippopotamuses, hippopotami"
初級,hire,verb/noun,僱用；新僱員,,,"hires, hiring, hired"
初級,his,determiner,他的,,,
中高級,hiss,verb/noun,發出嘶嘶聲、發噓聲；嘶嘶聲、噓聲,,,"hisses, hissing, hissed"
中級,historian,noun,歷史學家,,,historians
中級,historic,adj.,歷史性的,,,
中級,historical,adj.,歷史的,,,
初級,history,noun,歷史,,,histories
初級,hit,verb/noun,打擊、碰撞,,,"hits, hitting"
中級,hive,noun,蜂巢,,,hives
中高級,hoarse,adj.,嗓音沙啞的,,,"hoarser, hoarsest"
初級,hobby,noun,啫好,,,hobbies
中高級,hockey,noun,曲棍球,,,
初級,hold,verb,舉辦,,,"holds, holding, held"
初級,hold,noun,握、拿、抓,,,holds
中高級,holder,noun,持有者、保持者,,,holders
中高級,holding,noun,持有股份、私有財產,,,holdings
初級,hole,noun,洞,,,holes
初級,holiday,noun,假日,,,holidays
中級,hollow,adj./noun,空(心)的、空洞的；洞、坑,,,"hollower, hollowest, hollows"
中級,holy,adj.,神聖的,,,"holier, holiest"
初級,home,noun/adv./adj.,家；到家、在家；家(的),,,homes
中級,homeland,noun,祖國,,,homelands
中高級,homeless,adj./noun,無家的；無家可歸者,,,
初級,homesick,adj.,想家的,,,
初級,hometown,noun,家鄉,,,hometowns
初級,homework,noun,家庭作業,,,
中高級,homogeneous,adj.,同質的、同種的,= homogenous,,
中高級,homosexual,adj./noun,同性戀的；同性戀者,,,homosexuals
初級,honest,adj.,誠實的,,,
中級,honestly,adv.,誠實地、確實,,,
初級,honesty,noun,誠實,,,
初級,honey,noun,蜂蜜、親愛的,,,honeys
中級,honeymoon,noun/verb,蜜月；度蜜月,,,"honeymoons, honeymooning, honeymooned"
初級,Hong Kong,noun,香港,,,
中高級,honk,noun/verb,(汽車)喇叭聲；鳴(汽車)喇叭,,,"honks, honking, honked"
中級,honor,noun/verb,榮譽、敬意；尊敬、表揚,= honour (British English),,"honors, honoring, honored"
中級,honorable,adj.,值得尊敬的,,,
中高級,honorary,adj.,名譽(職位)的,,,
中高級,hood,noun,兜帽、防護罩、車篷,,,hoods
中高級,hoof,noun,蹄,,,"hoofs, hooves"
中級,hook,noun/verb,(掛)鉤；鉤住,,,"hooks, hooking, hooked"
初級,hop,verb/noun,單足跳；單足短距離跳躍,,,"hops, hopping, hopped"
初級,hope,verb/noun,希望,,,"hopes, hoping, hoped"
中級,hopeful,adj.,充滿希望的,,,
中級,hopefully,adv.,抱希望地、但願,,,
中高級,hopeless,adj.,無望的、絕望的,,,
中級,horizon,noun,地平線、視野,,,horizons
中高級,horizontal,adj./noun,水平的；水平面、橫切面,,,horizontals
中高級,hormone,noun,賀爾蒙,,,hormones
中級,horn,noun,動物(角)、號角,,,horns
初級,horrible,adj.,可怕的,,,
中級,horrify,verb,驚嚇,,,"horrifies, horrifying, horrified"
中級,horror,noun,恐懼、驚恐,,,horrors
初級,horse,noun,馬,,,horses
中高級,horsepower,noun,馬力,,,
中級,hose,noun/verb,軟管、水管；用軟管噴水,,,"hoses, hosing, hosed"
中高級,hospitable,adj.,好客的、(氣候或環境)宜人的,,,
初級,hospital,noun,醫院,,,hospitals
中高級,hospitality,noun,好客,,,
中高級,hospitalize,verb,使住院治療,,,"hospitalizes, hospitalizing, hospitalized"
初級,host,noun/verb,主人、主辦；作東,,,"hosts, hosting, hosted"
中級,hostage,noun,人質,,,hostages
中級,hostel,noun,(青年)旅社,,,hostels
初級,hostess,noun,女主人,,,hostesses
中高級,hostile,adj,敵方的、懷敵意的,,,
中高級,hostility,noun,敵意、戰爭行動,,,hostilities
初級,hot,adj.,熱的,,,"hotter, hottest"
初級,hot dog,noun,熱狗,,,hot dogs
初級,hotel,noun,旅館,,,hotels
中高級,hound,noun,獵犬,,,hounds
中高級,hound,verb,跟蹤、煩擾,,,"hounds, hounding, hounded"
初級,hour,noun,小時,,,hours
中級,hourly,adj./adv.,每小時的；每小時地,,,
初級,house,noun/verb,房子；給…房子住(用),,,"houses, housing, housed"
中級,household,noun/adj.,家庭；家庭的,,,households
中級,housekeeper,noun,管家,,,housekeepers
中級,housewife,noun,家庭主婦,,,"housewives, house wives, house-wives"
中級,housework,noun,家事,,,
中級,housing,noun,住宅,,,housings
中高級,hover,verb,(鳥或直升機)盤旋、徘徊停留,,,"hovers, hovering, hovered"
初級,how,adv.,如何、怎麼樣,,,
初級,however,adv./conj.,然而、但是；不管怎樣、無論如何,,,
中高級,howl,verb/noun,大聲叫喊、(風)呼嘯；號叫聲、呼嘯聲,,,"howls, howling, howled"
初級,Hualian,noun,花蓮,,,
中級,hug,verb/noun,擁抱,,,"hugs, hugging, hugged"
初級,huge,adj.,巨大的,,,"huger, hugest"
中高級,hull,noun,船身、(果實的)殼,,,hulls
中高級,hull,verb,除去(水果、蔬菜等的)皮(或莖、葉),,,"hulls, hulling, hulled"
中級,hum,verb/noun,哼(曲)；嗡嗡聲,,,"hums, humming, hummed"
初級,human,adj./noun,人類的；人類,,,humans
中高級,humanitarian,adj./noun,人道主義的；人道主義者,,,humanitarians
中級,humanity,noun,人類、人性,,,
初級,humble,adj.,謙虛的,,,"humbler, humblest"
初級,humid,adj.,潮濕的,,,
中級,humidity,noun,溼度、潮濕,,,humidities
中高級,humiliate,verb,羞辱、使難堪,,,"humiliates, humiliating, humiliated"
中高級,humiliation,noun,恥辱,,,humiliations
初級,humor,noun,幽默,= humour (British English),,humors
初級,humorous,adj.,幽默的,,,
中高級,hunch,noun,預感、直覺,,,hunches
中高級,hunch,verb,使弓起、聳肩,,,"hunches, hunching, hunched"
初級,hundred,number/pron./noun/adj.,一百,,,hundreds
初級,hunger,noun,飢餓,,,
初級,hungry,adj.,飢餓的,,,"hungrier, hungriest"
初級,hunt,verb/noun,打獵、尋找；打獵、尋找,,,"hunts, hunting, hunted"
初級,hunter,noun,獵人,,,hunters
中高級,hurdle,noun/verb,（跨欄比賽中的）欄架、障礙、難題；跨過,,,"hurdles, hurdling, hurdled"
中高級,hurl,verb,猛力投擲、大聲叫罵,,,"hurls, hurling, hurled"
中級,hurricane,noun,颶風,,,hurricanes
初級,hurry,verb/noun,使加快、催促；匆忙、倉促,,,"hurries, hurrying, hurried"
初級,hurt,verb,（使）感到疼痛、弄傷；傷害,,,"hurts, hurting"
初級,husband,noun,丈夫,,,husbands
中級,hush,verb/noun,使安靜；沉默,,,"hushes, hushing, hushed"
中級,hut,noun,(簡陋)小屋,,,huts
中高級,hybrid,noun/adj.,(動植物)雜種、混合物；雜種的、混合的,,,hybrids
中級,hydrogen,noun,氫,,,hydrogens
中高級,hygiene,noun,衛生,,,
中高級,hymn,noun/verb,聖歌、讚美詩；唱聖歌、唱讚美詩,,,"hymns, hymning, hymned"
中高級,hypocrisy,noun,虛偽、偽善,,,hypocrisies
中高級,hypocrite,noun,偽君子,,,hypocrites
中高級,hypothesis,noun,假設,,L4,hypotheses
中高級,hysterical,adj.,歇斯底里的,,,
初級,I,pron.,我,,,
初級,ice,noun,冰,,,ices
初級,ice cream,noun,冰淇淋,,,ice creams
中級,iceberg,noun,冰山,,,icebergs
中級,icy,adj.,結冰的、冰冷的,,,"icier, iciest"
初級,idea,noun,主意,,,ideas
中級,ideal,adj./noun,理想的；理想,,,ideals
中級,identical,adj.,完全相同的,,L7,
中級,identification,noun,身分證明、辨認,,,identifications
中級,identify,verb,確認、認出,,L1,"identifies, identifying, identified"
中級,identity,noun,身分,,,identities
中高級,ideological,adj.,意識形態的,,L7,
中高級,ideology,noun,思想體系、意識形態,,L7,ideologies
中級,idiom,noun,成語、慣用語,,,idioms
中高級,idiot,noun,笨蛋,,,idiots
中級,idle,adj./verb,閒置的、無所事事的；閒晃、虛度（光陰）,,,"idler, idlest, idles, idling, idled"
中級,idol,noun,偶像,,,idols
初級,if,conj.,如果,,,
中高級,ignite,verb,點燃、激起,,,"ignites, igniting, ignited"
中級,ignorance,noun,無知、愚昧,,L6,
中級,ignorant,adj.,不知道的、無知的,,L6,
初級,ignore,verb,忽視,,,"ignores, ignoring, ignored"
初級,ill,adj.,生病的,,,"worse, iller, worst, illest"
中級,illness,noun,疾病,,,illnesses
中高級,illuminate,verb,照亮、闡明、使容光煥發,,,"illuminates, illuminating, illuminated"
中高級,illusion,noun,幻想、假象,,,illusions
中級,illustrate,verb,說明、加插圖,,L3,"illustrates, illustrating, illustrated"
中級,illustration,noun,插圖、圖示,,,illustrations
初級,image,noun,形象,,L5,images
中級,imaginable,adj.,可想像的,,,
中級,imaginary,adj.,想像中的,,,
中級,imagination,noun,想像(力),,,imaginations
中級,imaginative,adj.,有想像力的,,,
初級,imagine,verb,想像,,,"imagines, imagining, imagined"
中級,imitate,verb,模仿,,,"imitates, imitating, imitated"
中級,imitation,noun,模仿,,,imitations
中級,immediate,adj.,立即的、當前的,,,
中級,immediately,adv.,立即、直接地,,,
中高級,immense,adj.,巨大的,,,
中高級,immerse,verb,使浸沒、沉浸在,,,"immerses, immersing, immersed"
中級,immigrant,noun,移民,,L3,immigrants
中高級,immigrate,verb,(從外地)移居,,L3,"immigrates, immigrating, immigrated"
中級,immigration,noun,移居(入境),,,immigrations
中高級,imminent,adj.,即將發生的、逼近的,,,
中高級,immune,adj.,免疫的、免於…的,,,
中級,impact,noun/verb,衝擊；對…產生影響,,L2,"impacts, impacting, impacted"
中高級,impair,verb,損害、削弱,,,"impairs, impairing, impaired"
中高級,impart,verb,給予、傳授、透露,,,"imparts, imparting, imparted"
中高級,imperative,adj.,重要緊急的、祈使語氣的,,,
中高級,imperative,noun,必須履行的責任、必要的事,,,imperatives
中級,imperial,adj.,帝國的,,,
中級,impersonal,adj.,無人情味的、客觀的,,,
中高級,impetus,noun,推動力、刺激,,,impetuses
中級,implement,verb,實施,,L4,"implements, implementing, implemented"
中級,implication,noun,暗指、可能的影響,,,implications
中高級,implicit,adj.,不直接言明的、內含的、完全的,,L8,
中級,imply,verb,暗指、說明,,L3,"implies, implying, implied"
初級,import,noun/verb,進口商品；進口、引進,,,"imports, importing, imported"
初級,importance,noun,重要(性),,,importances
初級,important,adj.,重要的,,,
中級,impose,verb,強加、徵(稅),,L4,"imposes, imposing, imposed"
中高級,imposing,adj.,壯觀的、使印象深刻的,,,
中級,impress,verb,留下深刻印象,,,"impresses, impressing, impressed"
中級,impression,noun,印象,,,impressions
中級,impressive,adj.,令人印象深刻的,,,
中高級,imprison,verb,監禁,,,"imprisons, imprisoning, imprisoned"
中高級,imprisonment,noun,監禁,,,imprisonments
初級,improve,verb,改進,,,"improves, improving, improved"
中級,improvement,noun,改善,,,improvements
中高級,impulse,noun,一時衝動、推動力,,,impulses
中高級,impulsive,adj.,衝動的、易衝動的,,,
初級,in,prep./adv./adj.,在…裡；在家、在某地；時髦的,,,
中高級,inability,noun,無能(力),,,inabilities
中高級,inaugurate,verb,為…舉行就職典禮、開展,,,"inaugurates, inaugurating, inaugurated"
中高級,incense,noun,（在宗教儀式上焚燒的）香,,,
中高級,incense,verb,激怒,,,"incenses, incensing, incensed"
中高級,incentive,noun,鼓勵、誘因,,L6,incentives
初級,inch,noun,英吋,,,inches
中高級,incidence,noun,發生率、影響範圍,,L6,incidences
中級,incident,noun,(尤指不好的)事件,,L6,incidents
中高級,incidental,adj.,附帶的、偶然發生的、次要的,,,
中高級,incidentally,adv.,順便提一句、偶然地,,,
中高級,incline,verb/noun,傾斜、傾向；斜坡,,L10,"inclines, inclining, inclined"
初級,include,verb,包含,,,"includes, including, included"
初級,including,prep.,包含,,,
中高級,inclusive,adj.,包含(全部費用)的、範圍廣泛的,,,
初級,income,noun,收入,,L1,incomes
中高級,incorporate,verb,包含、使併入,,L6,"incorporates, incorporating, incorporated"
初級,increase,verb/noun,增大、增加、增強；（數量或尺寸）增加、增長,,,"increases, increasing, increased"
中級,increasingly,adv.,漸增地,,,
中級,incredible,adj.,難以置信的、極好的,,,
中高級,incumbent,noun/adj.,在職者；現任的,,,incumbents
中高級,incur,verb,招致、引起,,,"incurs, incurring, incurred"
中級,indeed,adv.,的確,,,
中高級,indefinite,adj.,未確定的、無限期的,,,
中級,independence,noun,獨立,,,independences
初級,independent,adj.,獨立的,,,
中高級,index,noun/verb,索引、指數；將…編入索引,,L6,"indexes, indices, indexing, indexed"
中級,India,noun,印度,,,
初級,indicate,verb,指示,,L1,"indicates, indicating, indicated"
中級,indication,noun,指示、跡象,,,indications
中高級,indicative,adj./noun,標示的、表明的；陳述語氣,,,indicatives
中高級,indicator,noun,指示物、指標,,,indicators
中高級,indictment,noun,控告、刑事起訴書、(社會或制度)腐敗,,,indictments
中高級,indifference,noun,漠不關心、不感興趣,,,
中高級,indifferent,adj.,漠不關心的、不感興趣的,,,
中高級,indigenous,adj.,本土的、土生土長的,,,
中高級,indignant,adj.,憤慨的、憤怒的,,,
中高級,indignation,noun,憤慨、憤怒,,,
中高級,indispensable,adj.,不可或缺的,,,
初級,individual,adj./noun,個人的；個體,,L1,individuals
中級,indoor,adj.,室內的,,,
中級,indoors,adv.,在室內,,,
中高級,induce,verb,勸說、誘使、引起,,L8,"induces, inducing, induced"
中高級,indulge,verb,沉迷、滿足(慾望、興趣)、縱容,,,"indulges, indulging, indulged"
中級,industrial,adj.,工業的,,,
中級,industrialize,verb,工業化,,,"industrializes, industrializing, industrialized"
初級,industry,noun,產業,,,industries
中高級,inertia,noun,缺乏活力、惰性,,,inertias
中級,inevitable,adj.,不可避免的,,L8,
中級,infant,noun,嬰兒,,,infants
中高級,infantry,noun,步兵,,,
中級,infect,verb,感染,,,"infects, infecting, infected"
中級,infection,noun,感染,,,infections
中高級,infectious,adj.,傳染性的、患傳染病的、有感染力的,,,
中級,infer,verb,推論,,L7,"infers, inferring, inferred"
中級,inference,noun,推論,,L7,inferences
中級,inferior,adj./noun,較差的、下級的；屬下,,,inferiors
中高級,infinite,adj.,極大的、無邊無限的,,L7,
中級,inflation,noun,通貨膨脹,,,inflations
中高級,inflict,verb,使遭受(打擊或損傷)、強加,,,"inflicts, inflicting, inflicted"
初級,influence,noun/verb,影響；影響、作用、有影響力的人或物,,,"influences, influencing, influenced"
中級,influential,adj.,有影響力的,,,
中級,inform,verb,通知、了解,,,"informs, informing, informed"
中級,informal,adj.,非正式的、不拘禮節的,,,
初級,information,noun,資訊,,,informations
中級,informative,adj.,給予知識的,,,
中級,informed,adj.,消息靈通的、有見識的,,,
中高級,infrastructure,noun,基礎建設(如公路、鐵路等),,L8,infrastructures
中高級,ingenious,adj.,精巧的、新穎獨特的,,,
中高級,ingenuity,noun,獨創力、聰明才智,,,
中級,ingredient,noun,(烹飪)材料、成分,,,ingredients
中高級,inhabit,verb,居住於、棲息於,,,"inhabits, inhabiting, inhabited"
中級,inhabitant,noun,居民,,,inhabitants
中高級,inherent,adj.,固有的、內在的,,L9,
中級,inherit,verb,繼承、遺傳,,,"inherits, inheriting, inherited"
中高級,inhibit,verb,禁止、約束,,L6,"inhibits, inhibiting, inhibited"
中高級,inhibited,adj.,約束的、拘謹的,,L6,
中高級,inhibition,noun,抑制、禁止,,,inhibitions
中級,initial,adj.,起初的,,L3,
中級,initial,noun/verb,首字母；簽署姓名首字母,,L3,"initials, initialing, initialling, initialed, initialled"
中高級,initiate,verb/noun,創始、開始實施、使初步了解；新加入者,,L6,"initiates, initiating, initiated"
中高級,initiative,noun,主動權、倡議、首創精神,,,initiatives
中級,inject,verb,注射,,,"injects, injecting, injected"
中級,injection,noun,注射,,,injections
中級,injure,verb,受傷、傷害,,L2,"injures, injuring, injured"
初級,injury,noun,傷害,,,injuries
中高級,injustice,noun,不公正、非正義,,,injustices
初級,ink,noun,墨水,,,
中高級,inland,adj./adv.,內陸的；在內陸,,,
中高級,inlet,noun,水灣,,,inlets
中高級,inmate,noun,(監獄中的)囚犯,,,inmates
中級,inn,noun,小旅館、客棧,,,inns
中級,inner,adj.,裡面的、內心的,,,
中高級,inning,noun,(棒球)局、回合,,,innings
中級,innocence,noun,清白、天真無邪,,,
中級,innocent,adj.,無辜的、清白的、天真的,,,
中高級,innovation,noun,革新、新方法,,,innovations
中高級,innovative,adj.,創新的,,,
中高級,innumerable,adj.,很多的,,,
中級,input,noun/verb,輸入、投入；（將資訊）輸入、錄入（電腦或其他電子設備）,,L6,"inputs, inputting, inputted"
中級,inquire,verb,詢問、調查,= enquire,,"inquires, inquiring, inquired"
中級,inquiry,noun,詢問、調查,= enquiry,,inquiries
中高級,insane,adj.,瘋狂的、精神失常的,,,
初級,insect,noun,昆蟲,,,insects
中高級,insecticide,noun,殺蟲劑,,,insecticides
中高級,insecure,adj.,缺乏信心的、不安全的,,L2,
中級,insert,verb,插入,,L7,"inserts, inserting, inserted"
初級,inside,prep./adv./noun,在…裡；裡面的；內部,,,insides
中高級,insider,noun,知內情者、內部的人,,,insiders
中高級,insight,noun,洞察力、領悟,,L9,insights
初級,insist,verb,堅持,,,"insists, insisting, insisted"
中高級,insistence,noun,堅決要求、堅持,,,
中高級,insistent,adj.,堅持的、持續不斷的,,,
中級,inspect,verb,檢查、審視,,L8,"inspects, inspecting, inspected"
中高級,inspection,noun,視察、檢查,,,inspections
中級,inspector,noun,檢查員,,,inspectors
中級,inspiration,noun,靈感,,,inspirations
初級,inspire,verb,給…靈感,,,"inspires, inspiring, inspired"
中高級,instability,noun,(形勢)不穩定,,L5,instabilities
中級,install,verb,安裝,,,"installs, instals, installing, installed"
中高級,installation,noun,安裝、設備、(工業或軍事)設施,,,installations
中高級,installment,noun,(分期付款的)一期付款,= instalment (British English),,installments
初級,instance,noun,例子,,L3,instances
初級,instant,adj./noun,立即的；剎那,,,instants
中高級,instantaneous,adj.,立即的、瞬間的,,,
中級,instead,adv.,代替、反而,,,
中級,instinct,noun,本能、直覺,,,instincts
中高級,instinctive,adj.,本能的、直覺的、天生的,,,
中級,institute,noun,學院、協會,,L2,institutes
中級,institution,noun,機構、制度,,,institutions
中高級,institutional,adj.,機構的,,,
中級,instruct,verb,教授、指示、命令,,L6,"instructs, instructing, instructed"
中級,instruction,noun,指示、命令,,,instructions
中級,instructor,noun,教練、講師,,,instructors
初級,instrument,noun,樂器,,,instruments
中高級,instrumental,adj.,起重要作用的、用樂器演奏的,,,
中高級,insulate,verb,使隔熱(音)、隔絕,,,"insulates, insulating, insulated"
中級,insult,noun/verb,侮辱、辱駡,,,"insults, insulting, insulted"
中級,insurance,noun,保險(業),,,insurances
中高級,insure,verb,投保、給…保險,,,"insures, insuring, insured"
中高級,insurer,noun,承保人、保險公司,,,insurers
中高級,intact,adj.,完好無損的,,,
中高級,intake,noun,(食物、飲料的)攝取量,,,intakes
中高級,integral,adj.,必需的、完整的,,L9,
中高級,integrate,verb,合併、融入群體,,L4,"integrates, integrating, integrated"
中高級,integration,noun,結合、融合,,,integrations
中高級,integrity,noun,誠實正直、完整,,L10,integrities
中高級,intellect,noun,智力、才智超群的人,,,intellects
中級,intellectual,adj./noun,智力的、聰明的；知識份子,,,intellectuals
中級,intelligence,noun,智慧,,L6,
初級,intelligent,adj.,有才智的,,L6,
中高級,intelligible,adj.,易懂的、容易理解的,,,
中級,intend,verb,打算、意指,,,"intends, intending, intended"
中級,intense,adj.,劇烈的、熱切的,,L8,"intenser, intensest"
中級,intensify,verb,變激烈、增強,,,"intensifies, intensifying, intensified"
中高級,intensity,noun,強烈、劇烈,,,intensities
中級,intensive,adj.,密集的、加強的,,,
中高級,intent,adj.,熱切的、堅持要做的,,,
中高級,intent,noun,意圖,,,intents
中級,intention,noun,意圖,,,intentions
中高級,inter,verb,埋葬(遺體),,,"inters, interring, interred"
中級,interact,verb,互動,,L3,"interacts, interacting, interacted"
中高級,interaction,noun,交流、互動,,,interactions
中高級,intercourse,noun,性交、(人、國家間的)往來,,,intercourses
初級,interest,noun/verb,興趣；使感興趣,,,"interests, interesting, interested"
中級,interfere,verb,干涉、妨礙,,,"interferes, interfering, interfered"
中級,interference,noun,干涉、妨礙,,,interferences
中高級,interim,adj.,暫時的、間歇的,,,
中高級,interim,noun,過渡期間,,,interims
中高級,interior,noun/adj.,內部；內部的,,,interiors
中級,intermediate,adj.,中級的、中間的,,L9,
中高級,intermittent,adj.,間歇的,,,
中級,internal,adj.,內部的、國內的,,L4,
初級,international,adj.,國際性的,,,
初級,Internet,noun,網際網路,,,
中級,interpret,verb,詮釋、理解為,,L1,"interprets, interpreting, interpreted"
中級,interpretation,noun,詮釋、理解,,L1,interpretations
中級,interpreter,noun,口譯員,,,interpreters
初級,interrupt,verb,打斷(說話),,,"interrupts, interrupting, interrupted"
中高級,interruption,noun,阻斷物、中止、打擾,,,interruptions
中高級,intersection,noun,交叉口、十字路口,,,intersections
中級,interval,noun,(時間)間隔,,L6,intervals
中高級,intervene,verb,干涉、介入,,L7,"intervenes, intervening, intervened"
中高級,intervention,noun,干涉、介入,,,interventions
初級,interview,noun/verb,面談,,,"interviews, interviewing, interviewed"
中高級,intimacy,noun,親密、關係密切,,,intimacies
中級,intimate,adj./noun,親密的、諳熟的、隱私的；知己,,,intimates
中高級,intimidate,verb,恐嚇、威脅,,,"intimidates, intimidating, intimidated"
初級,into,prep.,進入到,,,
中高級,intonation,noun,語調、抑揚頓挫,,,intonations
中高級,intricate,adj.,錯綜複雜的,,,
中高級,intrigue,noun,陰謀詭計、引人入勝的複雜情節,,,intrigues
中高級,intrigue,verb,激起…的興趣,,,"intrigues, intriguing, intrigued"
中高級,intrinsic,adj.,固有的、內在的、本身的,,L10,
初級,introduce,verb,介紹、引進,,,"introduces, introducing, introduced"
中級,introduction,noun,介紹,,,introductions
中級,intrude,verb,打擾、侵入,,,"intrudes, intruding, intruded"
中級,intruder,noun,侵入者,,,intruders
中高級,intrusion,noun,侵擾、闖入,,,intrusions
中高級,intuition,noun,直覺,,,intuitions
中級,invade,verb/noun,侵略,,,"invades, invading, invaded"
中高級,invalid,noun,病弱者,,,invalids
中高級,invalid,adj.,病弱的、無效的,,,
中高級,invaluable,adj.,極有價值的,,,
中高級,invariable,adj.,始終如一的、永無變化的,,L1,
初級,invent,verb,發明,,,"invents, inventing, invented"
中級,invention,noun,發明(物),,,inventions
中級,inventor,noun,發明者,,,inventors
中高級,inventory,noun,詳細目錄、存貨(清單),,,inventories
中高級,invert,verb,使顛倒、使倒轉,,,"inverts, inverting, inverted"
中級,invest,verb,投資、投入時間,,L2,"invests, investing, invested"
初級,investigate,verb,調查,,L4,"investigates, investigating, investigated"
中高級,investigation,noun,調查、研究,,,investigations
中高級,investigator,noun,調查員,,,investigators
中級,investment,noun,投資、投入,,,investments
中級,investor,noun,投資者,,,investors
中級,invisible,adj.,隱形的,,,
初級,invitation,noun,邀請,,,invitations
初級,invite,verb,邀請,,,"invites, inviting, invited"
中高級,inviting,adj.,誘人的、吸引人的,,,
中級,involve,verb,牽涉、包含、參加,,L1,"involves, involving, involved"
中高級,involvement,noun,參與、捲入,,,involvements
中高級,inward,adv.,向中心、向自己,= inwards (British English),,
中高級,IQ,noun,智商,= intelligence quotient,,
初級,iron,noun,鐵,,,irons
初級,iron,verb,熨,,,"irons, ironing, ironed"
中高級,ironic,adj.,諷刺的、(因出乎意料而)好笑的,,,
中高級,irony,noun,有諷刺意味的情況、反語,,,ironies
中高級,irresistible,adj.,不可遏止的、誘人的,,,
中高級,irrespective,adj.,不考慮的、不管的,,,
中高級,irrigation,noun,灌溉,,,irrigations
中高級,irritable,adj.,易怒的、暴躁的,,,
中高級,irritate,verb,使煩躁、激怒,,,"irritates, irritating, irritated"
中高級,irritation,noun,惱怒、發炎,,,irritations
初級,is,verb,(Be動詞)是,,,
初級,island,noun,島嶼,,,islands
中高級,isle,noun,(常用於詩歌和名稱中)島,,,isles
中級,isolate,verb,孤立、隔離,,L7,"isolates, isolating, isolated"
中級,isolation,noun,孤立、隔離,,,isolations
中級,issue,noun,議題、問題,,L1,issues
中級,issue,verb,發行,,L1,"issues, issuing, issued"
初級,it,pron.,它,,,
中級,itch,verb/noun,發癢；癢,,,"itches, itching, itched"
初級,item,noun,項目,,L2,items
初級,its,determiner,它的,,,
初級,itself,pron.,它自己,,,
中級,ivory,noun,象牙、象牙製品,,,ivories
中級,ivory,adj.,象牙白色的,,,
中高級,ivy,noun,常春藤,,,ivies
中高級,jack,noun,千斤頂、(紙牌)傑克、(電)插座,,,jacks
中高級,jack,verb,用起重機舉起、哄抬(價格等),,,"jacks, jacking, jacked"
初級,jacket,noun,夾克,,,jackets
中高級,jade,noun,玉、翡翠、玉器,,,
中級,jail,noun/verb,監獄；監禁,,,"jails, jailing, jailed"
中級,jam,verb,塞進、擠滿,,,"jams, jamming, jammed"
初級,jam,noun,堵塞、果醬,,,jams
中高級,janitor,noun,門房、管理員,,,janitors
初級,January,noun,一月,= Jan.,,
初級,Japan,noun,日本,,,
初級,Japanese,adj./noun,日本的；日本人、日語,,,
中級,jar,noun,(玻璃)罐子、一罐,,,jars
中高級,jasmine,noun,茉莉,,,jasmines
中級,jaw,noun,下巴,,,jaws
中高級,jaywalk,verb,(無視交通規則)亂穿越馬路,,,"jaywalks, jaywalking, jaywalked"
初級,jazz,noun,爵士樂,,,
初級,jealous,adj.,妒忌的,,,
中級,jealousy,noun,妒忌,,,jealousies
初級,jeans,noun,牛仔褲,,,
初級,jeep,noun,吉普車,,,jeeps
中高級,jeer,verb/noun,嘲笑、譏諷；嘲笑或譏諷的言語,,,"jeers, jeering, jeered"
中級,jelly,noun,膠狀物、果凍,,,jellies
中高級,jeopardize,verb,危害、損害,= jeopardise (British English),,"jeopardizes, jeopardizing, jeopardized"
中高級,jerk,verb,猛地一拉(推、扔、動),,,"jerks, jerking, jerked"
中高級,jerk,noun,笨蛋,,,jerks
中高級,jersey,noun,球衣、針織衫,,,jerseys
中級,jet,noun/verb,噴射機；乘噴射機,,,"jets, jetting, jetted"
中級,jewel,noun,寶石、首飾,,,jewels
中級,jewellery,noun,珠寶,,,
中高級,jingle,verb/noun,發出叮噹聲；叮噹聲,,,"jingles, jingling, jingled"
初級,job,noun,工作,,L4,jobs
中高級,jobless,adj.,失業的,,,
中高級,jockey,noun,賽馬騎師、（設備、車輛的）操作者,,,jockeys
中高級,jockey,verb,運用各種手段謀利,,,"jockeys, jockeying, jockeyed"
初級,jog,verb,慢跑,,,"jogs, jogging, jogged"
初級,join,verb,參加,,,"joins, joining, joined"
初級,joint,adj.,共同的,,,
初級,joint,noun,接點,,,joints
初級,joke,noun/verb,玩笑；開玩笑,,,"jokes, joking, joked"
中級,journal,noun,報刊雜誌、日記,,L2,journals
中高級,journalism,noun,新聞業、新聞工作,,,
初級,journalist,noun,新聞記者,,,journalists
中級,journey,noun/verb,旅行,,,"journeys, journeying, journeyed"
初級,joy,noun,歡樂,,,joys
中級,joyful,adj.,令人愉快的,,,
中高級,joyous,adj.,歡樂的、令人愉快的,,,
初級,judge,noun,法官,,,judges
初級,judge,verb,判斷,,,"judges, judging, judged"
中級,judgment,noun,判斷、審判,= judgement,,judgments
中高級,judicial,adj.,法庭的、審判的、司法的,,,
中高級,judiciary,noun,審判人員、司法系統,,,judiciaries
中高級,jug,noun,(有柄有嘴的)壺、罐,,,jugs
初級,juice,noun,果汁,,,juices
中級,juicy,adj.,多汁的,,,"juicier, juiciest"
初級,July,noun,七月,= Jul.,,
初級,jump,verb/noun,跳,,,"jumps, jumping, jumped"
中高級,jumper,noun,跳躍者、跳躍動物；套頭衫,,,jumpers
中高級,junction,noun,匯合、(公路或鐵路)交叉點,,,junctions
初級,June,noun,六月,= Jun.,,
中級,jungle,noun,叢林,,,jungles
中級,junior,adj./noun,較年輕的、資淺的、（四年制中學或大學）三年級的；後輩、資淺者、（四年制中學或大學的）三年級學生,,,juniors
初級,junior high school,noun,國中、國民中學,,,junior high schools
中級,junk,noun,廢舊物、垃圾,,,
中級,jury,noun,陪審團,,,juries
初級,just,adv.,只是、正好、剛才,,,
中級,justice,noun,正義、司法,,,justices
中高級,justification,noun,正當理由、辯護,,,justifications
中高級,justified,adj.,有正當理由的,,,
中高級,justify,verb,證明是正當的、為…辯護,,L3,"justifies, justifying, justified"
中高級,juvenile,noun/adj.,少年；少年的、未成熟的,,,juveniles
初級,kangaroo,noun,袋鼠,,,kangaroos
初級,Kaohsiung,noun,高雄,,,
中級,keen,adj.,熱切的、熱心的,,,"keener, keenest"
初級,keep,verb,使…保持在某狀態、繼續、飼養,,,"keeps, keeping, kept"
中級,keeper,noun,飼養者、看守人,,,keepers
中高級,kernel,noun,(堅果的)核、(主題的)中心,,,kernels
初級,ketchup,noun,番茄醬,= catsup,,
中級,kettle,noun,水壺,,,kettles
初級,key,noun,鑰匙、關鍵,,,keys
初級,key,adj.,重要的,,,
中級,keyboard,noun,鍵盤,,,keyboards
初級,kick,verb/noun,踢,,,"kicks, kicking, kicked"
初級,kid,noun,小孩,,,kids
中級,kidnap,verb,綁架,,,"kidnaps, kidnapping, kidnaping, kidnapped, kidnaped"
中級,kidney,noun,腎,,,kidneys
初級,kill,verb,殺、使痛苦,,,"kills, killing, killed"
中高級,killer,noun,殺手、導致死亡的人(事物),,,killers
中高級,killing,noun/adj.,謀殺；致命的、使人精疲力盡的、滑稽的,,,killings
初級,kilogram,noun,公斤,= kg,,kilograms
初級,kilometer,noun,公里,= kilometre (British English)=km,,kilometers
中高級,kin,noun,(統稱)家屬、親戚,,,
初級,kind,adj.,仁慈、親切的,,,"kinder, kindest"
初級,kind,noun,種類,,,kinds
初級,kindergarten,noun,幼稚園,,,kindergartens
中高級,kindle,verb,開始燃燒、激起(興趣、感情),,,"kindles, kindling, kindled"
中級,kindly,adj./adv,親切的；親切地,,,
中級,kindness,noun,親切、和藹,,,kindnesses
初級,king,noun,國王,,,kings
初級,kingdom,noun,王國,,,kingdoms
初級,kiss,verb/noun,親吻,,,"kisses, kissing, kissed"
中級,kit,noun,成套工具,,,kits
初級,kitchen,noun,廚房,,,kitchens
初級,kite,noun,風箏,,,kites
初級,kitten,noun,小貓,= kitty,,kittens
初級,knee,noun,膝蓋,,,knees
中級,kneel,verb,跪下,,,"kneels, kneeling, knelt, kneeled"
初級,knife,noun,刀,,,knives
中級,knight,noun,騎士,,,knights
中級,knit,verb/noun,縫紉；針織衫,,,"knits, knitting"
中級,knob,noun,球形把手、旋鈕,,,knobs
初級,knock,verb,敲,,,"knocks, knocking, knocked"
中級,knot,noun/verb,繩結；打結,,,"knots, knotting, knotted"
初級,know,verb,知道,,,"knows, knowing, knew, known"
中高級,know-how,noun,知識、實用技能、竅門,,,know-hows
初級,knowledge,noun,知識,,,knowledges
中級,knowledgeable,adj.,博學的、有見識的,,,
中高級,knuckle,noun/verb,指關節、(豬)蹄膀；用指關節敲打,,,"knuckles, knuckling, knuckled"
初級,koala,noun,無尾熊,,,koalas
初級,Korea,noun,韓國,,,
初級,Korean,adj./noun,韓國的；韓國人,,,Koreans
初級,KTV,noun,卡拉OK店,,,
中級,label,noun/verb,標籤；貼標籤於、歸為,,L4,"labels, labeling, labelling, labeled, labelled"
中級,labor,noun/verb,勞動、勞工；努力做,= labour (British English),L1,"labors, laboring, labored"
中級,laboratory,noun,實驗室,= lab,,laboratories
中級,lace,noun/verb,蕾絲；用帶繫,,,"laces, lacing, laced"
初級,lack,noun/verb,欠缺,,,"lacks, lacking, lacked"
中高級,lad,noun,小伙子、少年,,,lads
中級,ladder,noun,梯子、階梯,,,ladders
初級,lady,noun,女士,,,ladies
中級,ladybug,noun,瓢蟲,= ladybird (British English),,ladybugs
中級,lag,verb/noun,掉隊、滯後、緩慢移動；（兩件事之間的）間隔，延遲,,,"lags, lagging, lagged"
初級,lake,noun,湖,,,lakes
初級,lamb,noun,小羊,,,lambs
中高級,lame,adj.,瘸的、站不住腳的、無說服力的,,,"lamer, lamest"
中高級,lament,noun/verb,輓歌；對…感到悲痛,,,"laments, lamenting, lamented"
初級,lamp,noun,燈,,,lamps
初級,land,noun,土地,,,lands
初級,land,verb,登陸,,,"lands, landing, landed"
中高級,landing,noun,樓梯平台、降落、著陸,,,landings
中級,landlady,noun,女房東、女地主,,,landladies
中級,landlord,noun,房東、地主,,,landlords
中級,landmark,noun,地標,,,landmarks
中級,landscape,noun/verb,風景；美化(環境),,,"landscapes, landscaping, landscaped"
中級,landslide,noun,土石流,,,landslides
中級,lane,noun,小路、巷弄,,,lanes
初級,language,noun,語言,,,languages
初級,lantern,noun,燈籠,,,lanterns
初級,Lantern Festival,noun,元宵節,,,
中級,lap,noun,大腿、一圈(跑道),,,laps
初級,large,adj.,大的,,,"larger, largest"
中級,largely,adv.,大部分、主要地,,,
中高級,large-scale,adj.,大規模的、大範圍的,,,
中級,laser,noun,雷射,,,lasers
中高級,lash,noun/verb,睫毛、鞭打；鞭打、猛擊、怒斥,,,"lashes, lashing, lashed"
中級,last,verb,持續,,,"lasts, lasting, lasted"
初級,last,adj./pron./noun,最後的、剛過的,,,lasts
中高級,lasting,adj.,持久的,,,
初級,late,adj./adv.,遲的,,,"later, latest"
中級,lately,adv.,最近,,,
中高級,latent,adj.,潛在的、潛伏的,,,
初級,later,adv.,更晚的；較晚地、以後,,,
初級,latest,adj.,最新的,,,
中級,latitude,noun,緯度,,,latitudes
中級,latter,adj.,後面的、後者的,,,
初級,laugh,verb/noun,笑,,,"laughs, laughing, laughed"
中級,laughter,noun,笑、笑聲,,,laughters
中級,launch,verb/noun,發動、發行、發射、下水,,,"launches, launching, launched"
中級,laundry,noun,洗衣店、洗好或待洗的衣物,,,laundries
中高級,lava,noun,(火山噴出的)熔岩、岩漿,,,lavas
中級,lavatory,noun,盥洗室、廁所,= toilet,,lavatories
中高級,lavish,adj./verb,奢華的、豪華的；為…提供大量的（金錢）,,,"lavishes, lavishing, lavished"
初級,law,noun,法律,,,laws
中級,lawful,adj.,合法的、法定的,,,
中高級,lawmaker,noun,立法者,,,lawmakers
中級,lawn,noun,草坪,,,lawns
中高級,lawsuit,noun,訴訟、起訴,,,lawsuits
初級,lawyer,noun,律師,,,lawyers
初級,lay,verb,放置,,,"lays, laying, laid"
中級,layer,noun,層,,L3,layers
中高級,layman,noun,門外漢,,,laymen
中高級,layout,noun,佈局、佈置、安排,,,layouts
初級,lazy,adj.,懶惰的,,,"lazier, laziest"
中高級,LCD,noun,液晶顯示器,= liquid crystal display,,LCDs
中級,lead,noun,鉛,,,leads
初級,lead,verb/noun,領導；領先,,,"leads, leading, led"
初級,leader,noun,領導者,,,leaders
初級,leadership,noun,領導(能力),,,leaderships
中高級,lead-in,noun,(主題、故事的)介紹、開場白,,,lead-ins
中級,leading,adj.,最重要的、領先的,,,
初級,leaf,noun,葉子,,,leaves
中級,leaflet,noun,傳單,,,leaflets
中級,league,noun,聯盟、社團,,,leagues
中級,leak,verb/noun,滲漏、走漏；漏洞,,,"leaks, leaking, leaked"
中級,lean,verb,傾斜、倚靠,,,"leans, leaning, leaned, leant"
中級,lean,adj.,瘦(肉)的,,,"leaner, leanest"
中級,leap,verb/noun,跳躍、巨變、激增,,,"leaps, leaping, leapt"
初級,learn,verb,學習,,,"learns, learning, learned, learnt"
中級,learned,adj.,有學問的,,,
中級,learner,noun,學習者,,,learners
中級,learning,noun,學識、學習,,,learnings
中高級,lease,noun/verb,租約；租借、出租,,,"leases, leasing, leased"
初級,least,adv./adj./pron./noun,最少、最小,,,leasts
中級,leather,noun,皮革,,,
初級,leave,verb/noun,離開；假期,,,"leaves, leaving, left"
中級,lecture,noun/verb,講課；演講,,L6,"lectures, lecturing, lectured"
中級,lecturer,noun,演講者、講師,,,lecturers
中高級,lee,noun/adj.,背風處、避風處,,,lees
初級,left,noun/adv.,左邊、左側；向左,,,lefts
初級,left,adj.,左邊的、左側的、剩下的,,,
初級,left-hand,adj.,左手的、左邊的,,,
中高級,left-wing,adj./noun,左翼、左派,,,left-wings
初級,leg,noun,腿,,,legs
中高級,legacy,noun,遺產、遺贈物,,,legacies
初級,legal,adj.,合法的,,L1,
中級,legend,noun,傳奇、傳奇人物,,,legends
中級,legendary,adj.,傳奇的,,,
中高級,legislation,noun,法規、法律,,,legislations
中高級,legislative,adj.,立法的、制定法律的,,,
中高級,legislator,noun,立法者、立法委員,,,legislators
中高級,legislature,noun,立法機關,,,legislatures
中高級,legitimate,adj.,正當合理的；合法的,,,
中級,leisure,noun,閒暇、休閒,,,leisures
中級,leisurely,adj./adv.,悠閒從容的/地,,,
初級,lemon,noun,檸檬,,,lemons
中級,lemonade,noun,檸檬水,,,
初級,lend,verb,把…借給,,,"lends, lending, lent"
初級,length,noun,長度,,,lengths
中級,lengthen,verb,加長,,,"lengthens, lengthening, lengthened"
中高級,lengthy,adj.,長時間的、過長的,,,"lengthier, lengthiest"
中級,lens,noun,鏡片,,,lenses
中級,leopard,noun,豹,,,leopards
中高級,lesbian,adj./noun,女同性戀者的；女同性戀,,,lesbians
初級,less,adv./pron.,較少(地),,,least
中高級,lessen,verb,使降低、使減少,,,"lessens, lessening, lessened"
中高級,lesser,adj.,較小的、次要的,,,
初級,lesson,noun,課程,,,lessons
中高級,lest,conj.,免得、以免,,,
初級,let,verb,讓,,,"lets, letting"
中高級,lethal,adj.,致命的、具殺傷力的,,,
初級,letter,noun,信,,,letters
初級,lettuce,noun,萵苣,,,lettuces
初級,level,noun,水準,,,levels
初級,level,adj.,水平的,,,
中高級,lever,noun/verb,控制桿；（用槓桿）撬動,,,"levers, levering, levered"
中高級,levy,noun/verb,稅款；徵稅,,L10,"levies, levying, levied"
中高級,liability,noun,（法律上對某事物的）責任,,,liabilities
中高級,liable,adj.,可能（做某事）；負有償付責任,,,
中級,liar,noun,撒謊者,,,liars
中高級,libel,noun/verb,（文字）誹謗,,,"libels, libelling, libeling, libelled, libeled"
中級,liberal,adj./noun,開明的、自由的；自由主義者,,L5,liberals
中高級,liberalize,verb,使自由化、放寬對…的限制,,,"liberalizes, liberalizing, liberalized"
中級,liberate,verb,解放,,,"liberates, liberating, liberated"
中高級,liberation,noun,解放,,,liberations
中級,liberty,noun,自由,,,liberties
中級,librarian,noun,圖書館員,,,librarians
初級,library,noun,圖書館,,,libraries
中級,license,verb/noun,發許可證；執照,= licence (British English),,"licenses, licensing, licensed"
初級,lick,verb/noun,舔,,,"licks, licking, licked"
初級,lid,noun,蓋子；眼瞼,,,lids
初級,lie,verb,躺下、橫臥、擺放,,,"lies, lying, lay, lied"
初級,lie,noun/verb,謊言；說謊,,,"lies, lying, lay, lied"
中高級,lieutenant,noun,中尉、上尉,,,lieutenants
初級,life,noun,生命、生活,,,lives
中高級,lifeboat,noun,救生船,,,lifeboats
中高級,lifeguard,noun,救生員,,,lifeguards
中高級,lifelong,adj.,終身的、畢生的,,,
中級,lifestyle,noun,生活方式,,,lifestyles
中級,lifetime,noun,一生,,,lifetimes
初級,lift,verb,舉起,,,"lifts, lifting, lifted"
初級,lift,noun,舉、順道搭載,,,lifts
初級,light,noun/verb/adj.,光、燈；點燃、照亮；明亮的,,,"lights, lighting, lit, lighted, lighter, lightest"
初級,light,adj./adv.,輕(便)、明亮、(顏色)淺、少量,,,"lighter, lightest"
中級,lighten,verb,變亮、照亮；減輕,,,"lightens, lightening, lightened"
中級,lighthouse,noun,燈塔,,,lighthouses
中高級,lighting,noun,照明設備、光線、燈光,,,lightings
初級,lightning,noun,閃電,,,lightnings
中高級,lightweight,adj./noun,輕量的；輕量級拳擊手、無影響力的人,,,lightweights
初級,like,prep.,像、如,,,
初級,like,verb,喜歡、想要,,,"likes, liking, liked"
中高級,likelihood,noun,可能、可能性,,,likelihoods
初級,likely,adj./adv.,很可能,,,"likelier, likeliest"
中高級,likewise,adv.,同樣地、類似地、也,,L10,
中級,lily,noun,百合花,,,lilies
中級,limb,noun,肢、臂、大樹枝,,,limbs
中高級,lime,noun,酸橙、萊姆,,,limes
初級,limit,verb/noun,限制,,,"limits, limiting, limited"
中級,limitation,noun,限制,,,limitations
中高級,limousine,noun,豪華轎車,= limo,,limousines
中高級,limp,verb/noun,跛行,,,"limps, limping, limped"
中高級,limp,adj.,無力的、無精神的,,,"limper, limpest"
初級,line,noun/verb,行列；排隊,,,"lines, lining, lined"
中高級,linear,adj.,直線的、線性的,,,
中級,linen,noun,亞麻布,,,linens
中高級,liner,noun,郵輪、襯裡,,,liners
中高級,lineup,noun,陣容、節目安排,,,lineups
中高級,linger,verb,繼續存留,,,"lingers, lingering, lingered"
中高級,linguist,noun,通曉外語的人、語言學家,,,linguists
中高級,lining,noun,內襯、襯裡,,,linings
初級,link,noun/verb,連結,,L3,"links, linking, linked"
初級,lion,noun,獅子,,,lions
初級,lip,noun,唇,,,lips
中級,lipstick,noun,口紅,,,lipsticks
初級,liquid,noun/adj.,液體；液態的、流動的,,,liquids
中級,liquor,noun,酒精飲料、烈酒,= spirits (British English),,"liquors, liquores"
初級,list,noun/verb,名單；列入名單,,,"lists, listing, listed"
初級,listen,verb,聽,,,"listens, listening, listened"
中級,listener,noun,聽者,,,listeners
初級,liter,noun,公升,= litre (British English),,liters
中高級,literacy,noun,讀寫能力,,,literacies
中高級,literal,adj.,字面意義的、缺乏想像力的,,,
中高級,literally,adv.,字面上、確實地,,,
中級,literary,adj.,文學的,,,
中高級,literate,adj.,有讀寫能力的、有文化的,,,
中級,literature,noun,文學,,,literatures
中級,litter,noun/verb,垃圾；亂扔、使凌亂,,,"litters, littering, littered"
初級,little,adj./pron./adv.,小的；少,,,"littler, littlest"
中級,live,adj.,實況的、現場演出的、活的,,,
初級,live,verb,活,,,"lives, living, lived"
中高級,live-in,adj.,住在工作場所的、未婚同居者,,,
中級,lively,adj.,精力充沛的,,,"livelier, liveliest"
中級,liver,noun,肝臟,,,livers
中高級,livestock,noun,牲畜、家畜,,,
中高級,living,noun/adj.,生計、收入；活著的、在使用的,,,livings
初級,living room,noun,客廳,,,living rooms
中高級,lizard,noun,蜥蜴,,,lizards
中高級,llama,noun,美洲駝,,,llamas
中級,load,noun/verb,負載（量）；裝載,,,"loads, loading, loaded"
中高級,loaded,adj.,滿的、富有的、意味深長的,,,
初級,loaf,noun,一條（塊）包,,,loaves
中級,loan,noun/verb,貸款、借款；借出、貸與,,,"loans, loaning, loaned"
中級,lobby,noun,大廳,,,lobbies
中級,lobster,noun,龍蝦,,,lobsters
初級,local,adj./noun,當地的；本地人,,,locals
中高級,locality,noun,地區、地點,,,localities
中級,locate,verb,位於、確定位置,,L3,"locates, locating, located"
中級,location,noun,地點、位置,,,locations
初級,lock,verb/noun,鎖上；鎖,,,"locks, locking, locked"
中高級,locked,adj.,鎖住的、陷入困境、爭執的,,,
中級,locker,noun,寄物櫃,,,lockers
中高級,locomotive,noun,移動的、運動的,,,locomotives
中高級,locomotive,adj.,機車、火車頭,,,
中高級,locust,noun,蝗蟲,,,locusts
中高級,lodge,noun/verb,鄉間小屋；（向當局）正式提出（聲明等）,,,"lodges, lodging, lodged"
中高級,lofty,adj.,（建築、山）高聳的、（思想）崇高的,,,"loftier, loftiest"
中級,log,noun/verb,原木；伐木,,,"logs, logging, logged"
中級,logic,noun,邏輯,,L5,logics
中級,logical,adj.,按照邏輯的、合乎情理的,,,
中高級,logo,noun,（公司或機構的）標誌、標識,,,logos
中高級,lollipop,noun,棒棒糖,,,lollipops
中高級,lone,adj.,獨自的、單親的,,,
中級,loneliness,noun,寂寞,,,
初級,lonely,adj.,寂寞的,,,"lonelier, loneliest"
中高級,lonesome,adj.,孤獨的、寂寞的、人煙稀少的,,,
中級,long,verb,渴望、期盼,,,"longs, longing, longed"
初級,long,adj./adv.,長的、久的；長久地,,,"longer, longest"
中高級,longevity,noun,長壽、持久,,,longevities
中高級,longitude,noun,經度,,,longitudes
中級,long-standing,adj.,存在已久的、悠久的,,,
中級,long-term,adj.,長期的,,,
中高級,longtime,adj.,為時甚久的,,,
初級,look,verb/noun,看,,,"looks, looking, looked"
中高級,loom,noun,織布機,,,looms
中高級,loom,verb,赫然聳現、逼近,,,"looms, looming, loomed"
中級,loop,noun/verb,環、圈、環狀物；繞圈,,,"loops, looping, looped"
中級,loose,adj.,鬆的、鬆動的,,,"looser, loosest"
中級,loosen,verb,鬆開、變鬆,,,"loosens, loosening, loosened"
中高級,loot,verb/noun,（暴動、火災後）打劫；戰利品,,,"loots, looting, looted"
中級,lord,noun,君主、領主,,,lords
中級,lorry,noun,卡車,= truck (American English),,lorries
初級,lose,verb,失去、輸,,,"loses, losing, lost"
初級,loser,noun,失敗者,,,losers
初級,loss,noun,損失,,,losses
中高級,lost,adj.,迷路的、失去的、不知所措的,,,
初級,lot,noun,多量、一批、一塊地,,,lots
中級,lotion,noun,護膚乳液,,,lotions
中高級,lottery,noun,彩票抽獎,,,lotteries
中高級,lotus,noun,蓮花,,,lotuses
初級,loud,adj./adv.,大聲的；大聲地,,,"louder, loudest"
中級,loudspeaker,noun,擴音器、喇叭,,,loudspeakers
中高級,lounge,noun/verb,等候室；懶洋洋地站（或坐、躺）,,,"lounges, lounging, lounged"
中級,lousy,adj.,極糟的、討厭的,,,"lousier, lousiest"
初級,love,verb/noun,愛,,,"loves, loving, loved"
初級,lovely,adj.,美好的,,,"lovelier, loveliest"
初級,lover,noun,愛好者,,,lovers
初級,low,adj.,低的,,,"lower, lowest"
中級,lower,verb,減少、縮小、放低,,,"lowers, lowering, lowered"
中級,loyal,adj.,忠誠的,,,"loyaller, loyallest"
中級,loyalty,noun,忠誠,,,loyalties
中高級,lubricate,verb,給…上潤滑油,,,"lubricates, lubricating, lubricated"
初級,luck,noun,運氣,,,
初級,lucky,adj.,幸運的,,,"luckier, luckiest"
中高級,lucrative,adj.,賺大錢的、獲利多的,,,
中級,luggage,noun,行李,,,
中級,lullaby,noun,搖籃曲,,,lullabies
中高級,lumber,noun,木材、木料,,,
中高級,lumber,verb,採伐林木、緩慢笨拙行進、迫使擔負職責,,,"lumbers, lumbering, lumbered"
中高級,luminous,adj.,發亮的、鮮豔的,,,
中高級,lump,noun/verb,塊、隆起；把…合併一起,,,"lumps, lumping, lumped"
中級,lunar,adj.,陰曆的、月亮的,,,
中高級,lunatic,noun/adj.,精神錯亂者；瘋狂的、可笑的,,,lunatics
初級,lunch,noun,午餐,,,lunches
中高級,lunchtime,noun,午餐時間,,,lunchtimes
中級,lung,noun,肺,,,lungs
中高級,lure,verb/noun,引誘、誘惑,,,"lures, luring, lured"
中高級,lush,adj.,(植物)茂盛的、繁茂的,,,"lusher, lushest"
中級,luxurious,adj.,豪華的、奢侈的,,,
中級,luxury,noun,奢侈(品),,,luxuries
中級,lychee,noun,荔枝,= litchi 荔枝,,lychees
中高級,lynch,verb,用私刑處死,,,"lynches, lynching, lynched"
中高級,lyric,adj./noun,抒情的；抒情詩,,,lyrics
初級,ma'am,noun,夫人,,,
初級,machine,noun,機器,,,machines
中級,machinery,noun,機器、機制,,,machineries
初級,mad,adj.,瘋狂的、生氣的,,,"madder, maddest"
中級,madam,noun,夫人、女士,,,madams
中高級,made-up,adj.,化妝的、不真實的、編造的,,,
中高級,mafia,noun,小幫派、社會黑幫,,,mafias
初級,magazine,noun,雜誌,,,magazines
初級,magic,adj./noun.,有魔力的；魔術,,,magics
中級,magical,adj.,魔術的、奇妙的,,,
初級,magician,noun,魔術師,,,magicians
中高級,magistrate,noun,地方執法官,,,magistrates
中級,magnet,noun,磁鐵,,,magnets
中級,magnetic,adj.,有磁性的、磁鐵的,,,
中級,magnificent,adj.,壯麗的,,,
中高級,magnify,verb,放大、增強,,,"magnifies, magnifying, magnified"
中高級,magnitude,noun,重大、重要性,,,magnitudes
中級,maid,noun,女僕、少女,,,maids
中高級,maiden,noun,未婚女子,,,maidens
中高級,maiden,adj.,初次的,,,
初級,mail,noun/verb,郵件；郵寄,,,"mails, mailing, mailed"
初級,mail carrier,noun,郵差,=mailman = postman (British English),,mail carriers
初級,main,adj.,主要的,,,
中級,mainland,noun,大陸、本土,,,mainlands
中高級,mainstream,noun,(思想或行為的)主流,,,mainstreams
初級,maintain,verb,維持,,L2,"maintains, maintaining, maintained"
中高級,maintenance,noun,維護、保養,,,
中高級,majestic,adj.,雄偉壯觀的,,,
中高級,majesty,noun,雄偉壯觀、莊嚴,,,
初級,major,adj.,主要的,,L1,
初級,major,noun/verb,主修科目、主修生；主修,,L1,"majors, majoring, majored"
中級,majority,noun,大多數,,,majorities
初級,make,verb,做,,,"makes, making, made"
中級,maker,noun,製作者,,,makers
中級,makeup,noun,化妝品、構成,,,makeups
中高級,making,noun,生產、製造,,,makings
中高級,malaria,noun,瘧疾,,,malarias
初級,male,adj./noun,男性(的),,,males
初級,mall,noun,購物中心,,,malls
中高級,mammal,noun,哺乳動物,,,mammals
初級,man,noun,男人,,,men
中級,manage,verb,設法解決、管理,,,"manages, managing, managed"
中級,manageable,adj.,可處理的,,,
中級,management,noun,管理、經營,,,managements
初級,manager,noun,負責人、經理,,,managers
初級,Mandarin,noun,中文(國語),,,
中高級,mandate,noun,(政府或官員經選舉而獲得的)授權,,,mandates
中高級,mandate,verb,強制執行,,,"mandates, mandating, mandated"
中高級,maneuver,verb/noun,操縱、控制；策略、花招、軍事演習,= manoeuvre (British English),,"maneuvers, maneuvering, maneuvered"
初級,mango,noun,芒果,,,"mangoes, mangos"
中高級,manifest,adj./verb,明顯的；表明(尤指態度、品質),,,"manifests, manifesting, manifested"
中高級,manifest,noun,（船或飛機的）貨單、旅客名單,,,manifests
中高級,manifesto,noun,宣言,,,manifestos
中高級,manipulate,verb,操縱、控制(某人的思想和行為),,L8,"manipulates, manipulating, manipulated"
中級,mankind,noun,人類,,,
中級,man-made,adj.,人造的,,,
初級,manner,noun,禮貌（多使用複數形態）、方式、態度,,,manners
中級,mansion,noun,大廈、宅第,,,mansions
中級,manual,noun/adj.,手冊、導覽；用手的、手工的,,L9,manuals
中級,manufacture,verb/noun,大量製造；生產,,,"manufactures, manufacturing, manufactured"
中級,manufacturer,noun,生產者、製造商,,,manufacturers
中高級,manuscript,noun,手稿、底稿,,,manuscripts
初級,many,adj./pron.,許多（的）,,,
初級,map,noun,地圖,,,maps
中高級,maple,noun,楓樹,,,maples
中高級,mar,verb,破壞、損毀,,,"mars, marring, marred"
中級,marathon,noun,馬拉松,,,marathons
中級,marble,noun,大理石,,,marbles
中級,march,verb/noun,行進、行軍；示威遊行、持續的發展,,,"marches, marching, marched"
初級,March,noun,三月,= Mar.,,
中高級,mare,noun,母馬、母驢,,,mares
中級,margin,noun,邊緣、差距,,L5,margins
中高級,marginal,adj./noun,邊緣的；(議會的)邊緣席位,,L5,marginals
中高級,marine,noun/adj.,海軍陸戰隊士兵；海的,,,marines
初級,mark,verb,標記,,,"marks, marking, marked"
初級,mark,noun,分數,,,marks
中高級,marked,adj.,明顯的、顯著的,,,
初級,marker,noun,標誌；麥克筆、彩色筆,,,markers
初級,market,noun/verb,市場；行銷、銷售,,,"markets, marketing, marketed"
中高級,marketing,noun,促銷、銷售,,,marketings
初級,marriage,noun,婚姻,,,marriages
初級,marry,verb,結婚,,,"marries, marrying, married"
中高級,marsh,noun,溼地、沼澤,,,marshes
中高級,marshal,verb/noun,結集、維持秩序；執行官,,,"marshals, marshaling, marshalling, marshalled, marshaled"
中高級,martial,adj.,軍事的、戰爭的,,,
中高級,marvel,noun/verb,令人驚異的人事；感到驚奇,,,"marvels, marveling, marvelled, marveled"
初級,marvelous,adj.,非凡的、很棒的,= marvellous (British English),,
中高級,masculine,adj.,男人的、男子漢的,,,
中高級,mash,noun/verb,（煮軟的）穀物飼料；搗碎（食物）,,,"mashes, mashing, mashed"
初級,mask,noun,面具、口罩,,,masks
初級,mass,noun/adj.,大量（的）,,,masses
中高級,massacre,noun/verb,屠殺、殺戮、（在比賽或競選中）徹底擊敗,,,"massacres, massacring, massacred"
中高級,massage,noun/verb,按摩,,,"massages, massaging, massaged"
中高級,massive,adj.,厚重的、巨大的、強烈的,,,
中級,master,verb,征服、控制；精通,,,"masters, mastering, mastered"
初級,master,noun,主人、大師,,,masters
中級,masterpiece,noun,傑作,,,masterpieces
中高級,mastery,noun,精通、熟練掌握,,,
初級,mat,noun,蓆子、墊子,,,mats
初級,match,noun,比賽,,,matches
初級,match,verb,相配,,,"matches, matching, matched"
中級,mate,noun/verb,夥伴、伴侶；交配,,,"mates, mating, mated"
初級,material,noun,物質、材料,,,materials
中高級,materialism,noun,物質主義、唯物主義,,,
初級,math,noun,數學、算術,= mathematics,,maths
中級,mathematical,adj.,數學的,,,
初級,matter,noun,問題；物質,,,matters
初級,matter,verb,有關係,,,"matters, mattering, mattered"
中高級,mattress,noun,床墊,,,mattresses
中級,mature,adj.,成熟的,,L9,"maturer, maturest"
中級,maturity,noun,成熟、完善,,,maturities
初級,maximum,adj./noun/adv.,最大值（的/地）,,,"maximums, maxima"
初級,may,aux.,可能,,,
初級,May,noun,五月,,,
初級,maybe,adv.,或許,,,
中高級,mayonnaise,noun,蛋黃醬、美乃滋,,,mayonnaises
中級,mayor,noun,市長,,,mayors
初級,me,pron.,我,,,
中級,meadow,noun,（牧）草地,,,meadows
初級,meal,noun,一餐、餐點,,,meals
中級,mean,adj.,吝嗇的、卑鄙的,,,"meaner, meanest"
初級,mean,verb,意思是、意指、意圖,,,"means, meaning, meant"
初級,meaning,noun,意義,,,meanings
中級,meaningful,adj.,有意義的,,,
初級,means,noun,手段,,,
中級,meantime,noun,同時,,,meantimes
中級,meanwhile,adv.,同時,,,
中級,measurable,adj.,可測量的、顯著的,,,
初級,measure,noun,措施,,,measures
初級,measure,verb,測量,,,"measures, measuring, measured"
中高級,measurement,noun,測量、尺寸,,,measurements
初級,meat,noun,肉,,,meats
初級,mechanic,noun,機械工、修理工,,,mechanics
中級,mechanical,adj.,機械的,,,
中高級,mechanics,noun,機械學,,,
中高級,mechanism,noun,機械裝置、結構、機制,,L4,mechanisms
中級,medal,noun,獎章,,,medals
中級,media,noun,新聞媒體,,L7,
中高級,mediate,verb,調解分歧、爭端,,L9,"mediates, mediating, mediated"
中級,medical,adj.,醫學的,,L5,
中高級,medication,noun,藥物、藥劑,,,medications
初級,medicine,noun,藥,,,medicines
中高級,medieval,adj.,中世紀的、中古時期的,,,
中高級,meditate,verb,冥想、暗自策劃,,,"meditates, meditating, meditated"
中高級,meditation,noun,冥想、沉思,,,meditations
初級,medium,adj.,中間的、中等的,,L9,
初級,medium,noun,媒介、方法、媒體,,L9,"media, mediums"
初級,meet,verb,遇見,,,"meets, meeting, met"
初級,meeting,noun,會議,,,meetings
中高級,melancholy,noun/adj.,憂鬱；傷悲、（令人）悲哀的,,,melancholies
中高級,mellow,adj./verb,（色彩或聲音）柔和豐富的；成熟,,,"mellower, mellowest, mellows, mellowing, mellowed"
中級,melody,noun,旋律、樂曲,,,melodies
初級,melon,noun,瓜,,,melons
中級,melt,verb,融化,,,"melts, melting, melted"
初級,member,noun,成員,,,members
中級,membership,noun,會員（資格）,,,memberships
中級,memorable,adj.,難忘的,,,
中級,memorandum,noun,備忘錄,,,"memorandums, memoranda"
中級,memorial,noun/adj.,紀念碑；紀念的,,,memorials
中級,memorize,verb,記住、背熟,,,"memorizes, memorizing, memorized"
初級,memory,noun,記憶、回憶,,,memories
中高級,menace,noun/verb,危險的事物；威脅、恐嚇,,,"menaces, menacing, menaced"
中級,mend,verb,修補,,,"mends, mending, mended"
初級,men's room,noun,男洗手間、男廁所,,,
中級,mental,adj.,精神的、心理的,,L5,
中高級,mentality,noun,心態、思想狀況,,L5,mentalities
中級,mention,verb/noun,提及、寫到；簡短的陳述,,,"mentions, mentioning, mentioned"
初級,menu,noun,菜單,,,menus
中高級,merchandise,noun/verb,商品；（用廣告等方式）推銷,,,"merchandises, merchandising, merchandised"
中級,merchant,noun,商人,,,merchants
中高級,mercury,noun,汞、水銀,,,mercuries
中級,mercy,noun,慈悲、憐憫,,,mercies
中級,mere,adj.,僅僅的,,,"merer, merest"
中高級,merge,verb,使合併,,,"merges, merging, merged"
中高級,merger,noun,（公司、組織的）合併,,,mergers
中級,merit,noun,優點、長處,,,merits
中高級,mermaid,noun,（傳說中的）美人魚,,,mermaids
中級,merry,adj.,愉快的,,,"merrier, merriest"
中級,mess,noun/verb,骯髒雜亂、麻煩；弄髒、弄亂,,,"messes, messing, messed"
初級,message,noun,訊息,,,messages
中級,messenger,noun,送信人、信差,,,messengers
中級,messy,adj.,凌亂的,,,"messier, messiest"
初級,metal,noun,金屬,,,metals
中高級,metallic,adj.,金屬般的,,,
中高級,metaphor,noun,暗喻、隱喻,,,metaphors
中級,meter,verb,用儀表測量,,,"meters, metering, metered"
初級,meter,noun,公尺,= metre (British English)= m,,meters
初級,method,noun,方法,,L1,methods
中高級,metric,adj.,公制的,,,
中級,metro,noun,地鐵,= Metro,,metros
中高級,metropolitan,adj.,大城市的、大都會的,,,
中級,microphone,noun,麥克風,= mike,,microphones
中級,microscope,noun,顯微鏡,,,microscopes
初級,microwave,noun/verb,微波(爐),,,"microwaves, microwaving, microwaved"
中級,midday,noun,正午,,,
初級,middle,adj./noun,中間(的),,,middles
中級,middle-aged,adj.,中年的、煩人的、過時的,,,
初級,midnight,noun/adj.,午夜,,,
中高級,midst,noun/prep.,中部、中間,,,
中級,might,noun,力量,,,mights
初級,might,aux.,可能、或許,,,
中級,mighty,adj.,強而有力的,,,"mightier, mightiest"
中高級,migrant,noun,(為工作)移居者、移民,,L6,migrants
中高級,migrate,verb,移居、遷移,,L6,"migrates, migrating, migrated"
中高級,migration,noun,移居、遷移,,,migrations
中級,mild,adj.,溫和的、溫暖的,,,"milder, mildest"
初級,mile,noun,英里、哩,,,miles
中高級,mileage,noun,英里里程,,,mileages
中高級,milestone,noun,轉折點、里程碑,,,milestones
中高級,militant,adj./noun,好戰的；激進份子,,,militants
初級,military,noun/adj.,軍事(的),,L9,militaries
中高級,militia,noun,民兵隊伍、國民自衛隊,,,militias
初級,milk,noun,牛奶,,,milks
中級,milkshake,noun,奶昔,,,milkshakes
中級,mill,noun/verb,磨坊；磨成粉,,,"mills, milling, milled"
中高級,miller,noun,磨坊主、磨坊工人,,,millers
中高級,millimeter,noun,毫米、千分之ㄧ米,= millimetre (British English) = mm,,millimeters
初級,million,number/pron./noun/adj.,百萬,,,millions
中高級,millionaire,noun,百萬富翁、大富豪,,,millionaires
中高級,mimic,verb/noun,模仿；會模仿的人,,,"mimics, mimicing, mimiced"
初級,mind,noun,心思、主意、想法、智力,,,minds
初級,mind,verb,注意、介意,,,"minds, minding, minded"
中級,mine,noun,採礦、礦（坑）,,,mines
中級,miner,noun,採礦者,,,miners
中級,mineral,noun/adj.,礦物質；礦物質的,,,minerals
中高級,mingle,verb,使混合、（尤指社交場所）相交往,,,"mingles, mingling, mingled"
中高級,miniature,adj./noun,小型的；微型畫、縮微模型,,,miniatures
中高級,minimal,adj.,極小的、最小的,,L9,
中高級,minimize,verb,把…減至最少量,,,"minimizes, minimizing, minimized"
中級,minimum,adj./noun,最小的；最小值,= min.,L6,"minimums, minima"
中高級,mining,noun,採礦(業),,,minings
中級,minister,noun,部長,,,ministers
中高級,ministerial,adj.,部長的、大臣的,,,
中級,ministry,noun,(政府的)部,,L6,ministries
初級,minor,adj.,較小、少的；次要的,,L3,
初級,minor,noun,副修、未成年,,L3,minors
初級,minor,verb,副修,,L3,"minors, minoring, minored"
中級,minority,noun,少數,,,minorities
中高級,mint,noun/verb,薄荷、鑄幣廠；鑄造（硬幣）,,,"mints, minting, minted"
中高級,mint,adj.,（郵票、硬幣等）簇新的,,,
初級,minus,pron./conj./adj./noun,減；減號；負的,,,minuses
中級,minute,adj.,極小的、仔細的,,,"minuter, minutest"
初級,minute,noun,分鐘,= min.,,minutes
中級,miracle,noun,奇蹟,,,miracles
中高級,miraculous,adj.,奇蹟般的、不平凡的,,,
初級,mirror,noun,鏡子,,,mirrors
中高級,miscarriage,noun,流產,,,miscarriages
中級,mischief,noun,惡作劇、淘氣,,,
中高級,mischievous,adj.,頑皮的、招惹是非的、惡意的,,,
中高級,miser,noun,吝嗇鬼、守財奴,,,misers
中級,miserable,adj.,悲慘的、難受的,,,
中級,misery,noun,痛苦、不幸,,,miseries
中級,misfortune,noun,不幸、惡運,,,misfortunes
中級,mislead,verb,誤導、引入歧途,,,"misleads, misleading, misled"
初級,miss,verb,錯過；想念,,,"misses, missing, missed"
初級,Miss,noun,小姐,,,
中級,missile,noun,飛彈,,,missiles
初級,missing,adj.,缺的、走失的,,,
中級,mission,noun,任務、使命、使團,,,missions
中高級,missionary,noun/adj.,傳教士；傳教的,,,missionaries
中級,mist,noun/verb,薄霧；結霧,,,"mists, misting, misted"
初級,mistake,noun/verb,錯誤；出差錯,,,"mistakes, mistaking, mistook, mistaken"
中高級,mistaken,adj.,不正確的、被誤解的,,,
中級,mister,noun,先生,,,misters
中級,mistress,noun,女主人,,,mistresses
中級,misunderstand,verb,誤解,,,"misunderstands, misunderstanding, misunderstood"
初級,mix,verb/noun,混合,,,"mixes, mixing, mixed"
中級,mixture,noun,混合(物),,,mixtures
中高級,moan,verb/noun,呻吟、抱怨；呻吟聲,,,"moans, moaning, moaned"
中級,mob,noun/verb,暴民；(圍攻)襲擊,,,"mobs, mobbing, mobbed"
中級,mobile,adj.,活動的、可移動的,,,
中高級,mobilize,verb,動員、調動,= mobilise (British English),,"mobilizes, mobilizing, mobilized"
中高級,mock,verb,嘲笑,,,"mocks, mocking, mocked"
中高級,mock,adj./noun,模擬的；模擬考試,,,
中高級,mode,noun,方式、模式、眾數,,L7,modes
初級,model,noun/verb,模特兒、模型；塑造、模仿,,,"models, modeling, modelling, modeled, modelled"
中級,moderate,adj.,適度的、中等的,,,
初級,modern,adj.,現代的,,,"moderner, modernest"
中高級,modernization,noun,(制度、方法等)現代化,,,modernizations
中高級,modernize,verb,使(系統、建築等)現代化,,,"modernizes, modernizing, modernized"
中級,modest,adj.,謙虛的、不太大的,,,
中級,modesty,noun,謙遜,,,
中高級,modify,verb,(略微地)修改,,L5,"modifies, modifying, modified"
中級,moist,adj.,(微)濕潤的,,,"moister, moistest"
中級,moisture,noun,濕氣、水分,,,moistures
中高級,mold,noun,模具、霉,= mould (British English),,molds
中高級,mold,verb,將…塑造成,,,"molds, molding, molded"
中高級,molecule,noun,分子,,,molecules
初級,moment,noun,瞬間、片刻,,,moments
中高級,momentum,noun,動力,,,"momenta, momentums"
中高級,monarch,noun,君主、帝王,,,monarchs
中高級,monarchy,noun,君主政體,,,monarchies
初級,Monday,noun,星期一,= Mon.,,
中高級,monetary,adj.,貨幣的、錢的,,,
初級,money,noun,金錢,,,"moneys, monies"
中級,monitor,verb/noun,監視、檢查；顯示器、監視器,,L5,"monitors, monitoring, monitored"
中級,monk,noun,僧侶,,,monks
初級,monkey,noun,猴子,,,monkeys
中高級,monopoly,noun,壟斷、專利,,,monopolies
中高級,monotonous,adj.,單調乏味的,,,
中高級,monotony,noun,單調乏味、千篇一律,,,
初級,monster,noun,妖怪,,,monsters
中高級,monstrous,adj.,怪異的、道德敗壞的、巨大的,,,
初級,month,noun,月,,,months
初級,monthly,adj./adv.,每月的(地),,,
初級,monthly,noun,月刊,,,monthlies
中級,monument,noun,紀念碑,,,monuments
中級,mood,noun,心情,,,moods
中高級,moody,adj.,喜怒無常的、脾氣壞的、感傷的,,,"moodier, moodiest"
初級,moon,noun,月亮,,,moons
中級,moonlight,noun,月光,,,
中高級,moor,noun,曠野、高沼地,,,moors
中高級,moor,verb,使停泊,,,"moors, mooring, moored"
初級,mop,noun/verb,拖把；拖地,,,"mops, mopping, mopped"
中級,moral,adj./noun,(有)道德的；道德、寓意,,,morals
中高級,morale,noun,士氣、鬥志,,,
中高級,morality,noun,道德、道德標準,,,moralities
初級,more,adv./pron./adj.,更；更多(的),,,
中級,moreover,adv.,而且,,,
初級,morning,noun,早晨,,,mornings
中高級,mortal,noun,凡人、普通人,,,mortals
中高級,mortal,adj.,終將死亡的、致命的,,,
中高級,mortar,noun,灰泥、砂漿、迫擊炮、研缽,,,mortars
中高級,mortar,verb,用迫擊砲攻擊,,,"mortars, mortaring, mortared"
中級,mortgage,noun/verb,貸款；抵押,,,"mortgages, mortgaging, mortgaged"
中高級,mosque,noun,清真寺,,,mosques
初級,mosquito,noun,蚊子,,,"mosquitoes, mosquitos"
中高級,moss,noun,苔蘚、地衣,,,mosses
初級,most,adv./pron./adj.,最,,,
中級,motel,noun,汽車旅館,,,motels
中級,moth,noun,蛾,,,moths
初級,mother,noun,母親,= mommy= mom= momma= mamma,,mothers
初級,mother,verb,養育,,,"mothers, mothering, mothered"
中高級,motherhood,noun,母親身分、母性,,,
初級,Mother's Day,noun,母親節,,,
初級,motion,noun,行動、動作,,,motions
初級,motion,verb,打手勢,,,"motions, motioning, motioned"
中級,motivate,verb,激發、給…動機,,L6,"motivates, motivating, motivated"
中級,motivation,noun,動機,,,motivations
中高級,motive,noun/adj.,動機、目的；引起運動的,,L6,motives
中級,motor,noun,馬達,,,motors
初級,motorcycle,noun,摩托車,= motorbike (British English),,motorcycles
中高級,motorist,noun,駕車者、開汽車的人,,,motorists
中高級,motorway,noun,(英國的)高速公路,,,motorways
中高級,motto,noun,座右銘、格言,,,"mottoes, mottos"
中高級,mound,noun,土墩、小丘、一堆,,,mounds
中高級,mount,verb/noun,增加、舉辦；山、托架,,,"mounts, mounting, mounted"
初級,mountain,noun,山,,,mountains
中級,mountainous,adj.,(多)山的,,,
中高級,mounted,adj.,(尤指士兵或警官)騎馬的、安裝好的,,,
中高級,mourn,verb,(因失去…而)哀悼、憂傷,,,"mourns, mourning, mourned"
中高級,mournful,adj.,憂傷的、悲痛的,,,
初級,mouse,noun,老鼠,,,mice
中級,moustache,noun,上唇的鬍子、八字鬍,= mustache,,moustaches
初級,mouth,noun,嘴,,,mouths
中高級,mouthpiece,noun,(電話的)話筒、傳聲筒,,,mouthpieces
中級,movable,adj.,可動的,,,
初級,move,verb/noun,搬家、移動,,,"moves, moving, moved"
初級,movement,noun,動作；活動,,,movements
初級,movie,noun,電影,= film= cinema= picture,,movies
中高級,moving,adj.,令人感動的、移動的,,,
中級,mow,verb,割、修剪,,,"mows, mowing, mowed, mown"
中高級,mower,noun,割草機,,,mowers
初級,Mr.,noun,先生,= Mr,,
初級,Mrs.,noun,太太,= Mrs,,
初級,MRT,noun,捷運,= mass rapid transit= subway= underground= metro,,
初級,Ms.,noun,女士,=Ms,,
初級,much,pron./adv./adj.,很多,,,"more, most"
初級,mud,noun,泥巴,,,
中級,muddy,adj.,泥濘的,,,"muddier, muddiest"
中級,mug,noun,馬克杯,,,mugs
中級,mug,verb,（在公共場合）攔路搶劫,,,"mugs, mugging, mugged"
中高級,mule,noun,騾子,,,mules
中高級,multinational,adj./noun,跨國的；跨國公司,,,multinationals
中級,multiple,adj.,多樣的,,,
中級,multiply,verb,乘以、成倍增加,,,"multiplies, multiplying, multiplied"
中高級,multitude,noun,眾多、大量,,,multitudes
中高級,mumble,verb/noun,嘟噥、喃喃自語,,,"mumbles, mumbling, mumbled"
中高級,municipal,adj.,市立的、地方政府的,,,
中級,murder,noun/verb,謀殺、兇殺,,,"murders, murdering, murdered"
中級,murderer,noun,兇手,,,murderers
中級,murmur,verb/noun,喃喃低語(聲),,,"murmurs, murmuring, murmured"
中級,muscle,noun,肌肉,,,muscles
中高級,muscular,adj.,肌肉的、強壯的,,,
中高級,muse,verb/noun,沉思；(作家、畫家等)的靈感,,,"muses, musing, mused"
初級,museum,noun,博物館,,,museums
中級,mushroom,noun,蘑菇,,,mushrooms
中級,mushroom,verb,迅速增長,,,"mushrooms, mushrooming, mushroomed"
初級,music,noun,音樂,,,
中級,musical,adj./noun,音樂的；音樂劇,,,musicals
初級,musician,noun,音樂家,,,musicians
初級,must,aux.,必須、一定是,,,
中高級,mustache,noun,上唇的鬍子,,,mustaches
中高級,mustard,noun,芥末、芥末醬,,,mustards
中高級,mute,adj./verb/noun,啞的(過時用法)、沉默；使聲音弱化；弱音器、靜音按鈕,,,"mutes, muting, muted"
中高級,mutter,verb/noun,嘀咕、發牢騷；低語聲,,,"mutters, muttering, muttered"
中高級,mutton,noun,羊肉,,,
中級,mutual,adj.,互相的、共同的,,L9,
初級,my,determiner,我的,,,
初級,myself,pron.,我自己,,,
中級,mysterious,adj.,神秘的、奇怪的,,,
中級,mystery,noun,神秘的事物、謎,,,mysteries
中高級,myth,noun,神話故事、普遍卻錯誤的看法,,,myths
中高級,mythology,noun,(統稱)神話、普遍卻錯誤的看法,,,mythologies
中高級,nadir,noun,最糟的時刻、最低點,,,nadirs
中高級,nag,verb/noun,嘮叨、不停抱怨；嘮叨的人,,,"nags, nagging, nagged"
初級,nail,noun/verb,釘子；釘,,,"nails, nailing, nailed"
中高級,naive,adj.,缺乏經驗的、天真的,,,
中級,naked,adj.,裸體的、裸露的,,,
初級,name,noun/verb,名字；命名,,,"names, naming, named"
中級,namely,adv.,也就是,,,
中高級,nanny,noun,保母,,,nannies
中級,nap,noun/verb,打盹；小睡,,,"naps, napping, napped"
初級,napkin,noun,餐巾,,,napkins
中高級,narrate,verb,講(故事)、敘述,,,"narrates, narrating, narrated"
中高級,narrative,noun/adj.,敘述；敘事的,,,narratives
中高級,narrator,noun,敘述者、旁白員,,,narrators
初級,narrow,adj./verb,窄的；變窄,,,"narrower, narrowest, narrows, narrowing, narrowed"
中級,nasty,adj.,令人不快的、惡意的,,,"nastier, nastiest"
初級,nation,noun,國家,,,nations
初級,national,adj.,全國的、民族的,,,
中高級,nationalism,noun,民族主義,,,
中高級,nationalist,adj./noun,民族主義的；民族主義者,,,nationalists
中級,nationality,noun,國籍,,,nationalities
中高級,nationwide,adj./adv.,全國性的/地,,,
中級,native,adj./noun,當地的、出生地的；本地人,,,natives
初級,natural,adj.,自然的,,,
中級,naturalist,noun,博物學家、 自然主義者,,,naturalists
初級,nature,noun,自然,,,natures
初級,naughty,adj.,淘氣的,,,"naughtier, naughtiest"
中級,naval,adj.,海軍的,,,
中高級,navel,noun,肚臍,,,navels
中高級,navigate,verb,導航、航行、找到正確方法,,,"navigates, navigating, navigated"
中高級,navigation,noun,導航、領航、航行,,,
中級,navy,noun,海軍,,,navies
初級,near,prep./adj./adv./verb,接近；近的；在附近,,,"nearer, nearest, nears, nearing, neared"
中級,nearby,adj./adv.,附近的；在附近,,,
初級,nearly,adv.,幾乎,,,
中高級,nearsighted,adj.,近視的,= short-sighted (American English),,
中級,neat,adj.,整潔的,,,"neater, neatest"
中級,necessarily,adv.,必然地、必要地,,,
初級,necessary,adj.,必要的,,,
中高級,necessitate,verb,使成為必要,,,"necessitates, necessitating, necessitated"
中級,necessity,noun,必要性、必需品,,,necessities
初級,neck,noun,脖子,,,necks
初級,necklace,noun,項鏈,,,necklaces
中高級,necktie,noun,領帶,,,neckties
初級,need,verb/noun/aux.,需要,,,"needs, needing, needed"
初級,needle,noun/verb,針；用針穿刺、用針縫,,,"needles, needling, needled"
中級,needy,adj.,貧困的,,,"needier, neediest"
初級,negative,adj./noun,負面（的）、否定（的）,,,negatives
中級,neglect,verb,忽視,,,"neglects, neglecting, neglected"
中高級,negligible,adj.,微不足道的、不值一提的,,,
中級,negotiate,verb,協商、談判,,,"negotiates, negotiating, negotiated"
中級,negotiation,noun,協商、談判,,,negotiations
中高級,negotiator,noun,協商者、談判代表,,,negotiators
初級,neighbor,noun/verb,鄰居；與…為鄰,= neighbour (British English),,"neighbors, neighboring, neighbored"
中級,neighborhood,noun,街區、鄰近地區,,,neighborhoods
中高級,neighboring,adj.,鄰近的,= neighbouring (British English),,
初級,neither,adv./pron./adj./conj.,兩者皆不,,,
中高級,neon,noun,氖、霓虹燈,,,
初級,nephew,noun,姪子、外甥,,,nephews
中級,nerve,noun/verb,神經、緊張、勇氣、厚顏無恥；鼓足勇氣,,,"nerves, nerving, nerved"
初級,nervous,adj.,緊張的,,,
初級,nest,noun/verb,巢；築巢,,,"nests, nesting, nested"
中級,net,adj.,淨值的,,,
中級,net,noun/verb,網(狀物)；用網捕,,,"nets, netting, netted"
中級,network,noun/verb,網路；連接成網路,,L5,"networks, networking, networked"
中高級,neutral,adj./noun,中立的、中性色的；中立者,,L6,neutrals
初級,never,adv.,從未,,,
中級,nevertheless,adv.,儘管如此、然而,,L6,
初級,new,adj.,新的,,,"newer, newest"
初級,New Year's Day,noun,新年,,,
初級,New Year's Eve,noun,跨年夜,,,
中級,newcomer,noun,新來者,,,newcomers
中高級,newly,adv.,新當選的、新成立的,,,
中高級,newlywed,noun,新婚者,,,newlyweds
初級,news,noun,消息、新聞,,,
中高級,newscast,noun,新聞節目、新聞廣播,,,newscasts
中級,newscaster,noun,新聞播報員,,,newscasters
初級,newspaper,noun,報紙,,,newspapers
中高級,newsreel,noun,新聞短片,,,newsreels
初級,next,adj./adv.,隔壁的、緊接著的；接下去、然後,,,
中高級,nibble,verb/noun,小口咬；一小口、(聚會中)點心,,,"nibbles, nibbling, nibbled"
初級,nice,adj.,美好的、宜人的,,,"nicer, nicest"
初級,nice-looking,adj.,好看的,,,
中高級,nick,verb/noun,使有缺口；刻痕；關鍵時刻,,,"nicks, nicking, nicked"
中高級,nickel,noun/verb,鎳、(美國和加拿大的)五分硬幣；鍍鎳於,,,"nickels, nickeling, nickelling, nickeled, nickelled"
中級,nickname,noun/verb,綽號；起綽號,,,"nicknames, nicknaming, nicknamed"
初級,niece,noun,姪女、甥女,,,nieces
初級,night,noun,晚上,,,nights
中高級,nightclub,noun,夜店,,,nightclubs
中高級,nightingale,noun,夜鶯,,,nightingales
中級,nightmare,noun,惡夢、夢魘,,,nightmares
中高級,nil,noun,零、(體育比賽)0分、無,,,
初級,nine,number/pron./noun/adj.,九,,,nines
初級,nineteen,number/pron./noun/adj.,十九,,,nineteens
初級,ninety,number/pron./noun/adj.,九十,,,nineties
中高級,nitrogen,noun,氮氣,,,nitrogens
初級,no,adv./adj./noun,沒有,= nope,,nos
中級,noble,adj./noun,高尚的、貴族的；貴族,,,"nobler, noblest, nobles"
初級,nobody,pron./noun,沒有人,,,nobodies
初級,nod,verb/noun,點頭,,,"nods, nodding, nodded"
初級,noise,noun,噪音,,,noises
初級,noisy,adj.,吵鬧的,,,"noisier, noisiest"
中高級,nominal,adj.,名義上的、象徵性的,,,
中高級,nominate,verb,提名、推薦、任命,,,"nominates, nominating, nominated"
中高級,nomination,noun,提名、推薦、任命,,,nominations
中高級,nominee,noun,被提名人,,,nominees
初級,none,pron./adv.,沒有一個(人或物)；絕不,,,
中級,nonetheless,adv.,儘管如此,,L10,
中級,nonsense,noun,胡扯,,,
中級,nonstop,adj./adv.,直達的、不停的；不休息地,,,
中高級,nonviolent,adj.,(政策)非暴力的、不訴諸武力的,,,
初級,noodle,noun,麵條,,,noodles
初級,noon,noun,正午,,,
初級,nor,conj.,也不是,,,
中高級,norm,noun,常態、正常行為、規範,,L9,norms
中級,normal,adj.,正常的、標準的,,L2,
初級,north,noun/adj./adv.,北方(的)；向北,,,
中級,northeast,noun/adv./adj.,東北方,,,northeasts
初級,northern,adj.,北邊的,,,
中級,northwest,noun/adv./adj.,西北方,,,
初級,nose,noun,鼻子,,,noses
中高級,nostril,noun,鼻孔,,,nostrils
初級,not,adv.,不是,,,
中高級,notable,adj./noun,顯要的、值得注意的；顯要人物,,,notables
中高級,notably,adv.,尤其、特別、非常,,,
中高級,notation,noun,(數學、科學、音樂中的)符號,,,notations
初級,note,noun/verb,筆記；記錄、注意,,,"notes, noting, noted"
初級,notebook,noun,筆記本,,,notebooks
中高級,noted,adj.,(以…)聞名,,,
初級,nothing,pron./noun,沒什麼,,,nothings
初級,notice,noun/verb,注意(到)；公告,,,"notices, noticing, noticed"
中高級,noticeable,adj.,明顯的、顯著的,,,
中高級,notify,verb,(正式地)通知、告知,,,"notifies, notifying, notified"
中高級,notion,noun,觀念、看法,,L5,notions
中高級,notorious,adj.,聲名狼藉的、惡名昭彰的,,,
中高級,notwithstanding,prep./adv.,雖然、儘管、儘管如此,,L10,
中級,noun,noun,名詞,,,nouns
中級,nourish,verb,滋養,,,"nourishes, nourishing, nourished"
初級,novel,noun,小說,,,novels
初級,novel,adj.,新穎的,,,
中級,novelist,noun,小說家,,,novelists
中高級,novelty,noun,新奇、新奇的事物,,,novelties
初級,November,noun,十一月,= Nov.,,
中高級,novice,noun,新手、初學者,,,novices
初級,now,adv./noun/pron.,現在,,,
中級,nowadays,adv.,現今,,,
中級,nowhere,adv.,無處,,,
中級,nuclear,adj.,核能的,,L8,
中高級,nucleus,noun,原子核、細胞核、(…的)核心,,,"nuclei, nucleuses"
中高級,nude,adj./noun,裸體的；裸體畫、裸體人像,,,"nuder, nudest, nudes"
中高級,nuisance,noun,麻煩事、討厭的人,,,nuisances
初級,number,noun/verb,號碼；編號碼,,,"numbers, numbering, numbered"
中高級,numerical,adj.,數字的、用數字表示的,,,
中級,numerous,adj.,許多的,,,
中級,nun,noun,修女、尼姑,,,nuns
初級,nurse,noun/verb,護理師；照護,,,"nurses, nursing, nursed"
中級,nursery,noun,托兒所,,,nurseries
中級,nursing,noun/adj.,護理、看護；護理的、哺乳的,,,nursings
中高級,nurture,verb/noun,養育、培養、滋長,,,"nurtures, nurturing, nurtured"
中級,nut,noun,堅果,,,nuts
中級,nutrient,noun,營養物、養分,,,nutrients
中級,nutrition,noun,營養,,,
中高級,nutritious,adj.,有營養的、營養豐富的,,,
中級,nylon,noun,尼龍,,,nylons
中級,oak,noun,橡樹,,,oaks
中高級,oar,noun,船槳,,,oars
中高級,oasis,noun,綠洲、(困苦中)令人快慰的地方,,,oases
中高級,oath,noun,誓言、誓詞,,,oaths
中高級,oatmeal,noun,燕麥粉、燕麥粥、淺棕色,,,
中高級,obedience,noun,服從,,,
中級,obedient,adj.,順從的,,,
初級,obey,verb,服從,,,"obeys, obeying, obeyed"
中高級,obituary,noun,訃聞,,,obituaries
初級,object,noun,物體、對象、目標,,,objects
初級,object,verb,反對、抗議,,,"objects, objecting, objected"
中級,objection,noun,反對,,,objections
中級,objective,noun/adj.,目的；客觀的,,L5,objectives
中高級,obligate,verb,迫使、幫忙,,,"obligates, obligating, obligated"
中高級,obligation,noun,義務、職責、責任,,,obligations
中高級,obligatory,adj.,必須的、強制的,,,
中高級,oblige,verb,強迫、幫忙,,,"obliges, obliging, obliged"
中高級,oblong,adj./noun,矩形(的)、橢圓形(的),,,oblongs
中高級,obscene,adj.,猥褻的、下流的,,,
中高級,obscure,adj./verb,鮮為人知的、費解的；使模糊,,,"obscures, obscuring, obscured"
中級,observation,noun,觀察、評論,,,observations
中級,observe,verb,注意到、觀察,,,"observes, observing, observed"
中高級,observer,noun,觀察者、觀察員,,,observers
中高級,obsess,verb,使癡迷、使著迷,,,"obsesses, obsessing, obsessed"
中高級,obsession,noun,癡迷、使人癡迷的人(或物),,,obsessions
中級,obstacle,noun,阻礙、絆腳石,,,obstacles
中高級,obstinate,adj.,固執的、難以去除的,,,
中級,obtain,verb,獲得,,L2,"obtains, obtaining, obtained"
中級,obvious,adj.,明顯的,,L4,
中級,occasion,noun,場合、盛典,,,occasions
中級,occasional,adj.,偶爾的,,,
中級,occupation,noun,職業、佔領,,,occupations
中級,occupy,verb,佔用、忙於、佔領,,L4,"occupies, occupying, occupied"
初級,occur,verb,發生,,L1,"occurs, occurring, occuring, occurred, occured"
中高級,occurrence,noun,發生的事、事件,,,occurrences
初級,ocean,noun,海洋,,,oceans
初級,o'clock,adv.,…點鐘,,,
初級,October,noun,十月,= Oct.,,
中高級,octopus,noun,章魚,,,"octopuses, octopi"
中級,odd,adj.,奇怪的,,L10,"odder, oddest"
中高級,odds,noun,機率、逆境,,L10,
中高級,odor,noun,(尤指難聞的)氣味、臭味,= odour (British English),,odors
初級,of,prep.,...的、屬於、關於,,,
初級,off,adv./prep./adj.,(離)開,,,
中級,offend,verb,冒犯、犯法,,,"offends, offending, offended"
中級,offense,noun,犯法、進攻,= offence (British English),,offenses
中級,offensive,adj./noun,冒犯的；進攻,,,offensives
初級,offer,verb/noun,提供、提議、出價,,,"offers, offering, offered"
中高級,offering,noun,禮物、供物、祭品,,,offerings
初級,office,noun,辦公室,,,offices
初級,officer,noun,官員,,,officers
初級,official,noun/adj.,官員；官方的,,,officials
中高級,offset,verb,補償、抵銷,,L8,"offsets, off sets, off-sets, offsetting, off setting, off-setting, off set, off setted, off-set, off-setted, offsetted"
中高級,offset,noun/adj.,用膠印法印；平板印刷的,,L8,offsets
中高級,offshore,adj./adv.,海上的、離岸的；(公司或銀行)境外/海外的,,,
中高級,offspring,noun,子女、後代,,,offsprings
初級,often,adv.,時常,,,
中級,oh,interj.,哦、哎喲,,,
初級,oil,noun/verb,油；塗油,,,"oils, oiling, oiled"
初級,OK,adj./adv./noun/verb,好、同意,= O.K.= ok= o.k.,,
初級,old,adj.,老的,,,"older, elder, oldest, eldest"
中高級,old-fashioned,adj.,老式的、過時的,,,
中高級,olive,noun/adj.,橄欖；橄欖綠的,,,olives
中級,Olympic,adj.,奧林匹克的,,,
初級,omit,verb,省去,,,"omits, omitting, omitted"
初級,on,prep./adv.,在…上,,,
初級,once,adv./conj./pron.,一次、曾經；一旦…就…,,,
初級,one,number/pron./noun/adj.,一(個),,,ones
中級,oneself,pron.,自己,,,
中級,one-sided,adj.,片面的、一面倒的,,,
中高級,one-time,adj.,從前的、一次性的,= onetime,,
中高級,ongoing,adj.,繼續進行的、不斷發展的,,L10,
初級,onion,noun,洋蔥,,,onions
初級,online,adj./adv.,線上的；在線上,,,
初級,only,adv./adj./conj.,僅、只；唯一的,,,
中級,onto,prep.,到…之上,,,
中高級,opaque,adj.,不透明的、難懂、模糊,,,
初級,open,verb/adj.,打開；開著的,,,"opens, opening, opened"
中級,opener,noun,開罐器；開場白,,,openers
中級,opening,noun,缺口、開幕,,,openings
中級,opening,adj.,開始的,,,
中高級,openly,adv.,公開地、毫不隱瞞地,,,
中級,opera,noun,歌劇,,,operas
初級,operate,verb,操作,,,"operates, operating, operated"
初級,operation,noun,運作,,,operations
中高級,operational,adj.,操作的、營運的、可使用的,,,
中高級,operative,adj.,可使用,,,
中高級,operative,noun,操作員,,,operatives
中級,operator,noun,操作人員、技工,,,operators
初級,opinion,noun,觀點,,,opinions
中級,opponent,noun,對手、反對者,,,opponents
初級,opportunity,noun,機會,,,opportunities
中級,oppose,verb,反對,,,"opposes, opposing, opposed"
中高級,opposed,adj.,強烈反對、截然不同的、完全相反的,,,
中級,opposite,adj./adv.,在對面(的)；在…對面,,,
中級,opposite,noun,反面,,,opposites
中級,opposition,noun,反對、對抗,,,oppositions
中高級,oppress,verb,壓迫、欺壓、使窒息,,,"oppresses, oppressing, oppressed"
中高級,oppression,noun,壓迫、壓制,,,oppressions
中高級,opt,verb,選擇、挑選,,,"opts, opting, opted"
中高級,optical,adj.,光學的、視覺的,,,
中高級,optimism,noun,樂觀,,,
中級,optimistic,adj.,樂觀的,,,
中高級,optimum,adj.,最佳、最適宜的,= optimal,,
中級,option,noun,選擇,,L4,options
中高級,optional,adj.,可選擇的、選修的,,L4,
初級,or,conj.,或、否則,,,
中級,oral,adj./noun,口頭的；口試,,,orals
初級,orange,noun/adj.,柳橙；橙色(的),,,oranges
中級,orbit,noun/verb,(天體)運行軌道；沿軌道運行,,,"orbits, orbiting, orbited"
中高級,orchard,noun,果園,,,orchards
中級,orchestra,noun,管絃樂隊,,,orchestras
中高級,ordeal,noun,磨難、折磨、嚴酷的考驗,,,ordeals
初級,order,noun,訂單、順序、命令,,,orders
初級,order,verb,點菜、訂購、命令,,,"orders, ordering, ordered"
中級,orderly,adj.,有條理的、整齊的,,,
中級,orderly,noun,(醫院)護理員、(軍)勤務兵,,,orderlies
初級,ordinary,adj.,普通的,,,
中高級,ore,noun,礦石,,,ores
中級,organ,noun,器官,,,organs
中級,organic,adj.,有機的、器官的,,,
中高級,organism,noun,有機體、生物,,,organisms
初級,organization,noun,組織,= organisation (British English),,organizations
初級,organize,verb,安排、籌劃,= organise (British English),,"organizes, organizing, organized"
中高級,organizer,noun,籌辦者,,,organizers
中高級,orient,verb,朝向、確定方位、熟悉,= orientate,L5,"orients, orienting, oriented"
中高級,Orient,noun,東方(尤指中國和日本),= East,L5,
中高級,oriental,adj.,東方的、東方人的,= eastern,,
中高級,Oriental,noun,東方人、東亞國家的人,,,
中高級,orientation,noun,方向、觀點、(任職前的)培訓,,,orientations
中高級,oriented,adj.,以…為導向的、以…為目的的,,,
中級,origin,noun,起源、出身,,,origins
中級,original,adj./noun,起初的、獨創的；原型,,,originals
中高級,originality,noun,獨創性、創造力,,,
中高級,originate,verb,發源、開始,,,"originates, originating, originated"
中高級,ornament,noun/verb,裝飾品、擺設；裝飾、點綴,,,"ornaments, ornamenting, ornamented"
中級,orphan,noun,孤兒,,,orphans
中級,orphanage,noun,孤兒院,,,orphanages
中高級,orthodox,adj.,普遍接受的、正統的、傳統的,,,
中高級,ostrich,noun,鴕鳥、逃避現實的人,,,ostriches
初級,other,adj./pron.,其他(的),,,
中級,otherwise,adv.,否則、除此之外,,,
中級,ought,aux.,應當,,,
中級,ounce,noun,盎司,= oz.,,ounces
初級,our,determiner,我們的,,,
初級,ours,pron.,我們的,,,
初級,ourselves,pron.,我們自己,,,
中高級,oust,verb,剝奪、免、革職,,,"ousts, ousting, ousted"
初級,out,adv./adj./prep.,在外；之外；缺,,,
中高級,outbreak,noun,(戰爭或疾病的)突然發生,,,outbreaks
中級,outcome,noun,結果,,L3,outcomes
中高級,outdo,verb,勝過、優於,,,"outdoes, outdoing, outdid, outdone"
中級,outdoor,adj.,戶外的,,,
中級,outdoors,adv.,在戶外,,,
中級,outer,adj.,在外面的,,,
中高級,outfit,noun,全套服裝,,,outfits
中高級,outfit,verb,為…提供配備,,,"outfits, outfitting, outfitted"
中高級,outgoing,adj.,外向的、將卸任的、離開的,,,
中高級,outing,noun,(集體)出外遊玩、遠足,,,outings
中高級,outlaw,verb/noun,宣佈…不合法；亡命徒,,,"outlaws, outlawing, outlawed"
中高級,outlet,noun,(感情、思想的)出路、專營店,,,outlets
中級,outline,verb/noun,概述、(勾勒)輪廓,,,"outlines, outlining, outlined"
中高級,outlook,noun,觀點、前景、景致,,,outlooks
中高級,outnumber,verb,在數量上勝過,,,"outnumbers, outnumbering, outnumbered"
中級,output,noun,產量、輸出,,L4,outputs
中高級,outrage,verb/noun,使震怒；憤怒,,,"outrages, outraging, outraged"
中高級,outrageous,adj.,駭人的、無法容忍的,,,
中高級,outright,adj./adv.,完全的；公開地,,,
中高級,outset,noun,開端,,,outsets
初級,outside,prep./adv./adj./noun,在外地；外面(的),,,outsides
中高級,outsider,noun,局外人、非成員,,,outsiders
中高級,outskirts,noun,邊緣地帶、市郊,,,
中級,outstanding,adj.,優秀的,,,
中級,outward,adj./adv.,外面的；外面地,,,
中級,oval,adj./noun,橢圓形(的)、卵形(的),,,ovals
初級,oven,noun,烤箱,,,ovens
初級,over,prep./adv./adj.,在…上面；越過；過去的,,,
中級,overall,adj./adv.,全面的；全部、大致上,,L4,
中級,overall,noun,工作褲/服,,L4,overalls
中級,overcoat,noun,長大衣,,,overcoats
中級,overcome,verb,克服,,,"overcomes, over-comes, overcoming, over-coming, overcame, over-came"
中高級,overdo,verb,做得過分、濫用、烹煮時間過長,,,"overdoes, overdoing, overdid, overdone"
中高級,overeat,verb,吃的過量,,,"over-eats, overeats, overeating, over-eating, over-ate, overate, overeaten, over-eaten"
中級,overflow,verb/noun,溢出、充滿；容納不下的人(或物)、溢出,,,"overflows, overflowing, overflowed"
中級,overhead,adj./adv.,在頭頂上(的)； 在空中(的),,,
中高級,overhear,verb,偶然聽到,,,"overhears, overhearing, overheard"
中高級,overlap,verb/noun,重疊；重疊部分,,L9,"overlaps, overlapping, overlapped"
中級,overlook,verb,忽略、眺望,,,"overlooks, overlooking, overlooked"
中級,overnight,adv./adj.,在夜間、突然；夜間的,,,
初級,overpass,noun,天橋,,,overpasses
初級,overseas,adj./adv.,在國外,,L6,
中高級,oversee,verb,監督、監視,,,"oversees, overseeing, oversaw, overseen"
中高級,oversleep,verb,睡過頭、睡得太久,,,"oversleeps, oversleeping, overslept"
中高級,overt,adj.,公開的、明顯的,,,
中級,overtake,verb,趕上、超過,,,"overtakes, over-takes, overtaking, over-taking, overtook, over-took, overtaken, over-taken"
中級,overthrow,verb/noun,推翻,,,"overthrows, overthrowing, overthrew, overthrown"
中高級,overturn,verb,使翻倒,,,"overturns, overturning, overturned"
中級,overweight,adj.,過重的,,,
中高級,overwhelm,verb,徹底擊敗、難以承受、淹沒,,,"overwhelms, overwhelming, overwhelmed"
中高級,overwhelming,adj.,巨大的、無法抗拒的,,,
中高級,overwork,verb/noun,使工作過度；過勞,,,"overworks, overworking, overworked"
中級,owe,verb,欠債、欠(人情),,,"owes, owing, owed"
中級,owl,noun,貓頭鷹,,,owls
初級,own,pron./adj.,自己的,,,
初級,own,verb,擁有,,,"owns, owning, owned"
初級,owner,noun,所有者,,,owners
中級,ownership,noun,所有權,,,
初級,ox,noun,公牛、牛,,,oxen
中高級,oxide,noun,氧化物,,,oxides
中級,oxygen,noun,氧氣,,,oxygens
中高級,oyster,noun,牡蠣、蠔,,,oysters
中高級,ozone,noun,臭氧,,,
初級,P.M.,adv.,下午,= p.m.= PM,,
中級,pace,noun/verb,速度、步調；來回踱步、調整節奏,,,"paces, pacing, paced"
中級,Pacific,noun/adj.,太平洋(的),,,
初級,pack,verb/noun,打包；包裝,,,"packs, packing, packed"
初級,package,noun,包裹,,,packages
中高級,packaging,noun,包裝材料,,,packagings
中高級,packed,adj.,非常擁擠的,,,
中級,packet,noun,小包(裹)、小袋,,,packets
中高級,packing,noun,包裝、收拾行李；包裝材料,,,packings
中高級,pact,noun,條約、協議,,,pacts
中級,pad,noun/verb,襯墊、護具；填塞、加墊子,,,"pads, padding, padded"
中高級,paddle,noun/verb,船槳；用槳划船,,,"paddles, paddling, paddled"
中高級,pagan,adj./noun,異教徒的；異教徒,,,pagans
初級,page,noun,頁,= p.,,pages
中高級,paid,adj.,付費的、有報酬的,,,
中高級,pail,noun,桶,,,pails
初級,pain,noun,痛苦,,,pains
初級,painful,adj.,痛苦的,,,
初級,paint,verb/noun,油漆,,,"paints, painting, painted"
初級,painter,noun,畫家,,,painters
初級,painting,noun,畫作,,,paintings
初級,pair,noun,對,,,pairs
初級,pajamas,noun,睡衣,= pyjamas (British English),,
中級,pal,noun,夥伴、好友,,,pals
中級,palace,noun,宮殿,,,palaces
初級,pale,adj.,蒼白的,,,"paler, palest"
中級,palm,noun/verb,手掌；藏在手中,,,"palms, palming, palmed"
中高級,pamphlet,noun,小冊子、手冊,,,pamphlets
初級,pan,noun,平底鍋,,,pans
中級,pancake,noun,鬆餅,,,pancakes
初級,panda,noun,熊貓,,,pandas
中高級,pane,noun,(一片)窗玻璃,,,panes
中級,panel,noun,鑲板、專門小組,,L10,panels
中級,panic,noun/verb,驚慌,,,"panics, panicking, panicked"
初級,pants,noun,褲子,= trousers (British English),,
初級,papaya,noun,木瓜,,,papayas
初級,paper,noun,紙,,,papers
中高級,paperback,noun,平裝書,,,paperbacks
中高級,par,noun,標準、平均,,,pars
中級,parachute,noun/verb,降落傘；跳傘,,,"parachutes, parachuting, parachuted"
中級,parade,noun/verb,遊行,,,"parades, parading, paraded"
中級,paradise,noun,天堂、樂園,,,paradises
中高級,paradox,noun,矛盾的人(或事物)、悖論,,,paradoxes
中級,paragraph,noun,段落,,L8,paragraphs
中級,parallel,adj./noun/verb,平行的、同時發生的；相似之處；與…同時發生、與…相似,,,"parallels, paralleling, parallelling, paralleled, parallelled"
中高級,paralysis,noun,麻痺、癱瘓,,,paralyses
中高級,paralyze,verb,使麻痹、使癱瘓,= paralyse (British English),,"paralyzes, paralyzing, paralyzed"
中高級,parameter,noun,決定因素、規範,,L4,parameters
中級,parcel,noun/verb,包裹；打包,,,"parcels, parceling, parcelling, parceled, parcelled"
初級,pardon,noun/verb,原諒,,,"pardons, pardoning, pardoned"
初級,parent,noun,父母親,,,parents
中高級,parish,noun,教區、(英國)鄉村的行政小區,,,parishes
初級,park,noun,公園,,,parks
初級,park,verb,停(車),,,"parks, parking, parked"
初級,parking lot,noun,停車場,,,parking lots
中級,parliament,noun,議會,,,parliaments
中高級,parliamentary,adj.,議會的、國會的,,,
中高級,parlor,noun,(私人住房的)起居室、客廳,= parlour,,parlors
初級,parrot,noun,鸚鵡,,,parrots
中高級,parsley,noun,歐芹、荷蘭芹,,,
中級,part,verb,離開、分別,,,"parts, parting, parted"
初級,part,noun,部分,,,parts
中級,partial,adj.,部分的、偏袒的,,,
中級,participant,noun,參與者、參加者,,L2,participants
中級,participate,verb,參與、參加,,L2,"participates, participating, participated"
中高級,participation,noun,參加、參與,,,participations
中級,participle,noun,分詞,,,participles
中高級,particle,noun,微粒、粒子,,,particles
初級,particular,adj.,特殊的、特別的,,,
中級,particularly,adv.,特別、尤其,,,
中高級,partition,noun/verb,隔牆、隔板；分隔、隔開,,,"partitions, partitioning, partitioned"
中高級,partly,adv.,一定程度上、部分地,,,
初級,partner,noun,夥伴,,L3,partners
中級,partnership,noun,合夥關係,,,partnerships
中級,part-time,adj./adv.,部分時間的、兼職的、兼職,,,
初級,party,noun,宴會,,,parties
初級,pass,verb/noun,經過；通行證,,,"passes, passing, passed"
中級,passage,noun,通道、段落,,,passages
初級,passenger,noun,乘客,,,passengers
中高級,passing,adj./noun,暫時的、瞬間的；(時間)流逝,,,
中級,passion,noun,熱情,,,passions
中高級,passionate,adj.,情感強烈的、具有強烈信念的,,,
中級,passive,adj.,被動的、消極的,,L9,
中級,passport,noun,護照,,,passports
中高級,password,noun,暗號、口令、密碼,,,passwords
初級,past,noun/adj./prep./adv.,過去、經過、（時間）晚於、結束,,,pasts
中級,pasta,noun,義大利麵食,,,"pastas, pastae"
初級,paste,noun/verb,漿糊；黏貼,,,"pastes, pasting, pasted"
中高級,pastime,noun,消遣、娛樂,,,pastimes
中高級,pastry,noun,油酥點心、糕餅,,,pastries
中高級,pasture,noun/verb,牧場；放牧,,,"pastures, pasturing, pastured"
中級,pat,verb/noun,輕拍,,,"pats, patting, patted"
中高級,patch,noun/verb,補丁、菜園；縫補、言歸於好,,,"patches, patching, patched"
中高級,patent,noun/verb/adj.,專利證書；獲得專利權；專利的,,,"patents, patenting, patented"
初級,path,noun,小徑,,,paths
中高級,pathetic,adj.,可悲的、不成功的,,,
中級,patience,noun,耐心,,,
初級,patient,adj.,有耐心的,,,
初級,patient,noun,病人,,,patients
中高級,patriot,noun,愛國者,,,patriots
中級,patriotic,adj.,愛國的,,,
中高級,patrol,verb/noun,巡邏；巡邏兵,,,"patrols, patrolling, patrolled"
中高級,patron,noun,贊助者、老主顧,,,patrons
中高級,patronage,noun,資助、光顧,,,
初級,pattern,noun,樣式,,,patterns
初級,pause,verb/noun,暫停,,,"pauses, pausing, paused"
中級,pave,verb,舖(路)、舖設,,,"paves, paving, paved"
中高級,pavement,noun,(馬路邊的)人行道,,,pavements
中級,paw,noun/verb,(動物的)爪；用腳爪抓,,,"paws, pawing, pawed"
初級,pay,verb/noun,支付；薪水,,,"pays, paying, paid, payed"
中級,payment,noun,付款、款項,,,payments
初級,PE,noun,體育,= physical education,,
中級,pea,noun,豌豆,,,peas
初級,peace,noun,和平,,,
初級,peaceful,adj.,和平的、平靜的,,,
中高級,peacekeeping,noun,維護和平,,,
初級,peach,noun,桃子、桃紅色,,,peaches
中高級,peacock,noun,(公)孔雀,,,peacocks
中級,peak,noun/adj./verb,山峰；最高的；達到高峰,,,"peaks, peaking, peaked"
中級,peanut,noun,花生,,,peanuts
初級,pear,noun,梨,,,pears
中級,pearl,noun,珍珠,,,pearls
中級,peasant,noun,農夫、佃農,,,peasants
中級,pebble,noun,鵝卵石,,,pebbles
中高級,peck,verb/noun,啄、匆匆地輕吻；匆匆的吻,,,"pecks, pecking, pecked"
中級,peculiar,adj.,怪異的、特殊的,,,
中級,pedal,noun/verb,踏板；踩踏板,,,"pedals, pedaling, pedalling, pedaled, pedalled"
中高級,peddle,verb,挨戶銷售、宣傳(思想、消息),,,"peddles, peddling, peddled"
中高級,peddler,noun,毒品販子,,,peddlers
中高級,pedestrian,noun/adj.,行人；行人的、乏味的,,,pedestrians
中高級,peek,verb/noun,偷看、微露出；偷看,,,"peeks, peeking, peeked"
中級,peel,noun/verb,外皮；剝(皮)、剝掉,,,"peels, peeling, peeled"
中級,peep,verb/noun,偷瞥,,,"peeps, peeping, peeped"
中級,peer,verb/noun,同儕；凝視,,,"peers, peering, peered"
中高級,peg,noun/verb,釘子、掛衣鉤；用釘子釘住,,,"pegs, pegging, pegged"
初級,pen,noun,筆,,,pens
中級,penalty,noun,處罰、刑罰,,,penalties
初級,pencil,noun,鉛筆,,,pencils
中高級,pending,adj./prep.,待定、即將發生的；直到…為止,,,
中高級,pendulum,noun,鐘擺,,,"pendulums, pendula"
中高級,penetrate,verb,刺入、穿透,,,"penetrates, penetrating, penetrated"
中級,penguin,noun,企鵝,,,penguins
中高級,peninsula,noun,半島,,,peninsulas
中高級,penis,noun,陰莖,,,"penises, penes"
中級,penny,noun,便士(貨幣單位),,,"pennies, pence"
中高級,pension,noun/verb,退休金；准許/強迫某人退休,,,"pensions, pensioning, pensioned"
中高級,pensioner,noun,領養老金者、退休人員,,,pensioners
初級,people,noun,人、人們、民族,,,peoples
初級,pepper,noun,胡椒,,,peppers
中級,per,prep.,每(一),,,
中高級,perceive,verb,意識到、注意到,,L2,"perceives, perceiving, perceived"
中級,percent,noun,百分比、百分之一,= per cent,L1,percents
中級,percentage,noun,百分率,,L1,percentages
中高級,perception,noun,感知、洞察力,,,perceptions
中高級,perch,verb/noun,棲息、坐在…(的邊緣)；(鳥)棲息地,,,"perches, perching, perched"
中高級,perennial,adj./noun,長久的、持續的；多年生植物,,,perennials
中高級,perfect,verb,使完善、使完美,,,"perfects, perfecting, perfected"
初級,perfect,adj.,完美的,,,
中級,perfection,noun,完美,,,
中級,perform,verb,表演、表現,,,"performs, performing, performed"
中級,performance,noun,表演、表現,,,performances
中級,performer,noun,表演者,,,performers
中級,perfume,noun/verb,香水；(使充滿)香氣,,,"perfumes, perfuming, perfumed"
初級,perhaps,adv.,或許,,,
中高級,peril,noun/verb,嚴重危險；危及,,,"perils, periling, periled"
初級,period,noun,期間、時期,,L1,periods
中高級,periodic,adj.,間歇性的、定期的、週期的,,L1,
中高級,periodical,noun,(學術)期刊,,,periodicals
中高級,periodical,adj.,週期性的,,,
中高級,perish,verb,暴死、喪失、毀滅,,,"perishes, perishing, perished"
中級,permanent,adj./noun,永久的；燙髮,,,permanents
中高級,permeate,verb,滲透、瀰漫、(思想等)傳播,,,"permeates, permeating, permeated"
中高級,permissible,adj.,容許的、許可的,,,
中級,permission,noun,准許、許可,,,permissions
中級,permit,verb/noun,允許、准許；許可證,,,"permits, permitting, permitted"
中高級,perpetual,adj.,不間斷、持續的,,,
中高級,perplex,verb,迷惑、使困惑,,,"perplexes, perplexing, perplexed"
中高級,perseverance,noun,毅力、不屈不撓的精神,,,
中高級,persevere,verb,堅持、孜孜以求,,,"perseveres, persevering, persevered"
中級,persist,verb,堅持,,L10,"persists, persisting, persisted"
中高級,persistence,noun,堅持、執意,,,
中高級,persistent,adj.,堅持的、持續存在的,,,
初級,person,noun,人,,,persons
初級,personal,adj.,個人的,,,
中級,personality,noun,個性,,,personalities
中高級,personnel,noun,(公司的)員工,,,
中高級,perspective,noun,(思考問題的)角度、觀點,,L5,perspectives
中級,persuade,verb,說服、使相信,,,"persuades, persuading, persuaded"
中級,persuasion,noun,說服、勸說,,,persuasions
中級,persuasive,adj.,有說服力的,,,
中高級,pertain,verb,存在、適用,,,"pertains, pertaining, pertained"
中高級,pertinent,adj.,有關的、恰當的,,,
中高級,pessimism,noun,悲觀、悲觀主義,,,
中級,pessimistic,adj.,悲觀的,,,
中級,pest,noun,害蟲,,,pests
中高級,pesticide,noun,殺蟲劑、農藥,,,pesticides
初級,pet,noun,寵物,,,pets
中級,petal,noun,花瓣,,,petals
中高級,petition,noun/verb,請願書；請求、請願,,,"petitions, petitioning, petitioned"
中級,petrol,noun,汽油,"= gas, gasoline (American English)",,
中高級,petroleum,noun,石油,,,petroleums
中高級,petty,adj.,瑣碎的、次要的、小氣的,,,"pettier, pettiest"
中高級,pharmaceutical,adj./noun,製藥的、賣藥的；藥物,,,pharmaceuticals
中高級,pharmacist,noun,藥師,,,pharmacists
中高級,pharmacology,noun,藥物學、藥理學,,,pharmacologies
中高級,pharmacy,noun,藥房、藥劑學,,,pharmacies
中高級,phase,noun/verb,階段；分階段進行,,L4,"phases, phasing, phased"
中級,phenomenon,noun,現象,,L7,"phenomena, phenomenons"
初級,Philippines,noun,菲律賓,,,
中級,philosopher,noun,哲學家,,L3,philosophers
中級,philosophical,adj.,哲學的,,,
中級,philosophy,noun,哲學,,L3,philosophies
初級,phone,noun/verb,電話；打電話,= telephone,,"phones, phoning, phoned"
初級,photo,noun,相片,= photograph,,photos
初級,photograph,noun,相片,= photo,,photographs
初級,photographer,noun,攝影師,,,photographers
中級,photographic,adj.,攝影的、逼真的,,,
中級,photography,noun,攝影,,,photographies
中級,phrase,noun/verb,片語；用言語表達,,,"phrases, phrasing, phrased"
中級,physical,adj./noun,身體的、物質的；體檢,,L3,physicals
中級,physician,noun,醫師、內科醫師,,,physicians
中級,physicist,noun,物理學家,,,physicists
初級,physics,noun,物理、物理學,,,
中高級,physiological,adj.,生理學的,,,
中高級,physiology,noun,生理學,,,physiologies
中級,pianist,noun,鋼琴家,,,pianists
初級,piano,noun,鋼琴,,,pianos
初級,pick,verb,採、摘；挑選；剔除,,,"picks, picking, picked"
中高級,pickle,noun/verb,醃菜；醃漬,,,"pickles, pickling, pickled"
中高級,pickpocket,noun,扒手、小偷,,,pickpockets
中高級,pickup,noun,取（貨）、接（人）；好轉,,,pickups
初級,picnic,noun/verb,野餐；去野餐,,,"picnics, picnicking, picnicked"
初級,picture,noun/verb,圖片、照片；拍攝、描繪,,,"pictures, picturing, pictured"
中高級,picturesque,adj.,風景如畫的、(地方)美麗的,,,
初級,pie,noun,派、餡餅,,,pies
初級,piece,noun,塊、片、（某類事物中的）一件,,,pieces
中高級,pier,noun,突堤碼頭,,,piers
中高級,pierce,verb,刺破、(光、聲)穿過,,,"pierces, piercing, pierced"
中高級,piercing,adj.,銳利的、刻骨的,,,
中高級,piety,noun,虔誠,,,pieties
初級,pig,noun,豬,,,pigs
初級,pigeon,noun,鴿子,,,pigeons
初級,pile,verb/noun,堆；(一)堆,,,"piles, piling, piled"
中級,pilgrim,noun,朝聖者,,,pilgrims
中級,pill,noun,藥丸、藥片,,,pills
中高級,pillar,noun,柱子、中流砥柱、核心,,,pillars
初級,pillow,noun,枕頭,,,pillows
中級,pilot,noun/verb,飛行員、領航員；駕駛(飛機或船),,,"pilots, piloting, piloted"
中高級,pimple,noun,(長在臉上的)粉刺,,,pimples
初級,pin,noun/verb,別針；(用別針等)別住、釘住,,,"pins, pinning, pinned"
中高級,pinch,verb/noun,捏、擰；一撮,,,"pinches, pinching, pinched"
中級,pine,noun,松樹、松木,,,pines
中級,pine,verb,渴望；憔悴,,,"pines, pining, pined"
初級,pineapple,noun,鳳梨,,,pineapples
初級,pink,adj./noun,粉紅色的；粉紅色,,,"pinker, pinkest, pinks"
中級,pint,noun,品脫,,,pints
中級,pioneer,noun/verb,先鋒、先驅；倡導、作先鋒,,,"pioneers, pioneering, pioneered"
中高級,pious,adj.,虔誠的、虔敬的、偽善的,,,
初級,pipe,noun,管子、煙斗,,,pipes
中高級,pipeline,noun,(地下的)導管、輸油管；渠道,,,pipelines
中級,pirate,noun/verb,海盜、侵犯版權者；盜版,,,"pirates, pirating, pirated"
中高級,piss,verb/noun,撒尿；尿,,,"pisses, pissing, pissed"
中高級,pistol,noun,手槍,,,pistols
中級,pit,noun/verb,坑、洞；使有凹洞,,,"pits, pitting, pitted"
中級,pitch,noun/verb,投球、音高；投擲,,,"pitches, pitching, pitched"
中高級,pitcher,noun,(棒球的)投手、(帶柄和嘴的)壺,,,pitchers
中級,pity,noun/verb,同情、憐憫,,,"pities, pitying, pitied"
初級,pizza,noun,披薩,,,pizzas
初級,place,noun,廣場、地方、位置,,,places
初級,place,verb,放置,,,"places, placing, placed"
中高級,plague,noun/verb,瘟疫、災害；不斷困擾、折磨,,,"plagues, plaguing, plagued"
初級,plain,noun,平原,,,plains
初級,plain,adj./adv.,樸素的、簡單的；完全地、簡直,,,"plainer, plainest"
初級,plan,noun/verb,計畫、方案、平面圖；計劃、打算,,,"plans, planning, planned"
初級,plane,noun,飛機,,,planes
初級,planet,noun,行星,,,planets
初級,plant,verb,種植,,,"plants, planting, planted"
初級,plant,noun,植物,,,plants
中高級,plantation,noun,種植園、林場,,,plantations
中高級,plaster,noun/verb,水泥、石膏；用水泥抹牆、貼滿、塗滿,,,"plasters, plastering, plastered"
中級,plastic,noun/adj.,塑膠；塑膠(製)的,,,plastics
初級,plate,noun,盤子,,,plates
中高級,plateau,noun,高原、(發展增長後的)穩定期,,,"plateaus, plateaux"
初級,platform,noun,月台,,,platforms
中高級,plausible,adj.,有道理的、可信的、巧言令色的,,,
初級,play,verb,玩、打(球)、演奏,,,"plays, playing, played"
初級,play,noun,比賽、遊戲、戲劇,,,plays
初級,player,noun,運動員、演奏者、玩遊戲的人、播放器,,,players
中高級,playful,adj.,有趣的、愛玩的、鬧著玩的,,,
初級,playground,noun,操場、遊樂場,,,playgrounds
中高級,playwright,noun,劇作家,,,playwrights
中高級,plea,noun,懇求、申訴,,,pleas
中高級,plead,verb,乞求、(在法庭)辯護、解釋,,,"pleads, pleading, pleaded, pled"
初級,pleasant,adj.,宜人的,,,"pleasanter, pleasantest"
初級,please,verb,使高興、取悅,,,"pleases, pleasing, pleased"
初級,please,adv.,請,,,
初級,pleased,adj.,喜歡的、滿意的,,,
初級,pleasure,noun,樂趣,,,pleasures
中高級,pledge,noun/verb,保證、諾言；正式承諾,,,"pledges, pledging, pledged"
中級,plentiful,adj.,充足的、大量的,,,
中級,plenty,pron./adv.,大量、很多,,,
中高級,plight,noun,困境、苦境,,,plights
中級,plot,noun/verb,情節、陰謀；密謀,,,"plots, plotting, plotted"
中高級,plow,noun/verb,犁；犁地,= plough (British English),,"plows, plowing, plowed"
中高級,pluck,verb/noun,摘、拔、解救；膽識,,,"plucks, plucking, plucked"
中級,plug,noun/verb,塞子、插頭；塞住,,,"plugs, plugging, plugged"
中級,plum,noun/adj.,李子、梅子；稱心的,,,plums
中級,plumber,noun,水管工,,,plumbers
中高級,plunge,verb/noun,(價值或程度)暴跌、驟降、跳入,,,"plunges, plunging, plunged"
中級,plural,adj./noun,複數的；複數形式,,,plurals
初級,plus,prep./conj./adj./noun,加、加上；正數、加號,,L8,"pluses, plusses"
中高級,pneumonia,noun,肺炎,,,"pneumoniae, pneumonias"
中高級,poach,verb,水煮；(在他人地界)偷獵、盜用、挖走(人員),,,"poaches, poaching, poached"
初級,pocket,noun/adj./verb,口袋；袖珍的、零星花用的；裝入袋內,,,"pockets, pocketing, pocketed"
中高級,pocketbook,noun,（女用）手提包；財力；筆記本,,,pocketbooks
初級,poem,noun,詩,,,poems
中級,poet,noun,詩人,,,poets
中高級,poetic,adj.,詩歌的、像詩ㄧ般的,,,
中級,poetry,noun,詩作、詩集,,,
初級,point,verb,指向、瞄準,,,"points, pointing, pointed"
初級,point,noun,點、觀點、要點、(特定)時刻,,,points
中高級,pointed,adj.,尖的、尖銳的、明確的,,,
中高級,poised,adj.,準備好(做某事)、泰然自若的,,,
初級,poison,noun/verb,毒、毒藥；使中毒、使(水、空氣等)受污染,,,"poisons, poisoning, poisoned"
中級,poisonous,adj.,有毒的,,,
中高級,poke,verb/noun,戳、探出、搜查、戳,,,"pokes, poking, poked"
中高級,polar,adj.,極地的、完全相反的,,,
中級,pole,noun,杆子、地極,,,poles
初級,police,noun,警方,,,
初級,policeman,noun,警察,= cop,,policemen
初級,policewoman,noun,女警察,,,policewomen
初級,policy,noun,政策,,L1,policies
中級,polish,noun/verb,拋光、亮光劑；擦亮、潤飾,,,"polishes, polishing, polished"
初級,polite,adj.,有禮貌的,,,
中級,political,adj.,政治的,,,
中級,politician,noun,政治人物,,,politicians
中級,politics,noun,政治,,,
中級,poll,noun/verb,(做)民意調查、(獲得)投票,,,"polls, polling, polled"
中高級,pollutant,noun,污染物質,,,pollutants
初級,pollute,verb,污染,,,"pollutes, polluting, polluted"
初級,pollution,noun,汙染,,,pollutions
初級,pond,noun,池塘,,,ponds
中高級,ponder,verb,沉思、考慮,,,"ponders, pondering, pondered"
中級,pony,noun,小型馬,,,ponies
初級,pool,noun,水池,,,pools
初級,poor,adj.,貧窮的、粗劣的、可憐的,,,"poorer, poorest"
中級,pop,verb/noun,突然出現、發出砰聲；砰的一聲,,,"pops, popping, popped"
初級,pop music,noun,流行音樂,= pop,,
初級,popcorn,noun,爆米花,,,
中高級,pope,noun,教宗、教皇,,,popes
初級,popular,adj.,受歡迎的,,,
中高級,popularity,noun,普及、受歡迎、聲望,,,popularities
中高級,populate,verb,居住於、構成…的人口、移居,,,"populates, populating, populated"
初級,population,noun,人口,,,populations
中高級,porcelain,noun,瓷、瓷器,= china 瓷器,,porcelains
中高級,porch,noun,門廊、門廳,,,porches
中高級,pore,noun/verb,(皮膚的)毛孔、氣孔；仔細審視,,,"pores, poring, pored"
初級,pork,noun,豬肉,,,
中級,port,noun,港口,,,ports
中級,portable,adj./noun,可攜式的；手提式機器,,,portables
中級,porter,noun,行李員、門房,,,porters
中高級,portfolio,noun,文件夾、作品選集,,,portfolios
中級,portion,noun,份、部分,,L9,portions
中級,portrait,noun,肖像,,,portraits
中級,portray,verb,描繪、描述,,,"portrays, portraying, portrayed"
中級,pose,verb/noun,姿勢；擺好姿勢(拍照)、引起(尤指問題或困難),,L10,"poses, posing, posed"
初級,position,noun/verb,位置；定位,,,"positions, positioning, positioned"
初級,positive,adj.,正面的、明確肯定的,,L2,
中級,possess,verb,擁有,,,"possesses, possessing, possessed"
中級,possession,noun,擁有、所有物、財產,,,possessions
中級,possibility,noun,可能性,,,possibilities
初級,possible,adj.,可能的,,,
中級,post,noun,職位、郵件；杆/柱,,,posts
初級,post,noun/verb,郵件、貼文；郵寄、發佈,"= mail (American English) 郵件,包裹,郵寄",,"posts, posting, posted"
初級,post office,noun,郵局,,,post offices
中級,postage,noun,郵資,,,
中級,postal,adj.,郵政的,,,
初級,postcard,noun,明信片,,,postcards
中級,poster,noun,海報,,,posters
中級,postpone,verb,延遲、暫緩,,,"postpones, postponing, postponed"
中高級,postulate,verb/noun,假定、假設,,,"postulates, postulating, postulated"
中高級,posture,noun/verb,姿勢、立場；故作姿態,,,"postures, posturing, postured"
中高級,postwar,adj.,(尤指)第二次世界大戰以後的,,,
初級,pot,noun,鍋、壺,,,pots
初級,potato,noun,馬鈴薯,,,potatoes
中高級,potent,adj.,有強效的、有力的,,,
中級,potential,adj./noun,潛在的、可能的；潛力、可能性,,L2,potentials
中高級,potter,noun,陶工,,,potters
中級,pottery,noun,陶器,,,potteries
中級,poultry,noun,家禽,,,poultries
中級,pound,verb,猛擊、(心)怦怦跳、猛烈敲擊,,,"pounds, pounding, pounded"
初級,pound,noun,磅、英鎊,,,pounds
中級,pour,verb,倒(出)、湧現,,,"pours, pouring, poured"
中級,poverty,noun,貧窮,,,
初級,powder,noun/verb,粉末；灑粉末,,,"powders, powdering, powdered"
初級,power,noun,力量、權力,,,powers
初級,powerful,adj.,強有力的,,,
中級,powerless,adj.,無力量的、無權力的,,,
中高級,practicable,adj.,可行的,,,
中級,practical,adj./noun,實際的、實用的；實驗課,,,practicals
初級,practice,noun/verb,練習、慣例；練習、訓練,"= practise(verb, British English)",,"practices, practicing, practiced"
中高級,practitioner,noun,(尤指醫學或法律的)從業人員,,L8,practitioners
中高級,prairie,noun,北美草原、新大陸北部草原,,,prairies
初級,praise,verb/noun,稱讚,,,"praises, praising, praised"
初級,pray,verb,祈禱,,,"prays, praying, prayed"
中級,prayer,noun,禱告、祈禱文,,,prayers
中高級,preach,verb,講道、宣揚教義,,,"preaches, preaching, preached"
中高級,precaution,noun,預防措施、預防,,,precautions
中高級,precede,verb,在…之前發生、先於,,L6,"precedes, preceding, preceded"
中高級,precedent,noun,先前出現的事例、前例,,,precedents
初級,precious,adj.,珍貴的,,,
中高級,precipitate,verb/adj.,使突然降臨、加速；魯莽的,,,"precipitates, precipitating, precipitated"
中級,precise,adj.,精確的,,L5,
中高級,precisely,adv.,準確地、仔細地、的確如此,,,
中高級,precision,noun,精確、準確、細緻,,,precisions
中高級,preclude,verb,使行不通、防止、排除,,,"precludes, precluding, precluded"
中高級,predator,noun,掠食者、食肉動物,,,predators
中高級,predecessor,noun,前任、前身,,,predecessors
中級,predict,verb,預言、預測,,L4,"predicts, predicting, predicted"
中高級,predictable,adj.,可預料的、老套乏味的,,,
中級,prediction,noun,預言、預測,,,predictions
中高級,predominant,adj.,顯著的、盛行的、主導的,,L8,
中高級,predominantly,adv.,主要地、多數情況下,,,
中高級,preface,noun/verb,書的前言；為…寫序言,,,"prefaces, prefacing, prefaced"
初級,prefer,verb,較喜歡、偏好,,,"prefers, preferring, preferred"
中級,preferable,adj.,更好的,,,
中高級,preference,noun,偏愛、愛好,,,preferences
中級,pregnancy,noun,懷孕,,,pregnancies
中級,pregnant,adj.,懷孕的,,,
中高級,prehistoric,adj.,史前的、有文字記載以前的,,,
中高級,prejudice,noun/verb,偏見、歧視；使有成見,,,"prejudices, prejudicing, prejudiced"
中高級,preliminary,adj./noun,初步的；預備性措施,,L9,preliminaries
中高級,premature,adj.,未成熟的、早產的、草率的,,,
中高級,premier,noun/adj.,總理、首相 ；最高的、首位的,,,premiers
中高級,premiere,noun/verb,(電影的)首映、(戲劇的)首演,,,"premieres, premiering, premiered"
中高級,premise,noun,（作為先決條件的）假定、前提,,,premises
中高級,premise,noun,(法律用語)房屋、土地；經營場地,,,premises
中高級,premium,noun,保險費,,,premiums
中高級,premium,adj.,稀少、優質的,,,
中級,preparation,noun,準備,,,preparations
初級,prepare,verb,準備,,,"prepares, preparing, prepared"
中高級,preposition,noun,介係詞,,,prepositions
中高級,prescribe,verb,给…開處方、規定、命令,,,"prescribes, prescribing, prescribed"
中高級,prescription,noun,處方、醫生開的藥,,,prescriptions
中級,presence,noun,出席、出現,,,presences
中高級,present,verb,贈送、頒發,,,"presents, presenting, presented"
初級,present,adj.,出席的、現在的,,,
初級,present,noun,禮物；現在,,,presents
中級,presentation,noun,授予、報告、演講,,,presentations
中級,presently,adv.,此刻、現在,,,
中高級,preservation,noun,保存、保護,,,preservations
中級,preserve,verb/noun,保存、維護；保護區、蜜餞,,,"preserves, preserving, preserved"
中高級,preside,verb,主持會議、擔任主席,,,"presides, presiding, presided"
中高級,presidency,noun,主席、總統的職位(任期),,,presidencies
初級,president,noun,總統,,,presidents
中高級,president-elect,noun,候任總統,,,
中級,presidential,adj.,總統(制)的,,,
初級,press,noun,新聞界、印刷出版業,,,presses
初級,press,verb,按、壓、催迫,,,"presses, pressing, pressed"
中級,pressure,noun/verb,壓力；對…施壓,,,"pressures, pressuring, pressured"
中高級,prestige,noun/adj.,聲望；受尊重的、令人敬仰的,,,
中高級,prestigious,adj.,有威望的,,,
中高級,presumably,adv.,很可能、大概,,L6,
中高級,presume,verb,假設、推定,,L6,"presumes, presuming, presumed"
中級,pretend,verb,假裝、扮作,,,"pretends, pretending, pretended"
中高級,pretext,noun,藉口、託辭,,,pretexts
初級,pretty,adj.,漂亮的,,,"prettier, prettiest"
初級,pretty,adv.,相當、頗,,,
中高級,prevail,verb,普遍存在、流行、戰勝,,,"prevails, prevailing, prevailed"
中高級,prevailing,adj.,普遍的、盛行的,,,
中高級,prevalent,adj.,普遍的、流行的,,,
中級,prevent,verb,阻礙、防止,,,"prevents, preventing, prevented"
中級,prevention,noun,預防、阻止,,,preventions
中高級,preventive,adj./noun,預防性的、防備的；預防措施或藥物,,,preventives
中級,preview,noun/verb,（電影或節目等的）預告；預習,,,"previews, previewing, previewed"
中級,previous,adj.,先前的,,L2,
中高級,prey,noun/verb,獵物；捕食,,,"preys, preying, preyed"
初級,price,noun/verb,價格；訂價,,,"prices, pricing, priced"
中高級,priceless,adj.,極其貴重的、無價的,,,
中高級,prick,verb/noun,刺、扎；針刺感,,,"pricks, pricking, pricked"
中級,pride,noun/verb,自豪、驕傲；以…而自豪,,,"prides, priding, prided"
初級,priest,noun,教士、牧師,,,priests
中高級,primarily,adv.,主要地,,L2,
初級,primary,adj.,初級的、初等的,,L2,
中級,primary,noun,(美國推舉黨內候選人的)初選,,L2,primaries
中級,primary,adj.,首要的、主要的、基本的,,,
中級,prime,adj.,原始的、首位的,,L5,
中級,prime,noun,全盛時期,,L5,primes
中級,prime,verb,使準備好,,L5,"primes, priming, primed"
中級,primitive,adj.,原始的,,,
初級,prince,noun,王子,,,princes
初級,princess,noun,公主,,,princesses
中級,principal,adj.,最重要的、主要的,,L4,
初級,principal,noun,校長、首長,,,principals
初級,principle,noun,原則,,L1,principles
初級,print,verb/noun,印刷、用印刷體寫；印刷字體、印刷品,,,"prints, printing, printed"
初級,printer,noun,印表機,,,printers
中高級,prior,adj./noun,先前的；小修道院男院長,,L4,priors
中高級,priority,noun,優先處理的事、優先權,,L7,priorities
初級,prison,noun,監獄,,,prisons
初級,prisoner,noun,囚犯,,,prisoners
中級,privacy,noun,隱私,,,
初級,private,adj.,私人的,,,
中高級,privatize,verb,使私有化、將…私營化,,,"privatizes, privatizing, privatized"
中級,privilege,noun/verb,特權、特殊待遇；優待,,,"privileges, privileging, privileged"
初級,prize,noun,獎,,,prizes
中高級,pro,noun/adj.,職業選手； 職業的、專業的,,,pros
中高級,pro,prep.,擁護、支持,,,
中高級,probability,noun,可能性、很可能發生的事、機率,,,probabilities
中級,probable,adj.,可能的,,,
初級,probably,adv.,大概、有可能,,,
中高級,probe,verb/noun,追問、詳盡； 調查、探針,,,"probes, probing, probed"
初級,problem,noun,問題,,,problems
中級,procedure,noun,程序、步驟,,,procedures
中級,proceed,verb,繼續進行、前進,,L1,"proceeds, proceeding, proceeded"
中高級,proceeds,noun,收益,,,
中高級,proceeding,noun,訴訟、事件,,,proceedings
中級,process,noun/verb,過程；處理、加工,,L1,"processes, processing, processed"
中高級,procession,noun,(人或車)行列、一隊人,,,processions
中高級,processor,noun,加工機、處理器,,,processors
中高級,proclaim,verb,宣佈、聲明,,,"proclaims, proclaiming, proclaimed"
中高級,produce,noun,(尤指)農產品,,,
初級,produce,verb,製造、生產,,,"produces, producing, produced"
中級,producer,noun,生產者、製造商,,,producers
初級,product,noun,產品,,,products
初級,production,noun,生產,,,productions
中級,productive,adj.,生產的、多產的、有效益的,,,
中高級,productivity,noun,生產率、生產量,,,productivities
中級,profession,noun,職業,,,professions
中級,professional,adj./noun,職業的、專業的；專家,,L4,professionals
初級,professor,noun,教授,,,professors
中高級,proficiency,noun,熟練、精通,,,proficiencies
中高級,proficient,adj.,熟練的、精通的,,,
中高級,profile,noun/verb,側面像、人物簡介；寫…的概況,,,"profiles, profiling, profiled"
中級,profit,noun/verb,利潤、好處；獲益,,,"profits, profiting, profited"
中級,profitable,adj.,獲利的、有益的,,,
中高級,profound,adj.,深遠的、知識淵博的、艱深的,,,"profounder, profoundest"
初級,program,noun/verb,節目；計畫,= programme (British English),,"programs, programing, programed"
初級,progress,noun/verb,進步,,,"progresses, progressing, progressed"
中級,progressive,adj./noun,進步的、逐漸的；改革派,,,progressives
中級,prohibit,verb,(以法令)禁止,,L7,"prohibits, prohibiting, prohibited"
中高級,prohibition,noun,(尤指通過法律的)禁止、禁令,,,prohibitions
中高級,project,verb,計畫、估計、投射、展現,,L4,"projects, projecting, projected"
初級,project,noun,方案、計畫、(學生)研究,,,projects
中高級,projection,noun,預測、投射,,,projections
中高級,proliferate,verb,迅速繁殖、猛增,,,"proliferates, proliferating, proliferated"
中高級,prolong,verb,延長,,,"prolongs, prolonging, prolonged"
中級,prominent,adj.,重要的、著名的,,,
初級,promise,verb/noun,承諾、答應,,,"promises, promising, promised"
中級,promising,adj.,有希望的、有前途的,,,
中級,promote,verb,促進、推動,,L4,"promotes, promoting, promoted"
中級,promotion,noun,提升、晉升、促銷活動,,,promotions
中級,prompt,verb,促使,,,"prompts, prompting, prompted"
中級,prompt,adj.,迅速的,,,"prompter, promptest"
中級,prompt,noun,提示,,,prompts
中高級,prone,adj.,易於遭受、有做(壞事)的傾向,,,"proner, pronest"
中高級,pronoun,noun,代名詞,,,pronouns
初級,pronounce,verb,宣告、發音,,,"pronounces, pronouncing, pronounced"
中級,pronunciation,noun,發音,,,pronunciations
中級,proof,noun,證據、證實,,,proofs
中級,proof,adj.,防…的,,,
中高級,prop,verb,支撐,,,"props, propping, propped"
中高級,prop,noun,(戲劇或電影中的)道具,,,props
中高級,propaganda,noun,宣傳、鼓吹,,,
中高級,propagate,verb,宣傳、繁殖,,,"propagates, propagating, propagated"
中高級,propel,verb,推動、驅使,,,"propels, propelling, propelled"
中高級,propeller,noun,螺旋槳,,,propellers
中級,proper,adj.,正確的、恰當的,,,
中級,property,noun,財產、房地產,,,properties
中高級,prophet,noun,先知、預言者、倡導者,,,prophets
中級,proportion,noun,部分、比例,,L3,proportions
中高級,proportional,adj.,相稱的、成比例的,,,
中級,proposal,noun,提案、求婚,,,proposals
初級,propose,verb,提出建議、求婚,,,"proposes, proposing, proposed"
中高級,proposition,noun/verb,提議、主張；求歡,,,"propositions, propositioning, propositioned"
中高級,prose,noun,散文,,,proses
中高級,prosecute,verb,起訴、控告,,,"prosecutes, prosecuting, prosecuted"
中高級,prosecution,noun,(被)刑事起訴、原告律師,,,prosecutions
中高級,prosecutor,noun,檢察官、控方律師,,,prosecutors
中高級,prospect,verb,探礦、勘探,,L8,"prospects, prospecting, prospected"
中級,prospect,noun,可能性、前景,,,prospects
中高級,prospective,adj.,可能的、潛在的,,L8,
中級,prosper,verb,繁榮,,,"prospers, prospering, prospered"
中級,prosperity,noun,繁榮,,,
中級,prosperous,adj.,繁榮的,,,
中高級,prostitute,noun/verb,賣淫者；濫用才能、糟蹋自己,,,"prostitutes, prostituting, prostituted"
中高級,prostitution,noun,賣淫,,,
初級,protect,verb,保護,,,"protects, protecting, protected"
初級,protection,noun,保護,,,protections
中級,protective,adj.,保護的、防護的,,,
中級,protein,noun,蛋白質,,,proteins
中級,protest,noun/verb,抗議、反對,,,"protests, protesting, protested"
中高級,prototype,noun,(新型汽車、機器的)原型,,,prototypes
初級,proud,adj.,(感到)驕傲的,,,"prouder, proudest"
初級,prove,verb,證明,,,"proves, proving, proved"
中級,proverb,noun,諺語,,,proverbs
初級,provide,verb,提供,,,"provides, providing, provided"
中高級,provided,conj.,如果、假如、在…條件下,provided that= providing that,,
中級,province,noun,省份,,,provinces
中高級,provincial,adj./noun,省的、首都外的、心胸狹隘的；鄉巴佬,,,provincials
中高級,provision,noun/verb,供給、供應品；為…提供物品,,,"provisions, provisioning, provisioned"
中高級,provisional,adj.,臨時的、暫定的,,,
中高級,provocative,adj.,挑釁的、煽動性的、引誘的,,,
中高級,provoke,verb,激起、引起,,,"provokes, provoking, provoked"
中高級,prowl,verb/noun,潛行(為捕獵)；悄然潛行,,,"prowls, prowling, prowled"
中高級,proximity,noun,(時間或空間)鄰近,,,proximities
中高級,prune,noun,梅子乾,,,prunes
中高級,prune,verb,修剪樹枝、裁減,,,"prunes, pruning, pruned"
中高級,psychiatric,adj.,精神病學的、精神病治療的,,,
中高級,psychiatrist,noun,精神科醫生,,,psychiatrists
中高級,psychiatry,noun,精神病學,,,psychiatries
中高級,psychic,adj./noun,超自然的、通靈的；通靈的人,adj.= psychical,,psychics
中級,psychological,adj.,心理的,,L5,
中級,psychologist,noun,心理學家,,,psychologists
中級,psychology,noun,心理、心理學,,L5,psychologies
中級,pub,noun,酒吧,,,pubs
初級,public,adj./noun,公眾(的),,,publics
中級,publication,noun,出版、出版物,,L7,publications
中級,publicity,noun,宣傳、關注,,,
中高級,publicize,verb,公佈、宣傳,,,"publicizes, publicizing, publicized"
中級,publish,verb,出版、刊載,,L3,"publishes, publishing, published"
中級,publisher,noun,出版商,,,publishers
中級,pudding,noun,布丁,,,puddings
中高級,puff,noun/verb,吸、抽；抽(香煙等)、使噴出,,,"puffs, puffing, puffed"
初級,pull,verb/noun,拉,,,"pulls, pulling, pulled"
中高級,pulse,noun/verb,脈搏；跳動、洋溢著(激情等),,,"pulses, pulsing, pulsed"
初級,pump,noun/verb,(用)幫浦,,,"pumps, pumping, pumped"
初級,pumpkin,noun,南瓜,,,pumpkins
中級,punch,noun/verb,拳打；用拳猛擊,,,"punches, punching, punched"
中級,punctual,adj.,準時的,,,
初級,punish,verb,處罰,,,"punishes, punishing, punished"
中級,punishment,noun,處罰,,,punishments
中高級,punk,noun/adj.,龐克搖滾樂；龐克的,,,punks
中級,pupil,noun,(小學)學生；瞳孔,,,pupils
中級,puppet,noun,木偶,,,puppets
初級,puppy,noun,小狗,,,puppies
初級,purchase,noun/verb,購買,,L2,"purchases, purchasing, purchased"
中級,pure,adj.,純的、純粹的,,,"purer, purest"
中高級,purely,adv.,純粹地、僅僅,,,
中高級,purify,verb,使潔淨、淨化(心靈),,,"purifies, purifying, purified"
中高級,purity,noun,純潔、純淨,,,purities
初級,purple,adj./noun,紫色(的),,,"purpler, purplest, purples"
初級,purpose,noun,目的,,,purposes
初級,purse,noun,錢包,,,purses
中級,pursue,verb,追趕、追求,,L5,"pursues, pursuing, pursued"
中級,pursuit,noun,追趕、追求,,,pursuits
初級,push,verb/noun,推、逼迫；推動,,,"pushes, pushing, pushed"
初級,put,verb,放,,,"puts, putting"
中高級,put-down,noun,令人難堪的話、貶損的話,,,put-downs
中高級,putt,noun/verb,(高爾夫球的)推球入洞；輕輕擊球,,,"putts, putting, putted"
初級,puzzle,noun,拼圖,,,puzzles
初級,puzzle,noun/verb,難題；使...感到為難、困惑,,,"puzzles, puzzling, puzzled"
中高級,pyramid,noun,金字塔、金字塔型的物體,,,pyramids
中高級,quack,noun/verb,(鴨子的)呱呱聲、庸醫； 呱呱叫,,,"quacks, quacking, quacked"
中高級,quake,verb/noun,(因恐懼或緊張)顫抖；地震,noun= earthquake,,"quakes, quaking, quaked"
中級,qualification,noun,資格,,,qualifications
中級,qualified,adj.,合格的、勝任的,,,
中高級,qualifier,noun,合格者、資格賽,,,qualifiers
中級,qualify,verb,使具有資格,,,"qualifies, qualifying, qualified"
中高級,qualitative,adj.,質量的、定性的,,L9,
初級,quality,noun,品質,,,qualities
中高級,quantify,verb,以數量表示、量化,,,"quantifies, quantifying, quantified"
中高級,quantitative,adj.,數量的、量化的,,,
中級,quantity,noun,數量,,,quantities
中高級,quantum,noun,量子,,,quanta
中級,quarrel,noun/verb,爭吵,,,"quarrels, quarrelling, quarreling, quarrelled, quarreled"
中高級,quarrelsome,adj.,愛爭吵的、好口角的,,,
中高級,quart,noun,夸脫,,,quarts
初級,quarter,noun,四分之一,,,quarters
中高級,quarter-final,noun,半準決賽,,,quarter-finals
中高級,quarterly,adj./adv./noun,每季的、按季的；季刊,,,quarterlies
中高級,quartet,noun,四重奏樂團、四重唱組合,= quartette,,quartets
中高級,quartz,noun,石英,,,quartzes
初級,queen,noun,皇后,,,queens
中高級,queer,adj./noun/verb,反常的；同性戀者；破壞計劃,,,"queerer, queerest, queers, queering, queered"
中高級,quench,verb,解渴、撲滅,,,"quenches, quenching, quenched"
中高級,query,noun/verb,詢問；表示疑慮,,,"queries, querying, queried"
中高級,quest,noun/verb,(長期的)探索、追求,,,"quests, questing, quested"
初級,question,noun/verb,(問)問題；懷疑,,,"questions, questioning, questioned"
中高級,questionnaire,noun,調查表、問卷,,,questionnaires
中級,queue,noun/verb,隊伍；排隊,,,"queues, queuing, queueing, queued"
初級,quick,adj.,快速的,,,"quicker, quickest"
初級,quiet,adj.,安靜的,,,"quieter, quietest"
中級,quilt,noun,被子,,,quilts
初級,quit,verb,離開,,,"quits, quitting, quitted"
初級,quite,adv.,相當,,,
中高級,quiver,verb/noun,輕微顫動、哆嗦；顫抖,,,"quivers, quivering, quivered"
初級,quiz,noun,小考,,,quizzes
中高級,quota,noun,定額、配額,,,quotas
中高級,quotation,noun,引文、語錄；報價、行情,,L7,quotations
中級,quote,verb/noun,引用、引述；引語,,L7,"quotes, quoting, quoted"
初級,rabbit,noun,兔子,,,rabbits
初級,race,verb/noun,賽跑、參加比賽；競爭,,,"races, racing, raced"
初級,race,noun,種族,,,races
中級,racial,adj.,種族的,,,
中高級,racing,noun,賽馬、速度比賽,,,racings
中高級,racism,noun,種族歧視、種族主義,,,racisms
中高級,racist,adj./noun,種族主義的；種族主義者,,,racists
中高級,rack,noun,架子,,,racks
中高級,rack,verb,使痛苦不堪、使受折磨,,,"racks, racking, racked"
中級,radar,noun,雷達,,,
中高級,radiant,adj.,容光煥發的、燦爛的,,,
中高級,radiate,verb,流露、煥發,,,"radiates, radiating, radiated"
中級,radiation,noun,輻射,,,radiations
中高級,radiator,noun,散熱器、暖氣片,,,radiators
中級,radical,adj./noun,徹底的、激進的；激進份子,,L8,radicals
初級,radio,noun,收音機、廣播節目,,,radios
中高級,radioactive,adj.,放射性的、有輻射的,,,
中高級,radish,noun,蘿蔔,,,radishes
中高級,radius,noun,半徑、半徑範圍、周圍,,,"radii, radiuses"
中高級,raft,noun/verb,筏、橡皮艇、大量；漂筏,,,"rafts, rafting, rafted"
中高級,rag,noun,抹布,,,rags
中高級,rag,verb,嘲笑、捉弄,,,"rags, ragging, ragged"
中級,rage,noun/verb,盛怒、狂暴；肆虐,,,"rages, raging, raged"
中高級,ragged,adj.,破舊的、衣衫襤褸的、不流暢的,,,
中高級,raid,verb/noun,突襲、劫掠、搜查,,,"raids, raiding, raided"
中高級,rail,noun/verb,欄杆、軌道；譴責；抱怨,,,"rails, railing, railed"
初級,railroad,noun,鐵路,= railway (British English),,railroads
初級,rain,noun/verb,(下)雨,,,"rains, raining, rained"
初級,rainbow,noun,彩虹,,,rainbows
中級,raincoat,noun,雨衣,,,raincoats
中級,rainfall,noun,降雨(量),,,rainfalls
初級,rainy,adj.,下雨的,,,"rainier, rainiest"
初級,raise,verb/noun,舉高、提升、養育；提高,,,"raises, raising, raised"
初級,raise,noun,加薪、加薪額,,,raises
中級,raisin,noun,葡萄乾,,,raisins
中高級,rally,noun/verb,大型公眾集會；召集、集合,,,"rallies, rallying, rallied"
中高級,ranch,noun,牧場、大農場,,,ranches
中高級,random,adj./noun,隨機的、隨意的；隨機、隨意,,L8,randoms
初級,range,noun,排、行、範圍；山脈,,L2,ranges
初級,range,verb,範圍、排列,,L2,"ranges, ranging, ranged"
中級,rank,noun/verb,分等級、排行；地位、級別,,,"ranks, ranking, ranked"
中高級,ranking,adj/noun,地位高的、高級的；排名,,,rankings
中高級,ransom,noun/verb,贖金；(為某人)交付贖金,,,"ransoms, ransoming, ransomed"
中高級,rap,noun,饒舌音樂,,,raps
中高級,rap,verb,敲擊、批評、指責,,,"raps, rapping, rapped"
中高級,rape,verb/noun,強暴、強姦； 強姦罪,,,"rapes, raping, raped"
初級,rapid,adj.,快速的,,,"rapider, rapidest"
初級,rare,adj.,半熟的、罕見,,,"rarer, rarest"
中級,rarely,adv.,很少、不常,,,
中高級,rascal,noun,無賴、壞蛋、淘氣鬼,,,rascals
中高級,rash,adj.,急躁的、魯莽的,,,
中高級,rash,noun,皮疹,,,rashes
初級,rat,noun,老鼠,,,rats
中級,rate,noun/verb,速度、(比)率；評估、評價,,,"rates, rating, rated"
初級,rather,adv.,相當、頗,,,
中高級,ratify,verb,正式批准、使正式生效,,,"ratifies, ratifying, ratified"
中高級,rating,noun,等級、程度,,,ratings
中高級,ratio,noun,(兩個數量間的)比例,,L5,ratios
中高級,rational,adj.,(想法、決定等)合理的、理性的,,L6,
中高級,rattle,verb/noun,發出喀噠聲、使緊張； 喀噠聲,,,"rattles, rattling, rattled"
中高級,ravage,verb,毀壞、損壞,,,"ravages, ravaging, ravaged"
中高級,rave,verb/adj.,極力誇獎；高度稱讚的,,,"raves, raving, raved"
中高級,rave,noun,狂歡晚會,,,raves
中級,raw,adj.,生的、原始的,,,
中級,ray,noun,光線、射線,,,rays
中級,razor,noun,刮鬍刀,,,razors
初級,reach,verb,伸出(手)、抵達、 取得聯繫,,,"reaches, reaching, reached"
初級,reach,noun,（手、能力、影響等）可及範圍,,,reaches
中級,react,verb,反應,,L3,"reacts, reacting, reacted"
中級,reaction,noun,反應,,,reactions
中高級,reactor,noun,核反應堆、反應器,,,reactors
初級,read,verb,讀、朗讀,,,"reads, reading"
中級,reader,noun,讀者、簡易讀本,,,readers
中級,readily,adv.,樂意地、迅速地,,,
中級,reading,noun,閱讀、讀物,,,readings
初級,ready,adj.,準備好的,,,"readier, readiest"
初級,real,adj.,真實的,,,"realer, realest"
中高級,realism,noun,實務作風、現實主義,,,realisms
中級,realistic,adj.,現實的、實際的,,,
中級,reality,noun,現實、事實,,,realities
中高級,realization,noun,領會、領悟、(目標等的)實現,= realisation (British English),,realizations
初級,realize,verb,瞭解、實現,= realise (British English),,"realizes, realizing, realized"
初級,really,adv.,真的、非常、實際上,,,
中高級,realm,noun,領域、場所,,,realms
中高級,reap,verb,取得成果、收穫,,,"reaps, reaping, reaped"
中級,rear,adj./noun,後面的；後部,,,rears
中級,rear,verb,撫養、飼養,,,"rears, rearing, reared"
初級,reason,noun,原因、理由、理性,,,reasons
中級,reasonable,adj.,合理的、(價錢)公道的,,,
中高級,reassure,verb,使安心、使消除疑慮,,,"reassures, reassuring, reassured"
中級,rebel,noun/verb,叛亂者；反叛,,,"rebels, rebelling, rebelled"
中高級,rebellion,noun,造反、叛亂,,,rebellions
中高級,rebellious,adj.,反叛的、叛亂的、反對權威的,,,
中級,rebuild,verb,重組、重建,,,"rebuilds, re-builds, rebuilding, re-building, rebuilt, re-built"
中級,recall,verb/noun,回憶起；記性,,,"recalls, recalling, recalled"
中級,receipt,noun,收據,,,receipts
初級,receive,verb,收到、歡迎,,,"receives, receiving, received"
中級,receiver,noun,聽筒、接收者,,,receivers
初級,recent,adj.,最近的,,,
中級,reception,noun,接待處、招待會、接受,,,receptions
中級,recession,noun,(經濟)衰退,,,recessions
中級,recipe,noun,食譜,,,recipes
中高級,recipient,noun,受方、接受者,,,recipients
中高級,reciprocal,adj.,互惠的、相應的,,,
中級,recite,verb,朗誦,,,"recites, reciting, recited"
中高級,reckless,adj.,魯莽的、無所顧忌的,,,
中高級,reckon,verb,認為、以為、估算,,,"reckons, reckoning, reckoned"
中高級,reclaim,verb,取回(以付的金錢)、恢復,,,"reclaims, reclaiming, reclaimed"
中級,recognition,noun,認出、認可,,,recognitions
中級,recognize,verb,認出、認可,,,"recognizes, recognizing, recognized"
中級,recommend,verb,推薦,,,"recommends, recommending, recommended"
中高級,recommendation,noun,正式建議、提議,,,recommendations
中高級,reconcile,verb,使配合、使和解,,,"reconciles, reconciling, reconciled"
中高級,reconciliation,noun,調解、和解,,,reconciliations
中高級,reconstruction,noun,修復、(尤指戰後的)重建,,,reconstructions
初級,record,noun/verb,紀錄、唱片；記錄、錄音,,,"records, recording, recorded"
中級,recorder,noun,錄音(像)機,,,recorders
中高級,recording,noun,(音樂、演說或影像的)錄製品,,,recordings
初級,recover,verb,恢復,,L6,"recovers, recovering, recovered"
中級,recovery,noun,復得、恢復,,,recoveries
中級,recreation,noun,消遣、娛樂,,,recreations
中高級,recreational,adj.,娛樂、消遣的,,,
中高級,recruit,verb/noun,招收新成員；新兵,,,"recruits, recruiting, recruited"
初級,rectangle,noun,矩形,,,rectangles
中高級,rectangular,adj.,長方形的、矩形的,,,
中高級,rectify,verb,糾正、矯正,,,"rectifies, rectifying, rectified"
中高級,recur,verb,再發生、反覆出現,,,"recurs, recurring, recurred"
初級,recycle,verb,回收,,,"recycles, recycling, recycled"
初級,red,adj./noun,紅色(的),,,"redder, reddest, reds"
中級,reduce,verb,減少、縮小,,,"reduces, reducing, reduced"
中級,reduction,noun,減少、折扣,,,reductions
中高級,redundancy,noun,(因勞動力過剩而造成的)裁員、多餘,,,redundancies
中高級,redundant,adj.,被裁減的、多餘的,,,
中高級,reef,noun,礁、礁脈,,,reefs
中高級,reel,noun/verb,捲軸； 捲、繞,,,"reels, reeling, reeled"
中級,refer,verb,提及、參考,,,"refers, referring, refering, referred, refered"
中高級,referee,noun/verb,裁判、調解人；擔任裁判,,,"referees, refereeing, refereed"
中級,reference,noun,提到、參考、出處,,,references
中高級,referendum,noun,公民投票,,,"referendums, referenda"
中高級,refine,verb,精煉、改進,,L9,"refines, refining, refined"
中級,reflect,verb,反映、反射,,,"reflects, reflecting, reflected"
中級,reflection,noun,反映、反射、倒影,,,reflections
中高級,reflective,adj.,沉思的、反光的,,,
中級,reform,noun/verb,改革、改良,,,"reforms, reforming, reformed"
中高級,reformer,noun,改革者,,,reformers
中高級,refrain,verb,避免、克制,,,"refrains, refraining, refrained"
中高級,refrain,noun,疊句、副歌,,,refrains
中級,refresh,verb,使清涼、提醒,,,"refreshes, refreshing, refreshed"
中高級,refreshment,noun,活力恢復、零食飲料,,,refreshments
初級,refrigerator,noun,電冰箱,= fridge= icebox,,refrigerators
中高級,refuge,noun,庇護、收容所,,,refuges
中級,refugee,noun,難民、流亡者,,,refugees
中高級,refund,noun/verb,退款,,,"refunds, refunding, refunded"
中級,refusal,noun,拒絕,,,refusals
中級,refuse,noun,垃圾、廢棄物,,,
初級,refuse,verb,拒絕,,,"refuses, refusing, refused"
中高級,refute,verb,駁斥、否認,,,"refutes, refuting, refuted"
中高級,regain,verb,重新獲得、返回,,,"regains, regaining, regained"
初級,regard,verb/noun,認為；尊敬、關心,,,"regards, regarding, regarded"
中級,regarding,prep.,關於,,,
中級,regardless,adv.,儘管,,,
中高級,reggae,noun,雷鬼(音樂),,,reggaes
中高級,regime,noun,政權、組織方法,,L4,regimes
中高級,regiment,noun,軍團、一大群(人、物),,,regiments
初級,region,noun,地區,,L2,regions
中級,regional,adj.,地方的、區域的,,L2,
中級,register,verb/noun,註冊；登記(簿),,L3,"registers, registering, registered"
中級,registration,noun,註冊、登記,,,registrations
初級,regret,verb/noun,遺憾、後悔,,,"regrets, regretting, regretted"
初級,regular,adj.,規律的、經常的,,,
中級,regulate,verb,規範、調節,,L2,"regulates, regulating, regulated"
中級,regulation,noun,規則,,,regulations
中高級,regulator,noun,監督者、自動調節器,,,regulators
中高級,rehabilitate,verb,恢復、重建,,,"rehabilitates, rehabilitating, rehabilitated"
中級,rehearsal,noun,排演、彩排,,,rehearsals
中級,rehearse,verb,排演,,,"rehearses, rehearsing, rehearsed"
中高級,reign,verb/noun,君王統治、支配；統治(期間),,,"reigns, reigning, reigned"
中高級,rein,noun/verb,韁繩；嚴格控制,,,"reins, reining, reined"
中高級,reinforce,verb,加強、鞏固,,L8,"reinforces, reinforcing, reinforced"
初級,reject,verb,拒絕、拒收,,L5,"rejects, rejecting, rejected"
中高級,rejection,noun,拒絕、駁回,,,rejections
中高級,rejoice,verb,高興、慶賀,,,"rejoices, rejoicing, rejoiced"
中級,relate,verb,使有聯繫、敘述,,,"relates, relating, related"
中級,related,adj.,相關的、有親戚關係的,,,
中級,relation,noun,關係、往來,,,relations
中級,relationship,noun,關係,,,relationships
初級,relative,adj.,相關的,,,
初級,relative,noun,親戚,,,relatives
中級,relatively,adv.,相對地、相當,,,
中高級,relativity,noun,相對論、相對性,,,relativities
中級,relax,verb,放鬆、放心,,L9,"relaxes, relaxing, relaxed"
中級,relaxation,noun,放鬆、消遣,,L9,relaxations
中高級,relay,noun/verb,接力賽、接替(人員)；轉達,,,"relays, relaying, relayed, relaid"
中級,release,verb/noun,釋放、宣泄；獲釋、發行,,L7,"releases, releasing, released"
中高級,relegate,verb,使貶職、使降級,,,"relegates, relegating, relegated"
中高級,relentless,adj.,不放棄的、無情的,,,
中高級,relevant,adj.,相關的、有價值的,,L2,
中高級,reliability,noun,可靠程度、可信賴性,,L3,reliabilities
中級,reliable,adj.,可信賴的、可靠的,,,
中高級,reliance,noun,依賴、依靠,,,
中高級,relic,noun,遺物、遺跡、遺俗,,,relics
中級,relief,noun,解脫、減輕,,,reliefs
中級,relieve,verb,減輕、緩和,,,"relieves, relieving, relieved"
中高級,relieved,adj.,感到放心的、心情放鬆的,,,
中級,religion,noun,宗教,,,religions
中級,religious,adj.,宗教的、虔誠的,,,
中高級,relish,verb/noun,喜歡、品味；樂趣、調味佐料,,,"relishes, relishing, relished"
中級,reluctant,adj.,不情願的,,L10,
中級,rely,verb,仰賴、信賴,,L3,"relies, relying, relied"
中級,remain,verb,仍然是、繼續,,,"remains, remaining, remained"
中高級,remainder,noun/verb,其餘人或物、殘餘；廉價出售（剩書等）,,,"remainders, remaindering, remaindered"
中高級,remaining,adj.,剩餘的、仍需處理的,,,
中高級,remains,noun,剩餘物、遺跡、遺體,,,
中級,remark,noun/verb,言論、評論；談論、說起,,,"remarks, remarking, remarked"
中級,remarkable,adj.,非凡的、顯著的,,,
中級,remedy,noun/verb,療法、解決方法；治療、補救,,,"remedies, remedying, remedied"
初級,remember,verb,記住,,,"remembers, remembering, remembered"
初級,remind,verb,提醒,,,"reminds, reminding, reminded"
中級,reminder,noun,提醒,,,reminders
中高級,reminiscent,adj.,懷舊的、使憶起的,,,
中高級,remnant,noun/adj.,殘餘、遺跡、剩料（零頭布）；剩餘的,,,remnants
中級,remote,adj.,偏遠的、遙控的,,,"remoter, remotest"
中高級,removal,noun,移除、清除,,,removals
中級,remove,verb,去除、脫去,,L3,"removes, removing, removed"
中高級,renaissance,noun,文藝復興、復興,,,renaissances
中高級,render,verb,使成為、使處於某狀態、提供,,,"renders, rendering, rendered"
中級,renew,verb,延長期限、重新開始,,,"renews, renewing, renewed"
中高級,renewable,adj.,（能源）可再生的；可展期的,,,
中高級,renewal,noun,更新、恢復、續訂(契約),,,renewals
中高級,renowned,adj.,聞名的、受尊敬的,,,
初級,rent,noun/verb,租金；租,,,"rents, renting, rented"
中高級,rental,noun/adj.,租金、出租；租用的,,,rentals
中高級,reopen,verb,重新開業、重新處理,,,"reopens, reopening, reopened"
中高級,reorganize,verb,重組、整頓,= reorganise (British English),,"reorganizes, reorganizing, reorganized"
初級,repair,noun/verb,修理,,,"repairs, repairing, repaired"
中高級,repatriate,verb,遣返,,,"repatriates, repatriating, repatriated"
中高級,repay,verb,償還、報答,,,"repays, repaying, repaid"
中高級,repayment,noun,償還、分期付款額,,,repayments
初級,repeat,verb,重複,,,"repeats, repeating, repeated"
中級,repeatedly,adv.,一再地、重複地,,,
中高級,repel,verb,擊退、趕走,,,"repels, repelling, repelled"
中高級,repertoire,noun,可表演曲目、全部才能,,,repertoires
中級,repetition,noun,重複、反覆,,,repetitions
中級,replace,verb,取代、代替,,,"replaces, replacing, replaced"
中高級,replacement,noun,更換、替代品、接替者,,,replacements
中高級,replay,verb/noun,重新比賽、重播,,,"replays, replaying, replayed"
初級,reply,verb/noun,回答、回覆,,,"replies, replying, replied"
初級,report,noun/verb,報告、報導,,,"reports, reporting, reported"
中高級,reportedly,adv.,據說、據傳聞,,,
初級,reporter,noun,記者,,,reporters
中級,represent,verb,代表,,,"represents, representing, represented"
中級,representation,noun,代表、表現,,,representations
中級,representative,noun/adj.,代表；典型的、代表的,,,representatives
中高級,repress,verb,壓抑、鎮壓,,,"represses, repressing, repressed"
中高級,repression,noun,鎮壓、抑制,,,repressions
中高級,reproach,verb/noun,指責；責備(的話)、恥辱,,,"reproaches, reproaching, reproached"
中高級,reproduce,verb,複製、再現、繁殖,,,"reproduces, reproducing, reproduced"
中高級,reproduction,noun,繁衍、複製,,,reproductions
中高級,reptile,noun/adj.,爬蟲類；爬蟲類的,,,reptiles
中級,republic,noun,共和國,,,republics
初級,Republic of China,noun,中華民國,= ROC,,
中級,republican,noun/adj.,共和主義者；共和主義者的,,,republicans
中級,reputation,noun,名譽、名聲,,,reputations
中級,request,noun/verb,要求、請求,,,"requests, requesting, requested"
初級,require,verb,要求,,L1,"requires, requiring, required"
中級,requirement,noun,需要、要求,,,requirements
中級,rescue,noun/verb,援救、營救,,,"rescues, rescuing, rescued"
中級,research,noun/verb,研究、調查,,L1,"researches, researching, researched"
中級,researcher,noun,研究人員,,,researchers
中高級,resemblance,noun,相似,,,resemblances
中級,resemble,verb,看起來像,,,"resembles, resembling, resembled"
中高級,resent,verb,對…感到憤慨、怨恨,,,"resents, resenting, resented"
中高級,resentment,noun,憤恨、怨恨,,,resentments
中級,reservation,noun,預訂、訂位,,,reservations
中級,reserve,noun,儲備（物）,,,reserves
中級,reserve,verb,預訂、訂位,,,"reserves, reserving, reserved"
中高級,reserved,adj.,預訂的、含蓄寡言的,,,
中高級,reservoir,noun,水庫、蓄水池、儲液槽,,,reservoirs
中高級,reside,verb,居住在、存在於、隸屬於,,L2,"resides, residing, resided"
中級,residence,noun,居住、住處,,,residences
中級,resident,noun/adj.,居民、住戶；定居的、常駐的,,,residents
中高級,residential,adj.,住宅的、提供住宿的,,,
中級,resign,verb,辭職,,,"resigns, resigning, resigned"
中級,resignation,noun,辭職、辭呈,,,resignations
中高級,resigned,adj.,逆來順受的、死心的,,,
中級,resist,verb,抵抗、反抗,,,"resists, resisting, resisted"
中級,resistance,noun,抵抗、反抗,,,resistances
中級,resistant,adj.,抵抗的、抗…的,,,
中高級,resolute,adj.,堅決的、有決心的,,,
中級,resolution,noun,決心、決議、解決,,L4,resolutions
中級,resolve,verb,解決、決心,,L4,"resolves, resolving, resolved"
中高級,resonance,noun,宏亮、引起共鳴,,,resonances
中高級,resonant,adj.,宏亮的、響遍的、產生共鳴的,,,
中高級,resort,verb,訴諸於、憑藉、採用,,,"resorts, resorting, resorted"
中高級,resort,noun,旅遊勝地,,,resorts
中級,resource,noun,資源,,L2,resources
初級,respect,noun/verb,尊重,,,"respects, respecting, respected"
中高級,respectable,adj.,值得尊敬的、相當好的,,,
中高級,respected,adj.,受尊敬的、被認為重要的,,,
中高級,respectful,adj.,表示敬意的、尊敬的,,,
中高級,respective,adj.,分別的、各自的,,,
中高級,respectively,adv.,分別、各自、依序是,,,
中級,respond,verb,回應、回答,,L1,"responds, responding, responded"
中級,response,noun,回應、答覆,,,responses
中級,responsibility,noun,責任,,,responsibilities
初級,responsible,adj.,負責的、掌管…,,,
初級,rest,verb/noun,剩下；剩餘部分、其餘,,,"rests, resting, rested"
初級,rest,noun,休息,,,rests
初級,restaurant,noun,餐館,,,restaurants
中級,restless,adj.,煩躁的,,,
中級,restore,verb,恢復、復原,,L8,"restores, restoring, restored"
中高級,restrain,verb,阻止、約束(自己),,L9,"restrains, restraining, restrained"
中高級,restrained,adj.,克制的、樸素的,,L9,
中高級,restraint,noun,約束力、控制、克制,,,restraints
中級,restrict,verb,限制、束縛,,L2,"restricts, restricting, restricted"
中級,restriction,noun,限制,,,restrictions
初級,restroom,noun,洗手間,= rest room,,restrooms
中高級,restructure,verb,調整結構、改組,,L1,"restructures, restructuring, restructured"
初級,result,noun/verb,結果,,,"results, resulting, resulted"
中高級,resultant,adj.,因而發生的,,,
中高級,resume,verb,(中斷後)繼續、恢復,,,"resumes, resuming, resumed"
中高級,résumé,noun,概述、(求職)簡歷,,,
中高級,retail,noun/adv./verb,零售；以零售方式；零售,,,"retails, retailing, retailed"
中高級,retailer,noun,零售商、零售店,,,retailers
中級,retain,verb,保留、留住,,L4,"retains, retaining, retained"
中高級,retaliate,verb,報復、反擊,,,"retaliates, retaliating, retaliated"
中高級,retention,noun,保持、維持、記憶力,,,retentions
中級,retire,verb,退休、退回,,,"retires, retiring, retired"
中高級,retirement,noun,退休、退休生活,,,retirements
中高級,retort,verb/noun,反擊、反駁、頂嘴,,,"retorts, retorting, retorted"
中級,retreat,noun/verb,僻靜處；撤退、躲避,,,"retreats, retreating, retreated"
中高級,retrieval,noun,取回、索回,,,retrievals
中高級,retrieve,verb,取回、(電腦)檢索資料,,,"retrieves, retrieving, retrieved"
中高級,retrospect,noun,回顧、回憶,,,
中高級,retrospection,noun,回顧、回憶,,,retrospections
中高級,retrospective,adj.,回顧的、溯及既往的,,,
初級,return,verb/noun,返回,,,"returns, returning, returned"
中高級,reunion,noun,重聚、團聚,,,reunions
中級,reunite,verb,重逢、再結合,,,"reunites, reuniting, reunited"
中級,reveal,verb,顯示、透漏,,L6,"reveals, revealing, revealed"
中高級,revealing,adj.,揭露真相的、過分暴露的,,,
中高級,revelation,noun,被揭露的真相、揭露、天啟,,,revelations
中級,revenge,noun/verb,復仇(行動)；替...報仇、報復,,,"revenges, revenging, revenged"
中高級,revenue,noun,財政收入、收益,,L5,revenues
中高級,reverse,verb/noun/adj.,顛倒、轉向；相反、反面；反面的、逆轉的,,L7,"reverses, reversing, reversed"
初級,review,noun/verb,複習,,,"reviews, reviewing, reviewed"
初級,revise,verb,修訂,,L8,"revises, revising, revised"
中級,revision,noun,修訂、修正,,,revisions
中高級,revival,noun,振興、復興,,,revivals
中高級,revive,verb,甦醒、復活、使重做,,,"revives, reviving, revived"
中高級,revolt,noun/verb,反叛、厭惡；造反、嫌惡,,,"revolts, revolting, revolted"
中級,revolution,noun,革命,,L9,revolutions
中級,revolutionary,adj.,革命(性)的,,,
中高級,revolve,verb,旋轉、(天體)公轉,,,"revolves, revolving, revolved"
中級,reward,noun/verb,報答；酬賞,,,"rewards, rewarding, rewarded"
中級,rewrite,verb/noun,重寫、改寫；修改,,,"rewrites, re-writes, rewriting, re-writing, rewrote, re-wrote, rewritten, re-written"
中高級,rhetoric,noun,修辭學、華而不實的言語,,,
中高級,rhetorical,adj.,修辭學的、反詰的、誇張的,,,
中高級,rhinoceros,noun,犀牛,= rhino,,rhinoceroses
中級,rhyme,verb/noun,押韻；押韻詞,,,"rhymes, rhyming, rhymed"
中級,rhythm,noun,節奏、律動,,,rhythms
中高級,rhythmic,adj.,有節奏的、節奏規律的,,,
中高級,rib,noun/verb,肋骨；嘲笑,,,"ribs, ribbing, ribbed"
中級,ribbon,noun,緞帶、絲帶,,,ribbons
初級,rice,noun,米飯,,,rices
初級,rich,adj./noun,富有的；富人,,,"richer, richest, riches"
中級,riches,noun,財富,,,
中級,rid,verb/adj.,使...免除；擺脫,,,"rids, ridding, ridded"
中級,riddle,noun/verb,謎語；使佈滿,,,"riddles, riddling, riddled"
初級,ride,verb/noun,騎乘、搭乘；搭車,,,"rides, riding, rode, ridden"
中級,rider,noun,騎士,,,riders
中高級,ridge,noun/verb,山脊、隆起；隆起、成脊狀,,,"ridges, ridging, ridged"
中高級,ridicule,noun/verb,揶揄(的話)；嘲笑、奚落,,,"ridicules, ridiculing, ridiculed"
中級,ridiculous,adj.,荒謬的、可笑的,,,
中級,rifle,noun/verb,來福槍；匆忙翻找,,,"rifles, rifling, rifled"
中高級,rig,verb/noun,(以不正當手段)操縱、裝配；裝備、鑽井設備,,,"rigs, rigging, rigged"
初級,right,adj./adv.,右邊的、正確的；向右、正確地、立刻,,,"righter, rightest"
初級,right,noun,右方；權利,,,rights
初級,right-hand,adj.,右手的、右側的、供右手用的,,,
中高級,right-wing,adj./noun,右翼的、右派的；右派,名詞為right wing,,right-wings
中高級,rigid,adj.,死板的、僵硬的、堅硬的,,L9,
中高級,rigor,noun,嚴酷、艱苦、嚴謹,= rigour,,rigors
中高級,rigorous,adj.,嚴格的、嚴密的、嚴酷的,,,
中高級,rim,noun,(圓形物的)邊緣,,,rims
初級,ring,verb,打電話、按門鈴、(鈴聲)響起,,,"rings, ringing, rang, rung"
初級,ring,noun,戒指、環；鈴聲,,,rings
中高級,riot,noun/verb,暴亂、騷動；掀起暴動,,,"riots, rioting, rioted"
中高級,riotous,adj.,暴亂的、狂歡的,,,
中高級,rip,verb/noun,撕裂、扯開；裂縫、破綻,,,"rips, ripping, ripped"
中級,ripe,adj.,成熟的,,,"riper, ripest"
中高級,ripple,noun/verb,漣漪；起漣漪,,,"ripples, rippling, rippled"
初級,rise,verb/noun,上升,,,"rises, rising, rose, risen"
中級,risk,noun/verb,風險、危險；冒…風險,,,"risks, risking, risked"
中高級,risky,adj.,有危險的、有風險的,,,"riskier, riskiest"
中高級,rite,noun,(宗教)儀式,,,rites
中高級,ritual,noun/adj.,儀式、慣例；儀式的、祭典的、老套的,,,rituals
中級,rival,noun/adj./verb,競爭者；競爭的；與...競爭,,,"rivals, rivaling, rivalling, rivaled, rivalled"
中高級,rivalry,noun,競爭、較量,,,rivalries
初級,river,noun,河,,,rivers
中高級,roach,noun,蟑螂,蟑螂= cockroach,,roaches
初級,road,noun,道路,,,roads
中高級,roam,verb/noun,閒逛、漫步；漫遊、閒逛,,,"roams, roaming, roamed"
中級,roar,verb/noun,吼叫、呼嘯,,,"roars, roaring, roared"
中級,roast,verb/adj./noun,烤；烘烤過的；烤肉,,,"roasts, roasting, roasted"
初級,rob,verb,搶劫,,,"robs, robbing, robbed"
中級,robber,noun,搶劫犯,,,robbers
中級,robbery,noun,搶劫,,,robberies
中級,robe,noun,睡袍、禮袍,,,robes
中高級,robin,noun,知更鳥,,,robins
初級,robot,noun,機器人,,,robots
中高級,robust,adj.,強健的、信心十足的,,,
初級,rock,noun,石頭、岩石、搖滾樂,,,rocks
初級,rock,verb,搖晃、震動、跳舞(搖滾樂),,,"rocks, rocking, rocked"
中級,rocket,noun/verb,火箭；快速增長,,,"rockets, rocketing, rocketed"
中高級,rocky,adj.,岩石的；困難的,,,"rockier, rockiest"
中級,rod,noun,竿、棒,,,rods
初級,role,noun,角色,,L1,roles
初級,roll,verb/noun,捲；(一)捲,,,"rolls, rolling, rolled"
中高級,roller,noun,滾筒、捲髮器,,,rollers
初級,roller blade,noun,直排輪鞋,動詞：roller-blade= rollerblade,,roller blades
初級,roller skate,noun,輪式溜冰鞋,動詞：roller-skate,,roller skates
中級,romance,noun/verb,浪漫史；虛構(故事),,,"romances, romancing, romanced"
中級,romantic,adj./noun,浪漫的、愛情的；浪漫的人,,,romantics
初級,roof,noun,屋頂,,,"roofs, rooves"
初級,room,noun,房間,,,rooms
中高級,roommate,noun,室友,= room-mate,,roommates
中級,rooster,noun,公雞,= cock (British English),,roosters
初級,root,noun/verb,根、根源；生根、紥根,,,"roots, rooting, rooted"
初級,rope,noun,繩子,,,ropes
初級,rose,noun,玫瑰,,,roses
中級,rot,verb/noun,腐爛；腐朽,,,"rots, rotting, rotted"
中高級,rotary,adj.,旋轉的,= rotatory,,
中高級,rotate,verb,旋轉、(天體)自轉、輪班,,,"rotates, rotating, rotated"
中高級,rotation,noun,(天體)自轉、輪換,,,rotations
中級,rotten,adj.,腐爛的,,,
中高級,rouge,noun/verb,胭脂、口紅；擦胭脂、塗口紅,,,"rouges, rouging, rouged"
中級,rough,adj./adv./verb,粗糙的、粗略的、粗暴的、艱難的；粗野地、大略地；艱難度日,,,"rougher, roughest, roughs, roughing, roughed"
中級,roughly,adv.,大約、大致、粗暴地,,,
初級,round,adv./prep.,環繞地、周而復始地；圍繞、環繞,,,
初級,round,noun,一輪、一回合,,,rounds
初級,round,adj.,圓形的,,,"rounder, roundest"
中高級,rouse,verb,喚醒、鼓舞,,,"rouses, rousing, roused"
中級,route,noun/verb,路線；按路線發送,,L9,"routes, routing, routed"
中級,routine,noun/adj.,常規；例行公事的,,,routines
中高級,row,noun/verb,吵架、口角；爭吵、吵鬧,,,"rows, rowing, rowed"
初級,row,noun,排、行、列,,,rows
初級,row,verb,划(船),,,"rows, rowing, rowed"
初級,royal,adj.,皇家的,,,
中高級,royalty,noun,王室成員；版稅,,,royalties
初級,rub,verb,摩擦、揉,,,"rubs, rubbing, rubbed"
初級,rubber,adj./noun,橡膠的；橡膠,,,rubbers
中級,rubbish,noun/adj.,垃圾；糟透的,(used mainly in British English),,
中高級,ruby,noun,紅寶石、深紅色,,,rubies
初級,rude,adj.,無禮的,,,"ruder, rudest"
中級,rug,noun,小地毯,,,rugs
中高級,rugby,noun,橄欖球運動,,,rugbies
中高級,rugged,adj.,崎嶇的、粗獷的、耐用的,,,
初級,ruin,noun/verb,廢墟；毀壞,,,"ruins, ruining, ruined"
初級,rule,noun/verb,規則；統治,,,"rules, ruling, ruled"
初級,ruler,noun,尺、統治者,,,rulers
中高級,ruling,adj./noun,統治的、占優勢的；裁決,,,rulings
中高級,rumble,verb/noun,隆隆響、發出低沉聲；轟隆聲,,,"rumbles, rumbling, rumbled"
中級,rumor,noun,謠言,= rumour (British English),,rumors
初級,run,verb/noun,跑、行駛、運轉,,,"runs, running, ran"
中級,runner,noun,跑者,,,runners
中高級,runner-up,noun,亞軍,,,runner-ups
中級,running,adj.,連續的,,,
中高級,run-up,noun,(重要事情的)準備、助跑,,,run-ups
中高級,rupture,noun/verb,破裂；使破裂,,,"ruptures, rupturing, ruptured"
中級,rural,adj.,農村的,,,
初級,rush,verb/noun,趕緊；匆忙,,,"rushes, rushing, rushed"
初級,Russia,noun,俄國,,,
中級,rust,noun/verb,(鐵)銹；生鏽,,,"rusts, rusting, rusted"
中高級,rustle,verb/noun,(使)沙沙作響；窸窣聲,,,"rustles, rustling, rustled"
中高級,rustle,verb,急忙行動,,,"rustles, rustling, rustled"
中級,rusty,adj.,生鏽的,,,"rustier, rustiest"
中高級,ruthless,adj.,殘酷無情的,,,
中級,sack,noun/verb,麻布袋、一袋；解雇,,,"sacks, sacking, sacked"
中高級,sacred,adj.,神聖的、受崇敬的,,,
中級,sacrifice,verb/noun,犧牲、奉獻；獻祭品,,,"sacrifices, sacrificing, sacrificed"
初級,sad,adj.,悲傷的,,,"sadder, saddest"
中級,sadden,verb,使難過,,,"saddens, saddening, saddened"
中高級,saddle,noun/verb,馬鞍；肩負重任,,,"saddles, saddling, saddled"
中高級,safari,noun,(在非洲)遊獵、長途旅行,,,safaris
初級,safe,adj.,安全的,,,"safer, safest"
初級,safe,noun,保險箱、保險櫃,,,safes
中高級,safeguard,verb/noun,保衛；安全措施,,,"safeguards, safeguarding, safeguarded"
初級,safety,noun,安全,,,safeties
初級,sail,verb/noun,航行,,,"sails, sailing, sailed"
初級,sailor,noun,船員、水手,,,sailors
中高級,saint,noun,聖人、聖人般的人,,,saints
中級,sake,noun,緣故、目的,,,sakes
初級,salad,noun,沙拉,,,salads
中級,salary,noun,薪水,,,salaries
初級,sale,noun,賣、出售、銷售,,,sales
初級,salesperson,noun,銷售員,"= salesman, saleswoman",,"salespeople, salespersons"
中高級,salmon,noun,鮭魚,,,salmons
中高級,salon,noun,美髮廳、沙龍,,,salons
中高級,saloon,noun,轎車、酒吧,,,saloons
初級,salt,noun,鹽,,,salts
中級,salty,adj.,含鹽的、鹹的,,,"saltier, saltiest"
中高級,salutation,noun,招呼致意、(信函開頭)稱呼語,,,salutations
中高級,salute,verb/noun,向…行禮；敬禮,,,"salutes, saluting, saluted"
中高級,salvage,verb/noun,搶救、打撈；搶救、廢物利用,,,"salvages, salvaging, salvaged"
中高級,salvation,noun,救贖、救助(的途徑),,,
初級,same,pron./adj.,同樣的人/事物；同樣的,,,
初級,sample,noun/verb,樣本；試用、試吃,,,"samples, sampling, sampled"
中級,sanction,noun/verb,批准、制裁、強硬措施；批准、贊成,,,"sanctions, sanctioning, sanctioned"
中高級,sanctuary,noun,庇護、避難所、禁獵區,,,sanctuaries
初級,sand,noun,沙子,,,
中高級,sandal,noun,涼鞋,,,sandals
初級,sandwich,noun,三明治,,,sandwiches
中高級,sandy,adj.,含沙的、淺棕色的,,,"sandier, sandiest"
中高級,sane,adj.,神智健全的、明智的,,,"saner, sanest"
中高級,sanitation,noun,衛生設備,,,
中級,satellite,noun,衛星、人造衛星,,,satellites
中級,satisfaction,noun,滿意,,,satisfactions
中級,satisfactory,adj.,令人滿意的,,,
中高級,satisfied,adj.,滿意的、信服的,,,
初級,satisfy,verb,使滿意,,,"satisfies, satisfying, satisfied"
中高級,saturate,verb,使濕透、使飽和,,,"saturates, saturating, saturated"
初級,Saturday,noun,星期六,= Sat.,,
中級,sauce,noun,醬汁,,,sauces
初級,saucer,noun,茶碟,,,saucers
中高級,Saudi Arabia,noun,沙烏地阿拉伯,,,
中級,sausage,noun,香腸、臘腸,,,sausages
中高級,savage,adj./noun/verb,兇猛的、野蠻的；野蠻人；猛烈攻擊,,,"savages, savaging, savaged"
初級,save,verb,節省,,,"saves, saving, saved"
中級,saving,noun,節省、存款,,,savings
中級,saw,noun/verb,鋸子；鋸,,,"saws, sawing, sawed, sawn"
初級,say,verb,說,,,"says, saying, said"
中級,saying,noun,諺語、格言,,,sayings
初級,scale,noun,規模、刻度、等級,,,scales
中級,scan,verb/noun,掃描；審視,,,"scans, scanning, scanned"
中高級,scandal,noun,醜聞,,,scandals
中高級,scar,noun/verb,傷疤、創傷；結疤、留下疤痕,,,"scars, scarring, scarred"
中級,scarce,adj.,稀少的、缺乏的,,,"scarcer, scarcest"
中級,scarcely,adv.,幾乎不,,,
中級,scare,verb/noun,驚嚇、嚇跑；驚慌、擔憂,,,"scares, scaring, scared"
中高級,scarecrow,noun,稻草人,,,scarecrows
初級,scarf,noun,圍巾,,,"scarves, scarfs"
中級,scary,adj.,嚇人的,,,"scarier, scariest"
中級,scatter,verb/noun,使分散、消散；散播、少量,,,"scatters, scattering, scattered"
中高級,scattered,adj.,分散的、稀疏的,,,
中高級,scenario,noun,設想的情況、情節,,L9,scenarios
初級,scene,noun,現場、景色,,,scenes
中級,scenery,noun,風景,,,sceneries
中高級,scenic,adj.,風景優美的,,,
中高級,scent,noun/verb,香味；聞到,,,"scents, scenting, scented"
中級,schedule,noun/verb,工作行程、時刻表；安排時間、預定,,L8,"schedules, scheduling, scheduled"
中級,scheme,noun/verb,體制、陰謀；密謀,,L3,"schemes, scheming, schemed"
中級,scholar,noun,學者,,,scholars
中級,scholarship,noun,獎學金,,,scholarships
初級,school,noun,學校,,,schools
中級,schoolmate,noun,學校同學,,,schoolmates
初級,science,noun,科學,,,sciences
中級,scientific,adj.,科學(上)的,,,
初級,scientist,noun,科學家,,,scientists
中級,scissors,noun,剪刀,,,
中級,scold,verb,訓斥、責罵,,,"scolds, scolding, scolded"
中級,scoop,verb/noun,用勺舀、用鏟子鏟；杓子、一勺,,,"scoops, scooping, scooped"
初級,scooter,noun,機車、滑板車,,,scooters
中高級,scope,noun,範圍、能力範圍,,L6,scopes
初級,score,verb/noun,得分；(比賽中的)得分、成績,,,"scores, scoring, scored"
中高級,scorn,noun/verb,輕蔑、鄙視,,,"scorns, scorning, scorned"
中級,scout,noun,童子軍,,,scouts
中高級,scramble,verb/noun,攀爬、爭搶,,,"scrambles, scrambling, scrambled"
中高級,scrap,noun/verb,碎片、廢料；廢棄、取消,,,"scraps, scrapping, scrapped"
中高級,scrape,verb/noun,刮掉、削去、擦傷,,,"scrapes, scraping, scraped"
中級,scratch,verb/noun,搔、抓傷；抓痕、劃傷,,,"scratches, scratching, scratched"
中級,scream,verb/noun,尖叫；尖叫聲,,,"screams, screaming, screamed"
初級,screen,noun,螢幕,,,screens
初級,screen,verb,遮擋、檢查、放映,,,"screens, screening, screened"
中級,screw,verb/noun,用螺絲固定、旋；螺絲,,,"screws, screwing, screwed"
中高級,screwdriver,noun,螺絲起子,,,screwdrivers
中高級,script,noun/verb,劇本、筆跡；為(電影、戲劇等)寫稿,,,"scripts, scripting, scripted"
中高級,scroll,noun/verb,卷軸、捲屏；滾動,,,"scrolls, scrolling, scrolled"
中級,scrub,verb/noun,刷洗,,,"scrubs, scrubbing, scrubbed"
中高級,scrutiny,noun,仔細檢查,,,scrutinies
中高級,sculptor,noun,雕刻家,,,sculptors
中高級,sculpture,verb,雕塑、雕刻,= sculpt,,"sculptures, sculpturing, sculptured"
中級,sculpture,noun,雕刻品、雕刻術,,,sculptures
初級,sea,noun,海洋,,,seas
中級,seafood,noun,海鮮,,,seafoods
中級,seagull,noun,海鷗,= gull,,seagulls
中級,seal,verb/noun,蓋章、密封；印章、封條,,,"seals, sealing, sealed"
中高級,seam,noun,接縫、礦層,,,seams
初級,search,noun/verb,搜尋,,,"searches, searching, searched"
中級,seaside,noun,海邊,,,seasides
中級,season,verb,調味,,,"seasons, seasoning, seasoned"
初級,season,noun,季節,,,seasons
中高級,seasonable,adj.,應時的、合時令的,,,
中高級,seasonal,adj.,季節性的,,,
中高級,seasoned,adj.,經驗老道的、調好味的,,,
中高級,seasoning,noun,調味料,,,seasonings
初級,seat,noun/verb,座位；使就座,,,"seats, seating, seated"
初級,second,noun,第二位；秒,,,seconds
初級,second,adj./adv.,第二的；居第二位,,,
中級,secondary,adj.,次要的,,,
中級,second-hand,adj./adv.,舊的、二手的；二手地、間接地,,,
中高級,secrecy,noun,秘密、保密,,,
初級,secret,adj./noun,秘密的；秘密,,,secrets
初級,secretary,noun,秘書,,,secretaries
中高級,secretary general,noun,秘書長、總幹事,,,secretary generals
初級,section,noun,區、段,,L1,sections
中級,sector,noun,部門、分區,,L1,sectors
中級,secure,verb/adj.,保護、使安全；安心的、安全的,,L2,"secures, securing, secured, securer, securest"
中級,security,noun,安全(工作),,,securities
中高級,seduce,verb,誘惑、誘騙,,,"seduces, seducing, seduced"
中高級,seduction,noun,誘惑、魅力,,,seductions
中高級,seductive,adj.,誘惑的、有魅力的,,,
初級,see,verb,看、拜訪、明白,,,"sees, seeing, saw, seen"
初級,seed,noun,種子,,,seeds
初級,seek,verb,尋找,,L2,"seeks, seeking, sought"
初級,seem,verb,看起來、似乎,,,"seems, seeming, seemed"
中高級,seeming,adj.,看似的、表面上的,,,
初級,seesaw,noun,蹺蹺板,,,seesaws
中高級,segment,noun/verb,部分、分段；分裂、分割,,,"segments, segmenting, segmented"
中高級,segregate,verb,(種族、宗教)隔離,,,"segregates, segregating, segregated"
中高級,segregation,noun,隔離政策,,,segregations
中級,seize,verb,抓住、奪取,,,"seizes, seizing, seized"
初級,seldom,adv.,不常、很少,,,
初級,select,verb,挑選,,L2,"selects, selecting, selected"
中級,selection,noun,挑選,,,selections
中高級,selective,adj.,有選擇的、仔細挑選的,,,
中級,self,noun,自我,,,selves
中高級,self-esteem,noun,自尊心,,,
初級,selfish,adj.,自私的,,,
初級,sell,verb,售出,,,"sells, selling, sold"
初級,semester,noun,學期,,,semesters
中高級,semiconductor,noun,半導體,,,semiconductors
中高級,semi-final,noun,準決賽,,,semi-finals
中高級,seminar,noun,專題討論課、研討會,,,seminars
中高級,senate,noun,參議院,,,senates
中高級,senator,noun,參議員,,,senators
初級,send,verb,寄,,,"sends, sending, sent"
中級,senior,adj./noun,年長的、資深的；較年長者、前輩,,,seniors
初級,senior high school,noun,高中、高級中學,,,senior high schools
中高級,sensation,noun,感覺、知覺；轟動,,,sensations
中高級,sensational,adj.,聳動的、煽情的,,,
初級,sense,noun/verb,感官、觀念、意義；意識到、感覺到,,,"senses, sensing, sensed"
中級,sensible,adj.,明理的、理智的,,,
中級,sensitive,adj.,敏感的、靈敏的,,,
中高級,sensitivity,noun,體貼、敏感,,,sensitivities
中級,sentence,noun/verb,句子、判決；宣判,,,"sentences, sentencing, sentenced"
中高級,sentiment,noun,情操、多愁善感,,,sentiments
中高級,sentimental,adj.,情感的、多愁善感的,,,
初級,separate,adj./verb,分開的；分開,,,"separates, separating, separated"
中級,separation,noun,分離、分隔,,,separations
中高級,separatism,noun,分離主義、獨立主義,,,
中高級,separatist,adj./noun,分離主義的；獨立主義者,,,separatists
初級,September,noun,九月,= Sept.,,
中高級,sequence,noun,一系列、次序,,L3,sequences
中高級,serene,adj.,平靜的、安詳的,,,
中高級,serenity,noun,平靜、安詳,,,
中高級,sergeant,noun,軍士、中士、巡佐,,,sergeants
中高級,serial,noun/adj.,連續劇；連續的,,,serials
中級,series,noun,系列、連續,,L4,
初級,serious,adj.,嚴重的,,,
中高級,seriously,adv.,嚴重地、說實在地,,,
中高級,sermon,noun,佈道,,,sermons
初級,servant,noun,僕人,,,servants
初級,serve,verb,服務,,,"serves, serving, served"
中高級,server,noun,侍者、服務生,,,servers
初級,service,noun,服務,,,services
中高級,serviceman,noun,軍人,,,servicemen
中高級,servicewoman,noun,女軍人、女兵,,,servicewomen
中高級,serving,noun,(一份)食物,,,servings
中級,session,noun,一節(課程)、會議、開庭,,,sessions
初級,set,verb,放、裝設,,,"sets, setting"
初級,set,adj.,準備好的,,,
初級,set,noun,一套(組、副),,,sets
中高級,setback,noun,阻礙、障礙,,,setbacks
中高級,setting,noun,情節背景；(儀器)調節,,,settings
中級,settle,verb,解決、決定、安頓,,,"settles, settling, settled"
中高級,settled,adj.,穩定的、安定的,,,
中級,settlement,noun,協議、解決,,,settlements
中級,settler,noun,移民,,,settlers
中級,setup,noun,組織、結構,,,setups
初級,seven,number/pron./noun/adj.,七,,,sevens
初級,seventeen,number/pron./noun/adj.,十七,,,seventeens
初級,seventy,number/pron./noun/adj.,七十,,,seventies
初級,several,adj./pron.,一些的；幾個,,,
中級,severe,adj.,嚴重的、嚴厲的,,,"severer, severest"
中級,sew,verb,縫、縫補,,,"sews, sewing, sewed, sewn"
中高級,sewer,noun,汙水管、下水道,,,sewers
中級,sex,noun,性別、性,,L3,sexes
中級,sexual,adj.,性的、性別的,,,
中高級,sexuality,noun,性徵、性慾、性行為,,,sexualities
中級,sexy,adj.,性感迷人的,,,"sexier, sexiest"
中高級,shabby,adj.,破舊的、不公正的,,,"shabbier, shabbiest"
中級,shade,noun/verb,蔭、陰影；遮擋(光線)、畫陰影,,,"shades, shading, shaded"
中級,shadow,noun/verb,影子；遮蔽、跟蹤,,,"shadows, shadowing, shadowed"
中級,shady,adj.,多蔭的、陰暗的,,,"shadier, shadiest"
中高級,shaft,noun/verb,井狀通道、一束(光)；虧待,,,"shafts, shafting, shafted"
初級,shake,verb/noun,搖動、握手；搖動,,,"shakes, shaking, shook, shaken"
初級,shall,aux.,將,,,
中級,shallow,adj.,淺的、膚淺的,,,"shallower, shallowest"
中級,shame,noun/verb,羞愧、遺憾；使感到羞恥,,,"shames, shaming, shamed"
中級,shameful,adj.,可恥的、丟臉的,,,
中級,shampoo,noun/verb,洗髮精；用洗髮精洗(頭髮),,,"shampoos, shampooing, shampooed"
初級,shape,noun,形狀,,,shapes
中高級,shape,verb,塑造,,,"shapes, shaping, shaped"
初級,share,noun,股票、部分,,,shares
初級,share,verb,分享、分擔,,,"shares, sharing, shared"
中高級,shareholder,noun,股東,,,shareholders
初級,shark,noun,鯊魚,,,sharks
初級,sharp,adj.,銳利的,,,"sharper, sharpest"
中級,sharpen,verb,使鋒利、加劇、提高,,,"sharpens, sharpening, sharpened"
中高級,shatter,verb,破碎、粉碎,,,"shatters, shattering, shattered"
中級,shave,verb,剃、刮毛髮,,,"shaves, shaving, shaved"
中級,shaver,noun,刮鬍刀,,,shavers
初級,she,pron.,她,,,
中高級,shear,verb/noun,剪羊毛；(修剪枝葉用)大剪刀,,,"shears, shearing, sheared, shorn"
中高級,shed,noun/verb,棚子；擺脫、使落下,,,"sheds, shedding"
初級,sheep,noun,綿羊,,,
中高級,sheer,adj./adv./verb,(強調數量或大小)完全的、陡峭的；(強調數量或大小)完全地、陡峭地；突然轉向,,,"sheerer, sheerest, sheers, sheering, sheered"
初級,sheet,noun,床單、一張,,,sheets
初級,shelf,noun,架子,,,shelves
中級,shell,noun,殼、殼狀物,,,shells
中級,shelter,noun/verb,避難所、遮蔽處；躲避、保護、遮蔽,,,"shelters, sheltering, sheltered"
中級,shepherd,noun/verb,牧羊人；牧羊、帶領,,,"shepherds, shepherding, shepherded"
中高級,sheriff,noun,郡保安官,,,sheriffs
中高級,sherry,noun,雪利酒,,,sherries
中高級,shield,noun/verb,盾牌；保護,,,"shields, shielding, shielded"
中級,shift,verb/noun,變換、輪班；轉移、變換,,L3,"shifts, shifting, shifted"
中高級,shilling,noun,先令,,,shillings
初級,shine,verb,照亮,,,"shines, shining, shone, shined"
中級,shining,adj.,發光的；明亮而快樂的；出色的,,,
中級,shiny,adj.,光亮的,,,"shinier, shiniest"
初級,ship,noun,(航海的)大船、艦,,,ships
初級,ship,verb,用船運、運送,,,"ships, shipping, shipped"
中高級,shipment,noun,運輸、運輸的貨物,,,shipments
中高級,shipping,noun,運輸、船運,,,shippings
初級,shirt,noun,襯衫,,,shirts
中高級,shiver,verb/noun,顫抖；哆嗦,,,"shivers, shivering, shivered"
初級,shock,noun/verb,震驚；使驚訝,,,"shocks, shocking, shocked"
初級,shoe,noun,鞋,,,shoes
初級,shoot,verb/noun,發射、投籃；發射、射擊,,,"shoots, shooting, shot"
中高級,shooting,noun,槍擊、(電影)拍攝,,,shootings
初級,shop,noun,店舖,= store 商店,,shops
初級,shop,verb,買、購物,,,"shops, shopping, shopped"
中級,shopkeeper,noun,商店老闆,,,shopkeepers
中高級,shoplift,verb,在商店順手牽羊,,,"shoplifts, shoplifting, shoplifted"
初級,shore,noun,岸,,,shores
初級,short,adj.,矮的、短的、缺乏的,,,"shorter, shortest"
中級,shortage,noun,缺少、不足,,,shortages
中級,shortcoming,noun,缺點,,,shortcomings
中級,shortcut,noun,捷徑,,,shortcuts
中級,shorten,verb,縮短,,,"shortens, shortening, shortened"
中級,shortly,adv.,不久、立刻,,,
中級,shorts,noun,短褲,,,
中級,short-sighted,adj.,近視的、目光短淺的,,,
中級,short-term,adj.,短期的、近期的,,,
初級,shot,noun,射擊、(藥品)一次注射量,,,shots
初級,should,aux.,應該,,,
初級,shoulder,noun,肩膀,,,shoulders
初級,shout,verb/noun,大聲說、吼叫；喊叫聲,,,"shouts, shouting, shouted"
中高級,shove,verb/noun,推擠、亂放、挪動身體；推,,,"shoves, shoving, shoved"
中級,shovel,noun/verb,鏟子；鏟,,,"shovels, shoveling, shovelling, shoveled, shovelled"
初級,show,verb/noun,給…看；展覽,,,"shows, showing, showed, shown"
初級,shower,noun/verb,淋浴；(下)陣雨,,,"showers, showering, showered"
中高級,shred,verb/noun,撕碎；碎片,,,"shreds, shredding, shredded"
中高級,shrewd,adj.,精明的、高明的,,,"shrewder, shrewdest"
中高級,shriek,verb/noun,尖叫；尖叫聲,,,"shrieks, shrieking, shrieked"
初級,shrimp,noun,蝦子,,,shrimps
中高級,shrine,noun,聖地、神廟,,,shrines
中級,shrink,verb/noun,縮小、減少；畏縮,,,"shrinks, shrinking, shrank, shrunk, shrunken"
中高級,shrub,noun,灌木,,,shrubs
中級,shrug,verb/noun,聳肩,,,"shrugs, shrugging, shrugged"
中高級,shudder,verb/noun,發抖、劇烈震動,,,"shudders, shuddering, shuddered"
中高級,shuffle,verb/noun,拖著腳走；洗牌,,,"shuffles, shuffling, shuffled"
中高級,shun,verb,避開、迴避,,,"shuns, shunning, shunned"
初級,shut,verb,關上、打烊,,,"shuts, shutting"
中高級,shutter,noun,百葉窗；相機快門,,,shutters
中高級,shutter,verb,關上...的百葉窗或快門；停止營業,,,"shutters, shuttering, shuttered"
中級,shuttle,noun/verb,航班、班車、梭；(頻繁)往返,,,"shuttles, shuttling, shuttled"
初級,shy,adj.,害羞的,,,"shyer, shyest"
中高級,sibling,noun,兄弟姊妹,,,siblings
初級,sick,adj.,生病的、噁心的,,,"sicker, sickest"
中級,sickness,noun,疾病,,,sicknesses
初級,side,noun,邊、側,,,sides
中高級,side effect,noun,副作用,,,side effects
初級,sidewalk,noun,人行道,= pavement (British English),,sidewalks
中高級,sideways,adv./adj.,橫斜地、橫向一邊地；橫斜的、橫向一邊的,,,
中高級,siege,noun,圍城、封鎖,,,sieges
中級,sigh,verb/noun,嘆息,,,"sighs, sighing, sighed"
初級,sight,noun,視力、視線,,,sights
中級,sightseeing,noun,觀光、遊覽,,,sightseeings
初級,sign,verb,簽名、簽約,,,"signs, signing, signed"
初級,sign,noun,徵兆、標示,,,signs
中級,signal,noun/verb,信號；發信號,,,"signals, signaling, signalling, signaled, signalled"
中級,signal,adj,顯著的、非凡的,,,
中級,signature,noun,簽名,,,signatures
中級,significance,noun,重要性、意義,,,significances
中級,significant,adj.,顯著的、有重大意義的,,L1,
中高級,signify,verb,意味著、表示,,,"signifies, signifying, signified"
初級,silence,noun,沉默、安靜,,,silences
初級,silent,adj.,安靜的,,,
中高級,silicon,noun,矽,,,
中級,silk,noun,絲(稠)、絲織品,,,silks
中高級,silkworm,noun,蠶,,,silkworms
初級,silly,adj.,愚蠢的,,,"sillier, silliest"
初級,silver,noun/adj.,銀；銀質的、銀色的,,,
初級,similar,adj.,類似的,,L1,
中級,similarity,noun,相似(處),,,similarities
中高級,simmer,verb/noun,充滿(怒氣)、用文火燉煮；(情緒)快要爆發、快沸騰的狀態,,,"simmers, simmering, simmered"
初級,simple,adj.,簡單的,,,"simpler, simplest"
中高級,simplicity,noun,簡單、質樸,,,simplicities
中級,simplify,verb,簡化,,,"simplifies, simplifying, simplified"
初級,simply,adv.,只是、簡單地,,,
中高級,simulate,verb,假裝、冒充、模擬,,L7,"simulates, simulating, simulated"
中高級,simulation,noun,模擬、冒充,,,simulations
中高級,simultaneous,adj.,同時的、同步的,,,
中級,sin,noun/verb,罪(惡)、過失；犯過失,,,"sins, sinning, sinned"
初級,since,conj./prep./adv.,從...以來；自從；從此、此後,,,
初級,sincere,adj.,真誠的,,,"sincerer, sincerest"
中高級,sincerity,noun,真誠、誠懇,,,
初級,sing,verb,唱(歌),,,"sings, singing, sang, sung"
初級,Singapore,noun,新加坡,,,
初級,singer,noun,歌手,,,singers
初級,single,adj./noun,單一的、單身的；未婚者、單曲(唱片),,,singles
中級,singular,adj.,單數的,,,
中高級,sinister,adj.,邪惡的、不祥的,,,
初級,sink,noun,水槽,,,sinks
初級,sink,verb,下沉,,,"sinks, sinking, sank, sunk"
中級,sip,verb/noun,啜飲；一小口,,,"sips, sipping, sipped"
初級,sir,noun,先生,,,sirs
初級,sister,noun,姐妹,,,sisters
初級,sit,verb,坐,,,"sits, sitting, sat"
中高級,sit-down,noun,坐下休息,,,sit-downs
中高級,sit-down,adj.,坐在餐桌前的、靜坐抗議的,,,
中級,site,noun,位址、網站,,L2,sites
中高級,sit-in,noun,靜坐示威、靜坐罷工,,,sit-ins
中高級,situated,adj.,坐落於...的、處於…境地的,,,
中級,situation,noun,情況、形勢,,,situations
初級,six,number/pron./noun/adj.,六,,,sixes
初級,sixteen,number/pron./noun/adj.,十六,,,sixteens
初級,sixty,number/pron./noun/adj.,六十,,,sixties
初級,size,noun,尺寸,,,sizes
初級,skate,noun/verb,冰鞋；溜冰,,,"skates, skating, skated"
中高級,skeleton,noun/adj.,骨架、骨骼標本；只有輪廓的,,,skeletons
中高級,skeptical,adj.,懷疑的,"= sceptical (British English), skeptic, sceptic",,
中級,sketch,noun/verb,素描、概述,,,"sketches, sketching, sketched"
初級,ski,noun/verb,滑雪板；滑雪,,,"skis, skiis, skiing, skied, ski'd"
初級,skill,noun,技術,,,skills
中高級,skilled,adj.,有技能的、熟練的,,,
初級,skillful,adj.,有技術的,= skilful (British English),,
中級,skim,verb/noun,撇去、掠過、瀏覽,,,"skims, skimming, skimmed"
初級,skin,noun,皮膚,,,skins
初級,skinny,adj.,很瘦的,,,"skinnier, skinniest"
中級,skip,verb,蹦蹦跳跳；略過,,,"skips, skipping, skipped"
中級,skip,noun,跳、蹦；省略,,,skips
中高級,skipper,noun/verb,(小船)船長、(運動隊)隊長；當隊長,,,"skippers, skippering, skippered"
中高級,skirt,verb,環繞…的四週、避開(話題),,,"skirts, skirting, skirted"
初級,skirt,noun,裙子,,,skirts
中高級,skull,noun,頭蓋骨、腦筋,,,skulls
初級,sky,noun,天空,,,skies
中級,skyscraper,noun,摩天大樓,,,skyscrapers
中高級,slack,adj.,鬆弛的、蕭條的、懈怠的,,,"slacker, slackest"
中高級,slack,verb,放鬆、變鬆弛、減緩,,,"slacks, slacking, slacked"
中高級,slack,noun,(繩索等的)鬆弛部分、蕭條期、懈怠,,,
中高級,slam,verb/noun,砰然關上、使勁擲於；猛關或猛撞(的聲音),,,"slams, slamming, slammed"
中級,slang,noun,俚語,,,
中高級,slap,verb/noun,拍、掌摑；輕拍、(一記)耳光,,,"slaps, slapping, slapped"
中高級,slap,adv.,正好、恰好,,,
中高級,slash,verb/noun,砍、劈、大幅削減；砍、劈、長而窄的切口,,,"slashes, slashing, slashed"
中高級,slate,noun,石板,,,slates
中高級,slate,verb,預定；(在報紙評論中)抨擊,,,"slates, slating, slated"
中高級,slaughter,verb/noun,屠宰、殺戮,,,"slaughters, slaughtering, slaughtered"
中級,slave,noun/verb,奴隸；拼命工作,,,"slaves, slaving, slaved"
中級,slavery,noun,奴隸制,,,
中高級,slay,verb,殺死、殘害、謀殺,,,"slays, slaying, slew, slain"
中高級,sled,noun/verb,雪橇；乘雪橇,= sledge (British English),,"sleds, sledding, sledded"
初級,sleep,verb/noun,睡覺；睡覺、睡眠,,,"sleeps, sleeping, slept"
初級,sleepy,adj.,想睡的,,,"sleepier, sleepiest"
中級,sleeve,noun,袖子,,,sleeves
中高級,sleigh,noun/verb,(馬拉的)雪橇；乘雪橇,,,"sleighs, sleighing, sleighed"
初級,slender,adj.,苗條的,,,"slenderer, slenderest"
中級,slice,noun/verb,(薄)片；切、切成薄片,,,"slices, slicing, sliced"
中高級,slick,noun,水面浮油,,,slicks
中高級,slick,verb,使光滑平整,,,"slicks, slicking, slicked"
中高級,slick,adj/adv,光滑的、熟練的、巧妙的；熟練地、靈巧地,,,"slicker, slickest"
初級,slide,verb/noun,滑動；滑梯,,,"slides, sliding, slid"
中級,slight,adj./verb/noun,輕微的；輕視、冷落,,,"slighter, slightest, slights, slighting, slighted"
初級,slim,adj.,苗條的,,,"slimmer, slimmest"
初級,slip,verb/noun,滑動、滑跤,,,"slips, slipping, slipped"
初級,slipper,noun,拖鞋,,,slippers
中級,slippery,adj.,滑的,,,
中高級,slit,verb/noun,在…直直畫一刀、切開；狹長的切口,,,"slits, slitting"
中級,slogan,noun,標語,,,slogans
中級,slope,noun/verb,斜坡；傾斜,,,"slopes, sloping, sloped"
中高級,sloppy,adj.,馬虎的、凌亂的,,,"sloppier, sloppiest"
中高級,slot,noun,狹縫；(自動販賣機等的)投幣口；(計畫表中的)時間,,,slots
中高級,slot,verb,在...上開狹長的孔；投放、插入；為...安排時間,,,"slots, slotting, slotted"
初級,slow,adj./verb/adv.,慢的；減慢；緩慢地,,,"slower, slowest, slows, slowing, slowed"
中高級,slum,noun/verb,平民窟；過簡樸生活,,,"slums, slumming, slummed"
中高級,slump,noun,驟降、衰退,,,slumps
中高級,slump,verb,驟降、衰退、重重地坐下,,,"slumps, slumping, slumped"
中高級,sly,adj.,狡詐的、詭祕的,,,"slier, sliest"
中高級,smack,verb/noun/adv.,掌摑、打；打巴掌；砰然作響地、不偏不倚地,,,"smacks, smacking, smacked"
初級,small,adj.,小的,,,"smaller, smallest"
中高級,smallpox,noun,天花,,,
初級,smart,adj.,聰明的,,,"smarter, smartest"
中高級,smash,verb/noun,打碎、猛烈碰撞；破碎,,,"smashes, smashing, smashed"
初級,smell,noun/verb,氣味；聞,,,"smells, smelling, smelled, smelt"
初級,smile,verb/noun,微笑；笑容,,,"smiles, smiling, smiled"
中級,smog,noun,煙霧(污染物),,,smogs
初級,smoke,noun/verb,煙；抽菸、冒煙,,,"smokes, smoking, smoked"
中級,smoky,adj.,冒煙的、煙霧瀰漫的,,,"smokier, smokiest"
中級,smooth,adj./verb,平整的、平滑的；使平整、使平滑,,,"smoother, smoothest, smooths, smoothes, smoothing, smoothed"
中高級,smother,verb,悶死,,,"smothers, smothering, smothered"
中高級,smuggle,verb,走私、偷運,,,"smuggles, smuggling, smuggled"
初級,snack,noun/verb,點心；吃點心,,,"snacks, snacking, snacked"
初級,snail,noun,蝸牛,,,snails
初級,snake,noun,蛇,,,snakes
中級,snap,verb,突然折斷；(門等)突然關上；拍快照；突然發作(尤指動怒),,,"snaps, snapping, snapped"
中級,snap,noun,突然折斷(或闔上)的聲音、喀嚓聲,,,snaps
中級,snap,adj,匆忙的、不加思索的,,,
中高級,snare,noun/verb,陷阱、騙局；設陷阱,,,"snares, snaring, snared"
中高級,snarl,verb,齜牙低吼、咆哮；把...纏作一團,,,"snarls, snarling, snarled"
中高級,snarl,noun,齜牙低吼、咆哮；毛髮糾結、混亂,,,snarls
中高級,snatch,verb/noun,奪去、搶走；抓、奪,,,"snatches, snatching, snatched"
中級,sneak,verb,偷溜、偷偷地做,,,"sneaks, sneaking, sneaked"
初級,sneaker,noun,球鞋,,,sneakers
初級,sneaky,adj.,偷偷摸摸的,,,"sneakier, sneakiest"
中高級,sneer,noun/verb,嘲笑、譏笑,,,"sneers, sneering, sneered"
中級,sneeze,verb/noun,打噴嚏；打噴嚏聲,,,"sneezes, sneezing, sneezed"
中高級,sniff,verb/noun,嗅、聞；嗅、聞、吸氣聲,,,"sniffs, sniffing, sniffed"
中高級,snore,noun/verb,打呼聲；打呼,,,"snores, snoring, snored"
中高級,snorkel,verb/noun,潛水；潛水用呼吸管,,,"snorkels, snorkeling, snorkelling, snorkeled, snorkelled"
中高級,snort,noun/verb,鼻息聲、哼聲；從鼻中噴氣作聲,,,"snorts, snorting, snorted"
初級,snow,noun/verb,雪；下雪,,,"snows, snowing, snowed"
中級,snowman,noun,雪人,,,snowmen
初級,snowy,adj.,多雪的,,,"snowier, snowiest"
初級,so,adv.,如此,,,
初級,so,conj.,所以,,,
中高級,soak,verb/noun,浸泡、使濕透；浸泡,,,"soaks, soaking, soaked"
初級,soap,noun/verb,肥皂；抹肥皂,,,"soaps, soaping, soaped"
中高級,soar,verb,急升、高飛,,,"soars, soaring, soared"
中級,sob,verb/noun,嗚咽、啜泣；啜泣(聲),,,"sobs, sobbing, sobbed"
中高級,sober,adj./verb,未醉的、冷靜的；使冷靜、使清醒,,,"soberer, soberest, sobers, sobering, sobered"
中高級,so-called,adj.,所謂的,,L10,
初級,soccer,noun,足球,,,
中級,sociable,adj.,好交際的、友善的,,,
初級,social,adj.,社會的,,,
中高級,socialism,noun,社會主義,,,
中高級,socialist,adj./noun,社會主義(相關)的；社會主義者,,,socialists
中高級,socialize,verb,交際、使適應社會,= socialise,,"socializes, socializing, socialized"
初級,society,noun,社會,,,societies
中高級,sociology,noun,社會學,,,sociologies
中級,socket,noun,插座,,,sockets
初級,sock,noun,襪子,,,socks
初級,soda,noun,蘇打、汽水,,,sodas
中高級,sodium,noun,鈉,,,sodiums
初級,sofa,noun,沙發,,,sofas
初級,soft,adj.,軟的,,,"softer, softest"
初級,soft drink,noun,(不含酒精的)軟性飲料,,,soft drinks
中級,softball,noun,壘球,,,softballs
中高級,soften,verb,軟化、變溫和,,,"softens, softening, softened"
中級,software,noun,軟體,,,softwares
中級,soil,noun,土壤,,,soils
中級,soil,verb,弄髒,,,"soils, soiling, soiled"
中級,solar,adj.,太陽(能)的,,,
初級,soldier,noun,軍人,,,soldiers
中高級,sole,adj.,唯一的,,L7,
中高級,sole,noun/verb,腳底、鞋底；給(鞋)換底,,L7,"soles, soling, soled"
中高級,solemn,adj.,莊重的、嚴肅的,,,
中高級,solicitor,noun,(市鎮)法務官、訴狀律師,,,solicitors
中級,solid,adj./noun,固體的、實心的、堅固的；固體,,,solids
中高級,solidarity,noun,團結、相互支持,,,solidarities
中高級,solitary,adj./noun,獨自的、獨處的；隱士,,,solitaries
中高級,solitude,noun,獨處、獨居,,,solitudes
中高級,solo,noun/adj./adv.,單人表演；獨自的；獨自地,,,"solos, soli"
中高級,soluble,adj.,可溶的、可解決的,,,
初級,solution,noun,解答,,,solutions
初級,solve,verb,解決,,,"solves, solving, solved"
初級,some,pron./determiner,有些；一些,,,
初級,somebody,pron.,某人,= someone,,
中高級,someday,adv.,有朝一日、將來,,,
中級,somehow,adv.,不知怎麼的、以某種方式,,,
初級,someone,pron.,某人,= somebody,,
初級,something,pron.,某個東西,,,
中級,sometime,adv./adj.,在某時；從前的、一度的,,,
初級,sometimes,adv.,有時候,,,
中級,somewhat,adv.,有點、稍微,,L7,
初級,somewhere,adv.,在某處,,,
初級,son,noun,兒子,,,sons
初級,song,noun,歌曲,,,songs
初級,soon,adv.,不久、很快地、快、早,,,"sooner, soonest"
中高級,soothe,verb,安慰、緩解,,,"soothes, soothing, soothed"
中高級,sophisticated,adj.,見多識廣的、精密的,,,
中高級,sophomore,noun,(大學、中學)二年級學生,,,sophomores
初級,sore,adj./noun,痛的；痛處、瘡,,,"sorer, sorest, sores"
中級,sorrow,noun,悲傷,,,sorrows
中高級,sorrowful,adj.,悲傷的、悲痛的,,,
初級,sorry,adj,對不起,,,"sorrier, sorriest"
初級,sort,noun,種類,,,sorts
初級,sort,verb,分類,,,"sorts, sorting, sorted"
初級,soul,noun,靈魂,,,souls
中級,sound,adj.,健康的、狀況良好的,,,"sounder, soundest"
初級,sound,noun/verb,聲音；聽起來,,,"sounds, sounding, sounded"
中高級,soundtrack,noun,(電影)配樂、原聲帶,,,soundtracks
初級,soup,noun,湯,,,soups
初級,sour,adj.,酸的,,,"sourer, sourest"
初級,source,noun,來源,,L1,sources
初級,south,noun/adv./adj.,南方；在南方；南方的,,,
中級,south-east,noun/adv./adj.,東南方；在東南方；東南方的,,,south-easts
初級,southern,adj.,南方(人)的,,,
中級,south-west,noun/adv./adj.,西南方；在西南方；西南方的,,,
中級,souvenir,noun,紀念品,,,souvenirs
中高級,sovereign,adj./noun,有主權的；君主、元首,,,sovereigns
中高級,sovereignty,noun,主權、獨立自主,,,
中級,sow,verb,播種、散佈,,,"sows, sowing, sowed, sown"
初級,soy sauce,noun,醬油,,,soy sauces
中級,soybean,noun,黃豆,= soya bean= soy,,soybeans
初級,space,noun,空間,,,spaces
中級,spacecraft,noun,太空船,= spaceship,,spacecrafts
中高級,spacious,adj.,(房間)寬敞的,,,
中級,spade,noun,鏟子,,,spades
初級,spaghetti,noun,義大利麵,,,
中高級,span,noun/verb,一段時間、跨度；橫跨、持續,,,"spans, spanning, spanned"
中級,spare,adj./noun,備用的；備用品,,,"sparer, sparest, spares"
中級,spare,verb,剩下、(尤指在自己困難的情況下)抽出,,,"spares, sparing, spared"
中級,spark,noun/verb,火花；觸發,,,"sparks, sparking, sparked"
中級,sparkle,verb/noun,閃耀、閃爍；閃耀、閃爍、火花,,,"sparkles, sparkling, sparkled"
中級,sparrow,noun,麻雀,,,sparrows
中高級,spatial,adj.,空間的,,,
初級,speak,verb,講,,,"speaks, speaking, spoke, spoken"
初級,speaker,noun,發言人,,,speakers
中級,spear,noun/verb,矛；用尖物刺穿,,,"spears, spearing, speared"
初級,special,adj./noun,特別的；特製菜餚、特別節目,,,specials
中高級,specialist,noun,專家、專科醫師,,,specialists
中高級,specialize,verb,專攻、專門研究,= specialise (British English),,"specializes, specializing, specialized"
中級,specialized,adj.,專用的、專門的、專業的,,,
中高級,specially,adv.,專門地、特意,= especially,,
中高級,specialty,noun,地方特產、專長,= speciality (British English),,specialties
中級,species,noun,物種,,,
中級,specific,adj.,特定的、明確的,,L1,
中高級,specification,noun,規格、規範,,,specifications
中高級,specify,verb,具體說明、明確規定,,L3,"specifies, specifying, specified"
中高級,specimen,noun,樣品、標本、檢體,,,specimens
中高級,spectacle,noun,精彩的表演、壯觀的景象、眼鏡(複數),,,spectacles
中高級,spectacular,adj./noun,壯觀的、壯麗的；精彩的表演,,,spectaculars
中級,spectator,noun,觀眾,,,spectators
中高級,spectrum,noun,光譜、頻譜、範圍,,,"spectrums, spectra"
中高級,speculate,verb,推測、投機,,,"speculates, speculating, speculated"
中高級,speculation,noun,推測、投機買賣,,,speculations
初級,speech,noun,演說,,,speeches
初級,speed,noun/verb,速度；加速,,,"speeds, speeding, sped, speeded"
中級,spell,noun,咒語,,,spells
初級,spell,verb,拼字,,,"spells, spelling, spelled, spelt"
初級,spelling,noun,拼寫,,,spellings
初級,spend,verb,度過,,,"spends, spending, spent"
中高級,sperm,noun,精子、精液,,,sperms
中高級,sphere,noun,(幾何學)球體、範圍、領域,,L9,spheres
中級,spice,noun/verb,香料、趣味；加香料、增添趣味,,,"spices, spicing, spiced"
中級,spicy,adj.,辛辣的、加有香料的,,,"spicier, spiciest"
初級,spider,noun,蜘蛛,,,spiders
中高級,spike,noun,尖刺、釘鞋；(通常指在下跌前)非常高的數量,,,spikes
中高級,spike,verb,用尖物刺入；上升至非常高的數量,,,"spikes, spiking, spiked"
中級,spill,verb/noun,灑出、溢出；泄漏(量),,,"spills, spilling, spilled, spilt"
中級,spin,verb,旋轉；紡紗；(蠶、蜘蛛等)吐(絲)、結(網),,,"spins, spinning, spun"
中級,spin,noun,旋轉,,,spins
中級,spinach,noun,菠菜,,,
中高級,spine,noun,脊椎、刺、書背,,,spines
中高級,spiral,noun/adj./verb,螺旋；螺旋的；螺旋式上升(下降)、急劇增長,,,"spirals, spiraling, spiralling, spiraled, spiralled"
中高級,spire,noun,(教堂)尖塔、尖頂,,,spires
初級,spirit,noun,精神,,,spirits
中級,spiritual,adj.,心靈的、精神的,,,
中級,spit,verb/noun,吐(口水等)；唾液,,,"spits, spitting, spat, spitted"
中級,spite,noun,惡意、怨恨,,,
中級,splash,verb/noun,潑濺；潑濺聲,,,"splashes, splashing, splashed"
中級,splendid,adj.,燦爛的、極佳的,,,
中高級,splendor,noun,壯麗、華麗,= splendour (British English),,splendors
中級,split,verb/noun/adj.,分攤、分裂；分裂；分裂的,,,"splits, splitting"
中級,spoil,verb/noun,破壞、寵壞；戰利品,,,"spoils, spoiling, spoiled, spoilt"
中高級,spokesperson,noun,發言人,"= spokesman, spokeswoman",,spokespersons
中高級,sponge,noun/verb,海綿；用海綿(濕布)清洗,,,"sponges, sponging, sponged"
中級,sponsor,verb/noun,贊助；贊助者,,,"sponsors, sponsoring, sponsored"
中高級,sponsorship,noun,資助、贊助款,,,
中高級,spontaneous,adj.,自發的、自然的,,,
初級,spoon,noun,湯匙,,,spoons
初級,sport,noun,運動,,,sports
中高級,sporting,adj.,體育運動的、有運動員風範的,,,
中級,sportsmanship,noun,運動精神,,,
中級,sportsperson,noun,運動員,"= sportsman, sportswoman",,sportspersons
中級,spot,noun,斑點、地點,,,spots
中級,spot,verb,看出、注意到,,,"spots, spotting, spotted"
中高級,spotlight,noun/verb,聚光燈、(大眾的)注目；特別關注,,,"spotlights, spotlighting, spotlighted"
中高級,spouse,noun,配偶,,,spouses
中高級,sprain,verb/noun,扭傷,,,"sprains, spraining, sprained"
中高級,sprawl,verb/noun,(伸開四肢)躺臥、蔓延；隨意擴展,,,"sprawls, sprawling, sprawled"
中級,spray,noun/verb,水花、噴霧；噴灑,,,"sprays, spraying, sprayed"
初級,spread,verb/noun,延伸；散布,,,"spreads, spreading"
中高級,spring,verb,跳躍起、反彈、湧出,,,"springs, springing, sprang, sprung"
初級,spring,noun,春天、泉水,,,springs
中級,sprinkle,verb/noun,撒上,,,"sprinkles, sprinkling, sprinkled"
中高級,sprint,noun/verb,短跑；全速衝刺,,,"sprints, sprinting, sprinted"
中高級,spur,verb/noun,激勵鼓舞；馬刺、靴刺,,,"spurs, spurring, spurred"
中級,spy,noun/verb,間諜；當間諜、暗中監視,,,"spies, spying, spied"
中高級,squad,noun,(軍警)班、小組、(運動)代表隊,,,squads
初級,square,noun/adj.,正方形、廣場；正方形的,,,"squares, squarer, squarest"
中高級,squash,verb/noun,壓扁、塞入；壁球,,,"squashes, squashing, squashed"
中高級,squat,verb/adj./noun,蹲坐、占用(房子、地方)；矮胖的；蹲坐、偷住的房子,,,"squats, squatting, squatted"
中級,squeeze,verb/noun,榨、擠,,,"squeezes, squeezing, squeezed"
中級,squirrel,noun,松鼠,,,squirrels
中級,stab,verb/noun,(用刀)捅、刺,,,"stabs, stabbing, stabbed"
中高級,stability,noun,穩定(性),,,stabilities
中高級,stabilize,verb,穩定、穩固,,,"stabilizes, stabilizing, stabilized"
中級,stable,adj.,穩定的、牢固的,,L5,"stabler, stablest"
中級,stable,noun,馬廄,,L5,stables
中高級,stack,noun/verb,一疊、大量；堆疊,,,"stacks, stacking, stacked"
中級,stadium,noun,體育場,,,"stadiums, stadia"
中級,staff,noun/verb,全體員工；成為員工、(為機構)提供人員,,,"staffs, staves, staffing, staffed"
初級,stage,noun,舞台,,,stages
中高級,stagger,verb/noun,踉蹌、使動搖、使震驚；蹣跚,,,"staggers, staggering, staggered"
中高級,stain,noun/verb,汙漬；給…染色,,,"stains, staining, stained"
中高級,stainless,adj.,無汙點的、不生鏽的,,,
中級,staircase,noun,樓梯,,,staircases
初級,stair,noun,樓梯,,,stairs
中級,stake,noun/verb,樁、股份、風險；打賭,,,"stakes, staking, staked"
中高級,stale,adj./verb,不新鮮的、陳腐的；變不新鮮,,,"staler, stalest, stales, staling, staled"
中高級,stalk,noun,葉柄、花梗、莖,,,stalks
中高級,stalk,verb,跟蹤、潛近,,,"stalks, stalking, stalked"
中高級,stall,noun,貨攤、馬廄、牛棚,,,stalls
中高級,stall,verb,熄火、拋錨、拖延時間,,,"stalls, stalling, stalled"
中高級,stammer,verb/noun,口吃、結巴,,,"stammers, stammering, stammered"
初級,stamp,noun/verb,郵票、戳章；貼郵票、踩,,,"stamps, stamping, stamped"
中高級,stance,noun,立場、站姿,,,stances
初級,stand,verb/noun,站立、忍受；站立,,,"stands, standing, stood"
初級,standard,noun/adj.,標準；標準的,,,standards
中高級,standpoint,noun,立場、觀點,,,standpoints
中高級,stand-up,adj./noun,直立的；(喜劇)單口表演,,,stand-ups
中高級,stanza,noun,(詩的)節、段,,,stanzas
中高級,staple,noun/verb,釘書針；用釘書針裝釘,,,"staples, stapling, stapled"
中高級,staple,adj.,基本的、主要的,,,
中高級,stapler,noun,釘書機,,,staplers
初級,star,noun/verb,星星、明星；主演、擔任主角,,,"stars, starring, starred"
中高級,starch,noun/verb,澱粉；(衣服)上漿,,,"starches, starching, starched"
中級,stare,verb/noun,盯著看；凝視,,,"stares, staring, stared"
中高級,stark,adj./adv.,嚴酷的、鮮明的、赤裸的；完全地,,,"starker, starkest"
初級,start,verb/noun,開始；開始、開端,,,"starts, starting, started"
中高級,starter,noun,開胃菜、起跑者、起步階段,,,starters
中高級,startle,verb,使驚嚇,,,"startles, startling, startled"
中級,starvation,noun,飢餓、餓死,,,starvations
中級,starve,verb,捱餓、餓死,,,"starves, starving, starved"
中級,state,noun,州、國家；狀態,,,states
中級,state,adj.,國家的、州的,,,
中級,state,verb,陳述、說明、宣布,,,"states, stating, stated"
中級,statement,noun,說法、聲明,,,statements
中高級,statesman,noun,政治家,,,statesmen
中高級,stateswoman,noun,女政治家,,,stateswomans
中高級,static,noun,靜電、靜力學,,,
中高級,static,adj.,靜止的、靜力的,,,
初級,station,noun,車站、(提供服務或進行某工作的)站、電視台,,,stations
中高級,station,verb,駐紮、部署、配置,,,"stations, stationing, stationed"
中高級,stationary,adj.,靜止的、穩定的,,,
初級,stationery,noun,文具,,,
中高級,statistic,noun,統計數字、統計資料,,L4,statistics
中高級,statistical,adj.,統計分析的,,L4,
中高級,statistician,noun,統計學家,,,statisticians
中高級,statistics,noun,統計資料、統計學,,,
中級,statue,noun,雕像,,,statues
中高級,stature,noun,聲望、身高,,,statures
中級,status,noun,地位、狀況,,L4,statuses
中高級,statutory,adj.,法定的,,,
初級,stay,verb/noun,停留；停留時間,,,"stays, staying, stayed"
中級,steady,adj./verb,穩固的、不變的；使穩固、穩定,,,"steadier, steadiest, steadies, steadying, steadied"
初級,steak,noun,牛排,,,steaks
初級,steal,verb,偷,,,"steals, stealing, stole, stolen"
初級,steam,noun/verb,蒸汽；蒸(食物),,,"steams, steaming, steamed"
中高級,steamer,noun,汽船、蒸鍋,,,steamers
中級,steel,noun/adj.,鋼、鋼鐵業；鋼的、鋼鐵業的,,,
中級,steel,verb,鋼化、給...包上鋼；使堅強、下決心應付,,,"steels, steeling, steeled"
中高級,steep,verb,浸泡,,,"steeps, steeping, steeped"
中級,steep,adj.,陡峭的,,,"steeper, steepest"
中級,steer,verb/noun,駕駛、引導,,,"steers, steering, steered"
中級,stem,verb,起源於,,,"stems, stemming, stemmed"
中級,stem,noun,莖、梗、樹幹、(工具的)柄,,,stems
初級,step,noun/verb,步伐；踏,,,"steps, stepping, stepped"
中高級,stepchild,noun,繼子、繼女,,,stepchildren
中級,stepfather,noun,繼父,,,stepfathers
中級,stepmother,noun,繼母,,,stepmothers
中級,stereo,adj./noun,立體聲的、立體音響的；立體聲、立體音響,,,stereos
中高級,stereotype,noun/verb,刻版印象；使…成為定型,,,"stereotypes, stereotyping, stereotyped"
中高級,sterling,noun,英鎊,,,
中高級,sterling,adj.,優秀的,,,
中高級,stern,noun,船尾,,,sterns
中高級,stern,adj.,嚴厲的、嚴峻的,,,"sterner, sternest"
中高級,stew,verb/noun,燉、思考、擔憂；燉菜,,,"stews, stewing, stewed"
中高級,steward,noun,(飛機輪船等)服務員、統籌人,= stewardess = attendant,,stewards
初級,stick,verb,插入、黏貼,,,"sticks, sticking, stuck"
初級,stick,noun,枝條、木棍、拐杖,,,sticks
中級,sticky,adj.,黏的,,,"stickier, stickiest"
中級,stiff,adj./adv.,硬的、僵硬的；硬地、僵硬地,,,"stiffer, stiffest"
中級,still,adj.,靜止的、不動的,,,"stiller, stillest"
中高級,still,noun,(電影)劇照；(釀酒用的)蒸餾器,,,stills
初級,still,adv.,仍然、更加,,,
中級,stimulate,verb,刺激、激發,,,"stimulates, stimulating, stimulated"
中高級,stimulating,adj.,有啟發性的、能激發靈感的,,,
中高級,stimulation,noun,刺激、促進,,,stimulations
中高級,stimulus,noun,刺激、刺激物,,,stimuli
中級,sting,verb/noun,螫、刺；刺傷,,,"stings, stung"
初級,stingy,adj.,吝嗇的,,,"stingier, stingiest"
中高級,stink,verb/noun,發出異味、令人厭惡；惡臭,,,"stinks, stinking, stank, stunk"
中級,stir,verb/noun,攪動、攪拌、激起、喚醒,,,"stirs, stirring, stirred"
中級,stitch,noun/verb,縫、縫線；縫補,,,"stitches, stitching, stitched"
中級,stock,verb,貯存、庫存,,,"stocks, stocking, stocked"
中級,stock,noun,貯存、存貨；股票,,,stocks
中級,stock,adj.,庫存的、現有的；陳腐的、平凡的,,,
中級,stocking,noun,長襪,,,stockings
初級,stomach,noun,胃,= tummy,,stomachs
初級,stomachache,noun,腹痛,,,stomachaches
初級,stone,noun,石頭,,,stones
中級,stool,noun,凳子,,,stools
中高級,stoop,verb/noun,俯身、彎腰；駝背,,,"stoops, stooping, stooped"
初級,stop,verb/noun,停止、阻止；短暫停留、(尤指公車)站,,,"stops, stopping, stopped"
中高級,storage,noun,儲藏(空間)、保管,,,storages
初級,store,noun,商店,,,stores
初級,store,verb,貯藏,,,"stores, storing, stored"
中級,storey,noun,樓層,= story (American English),,storeys
初級,storm,noun,暴風雨,,,storms
初級,stormy,adj.,暴風雨的,,,"stormier, stormiest"
初級,story,noun,故事；樓層,樓層= floor,,stories
中級,storyteller,noun,說故事者,,,storytellers
中高級,stout,adj.,粗壯結實的、勇敢的、頑強的,,,"stouter, stoutest"
初級,stove,noun,爐子,,,stoves
初級,straight,adv./adj.,直地、筆直地；直的、筆直的,,,"straighter, straightest"
中高級,straighten,verb,使變直、挺直,,,"straightens, straightening, straightened"
中高級,straightforward,adj.,簡單易懂的、坦誠的,,L10,
中高級,strain,noun/verb,壓力、拉傷、品種；拉傷、盡力,,,"strains, straining, strained"
中高級,strained,adj.,緊張的、不自然的,,,
中高級,strait,noun,海峽、(經濟)困境,,,straits
初級,strange,adj.,奇妙的、陌生的,,,"stranger, strangest"
初級,stranger,noun,陌生人,,,strangers
中高級,strangle,verb,勒死、壓制,,,"strangles, strangling, strangled"
中高級,strap,noun/verb,帶子；用帶子繫好,,,"straps, strapping, strapped"
中高級,strategic,adj.,戰略性的,,L2,
中級,strategy,noun,策略、戰略,,L2,strategies
初級,straw,noun,稻草；吸管,,,straws
初級,strawberry,noun,草莓,,,strawberries
中高級,stray,verb/adj./noun,迷路、離題；走失的；走失的家畜,,,"strays, straying, strayed"
中高級,streak,noun,條紋；(負面)性格,,,streaks
中高級,streak,verb,使佈滿條紋；飛奔,,,"streaks, streaking, streaked"
初級,stream,noun,溪,,,streams
初級,street,noun,街,,,streets
中級,strength,noun,體力、力氣,,,strengths
中級,strengthen,verb,增強、鞏固,,,"strengthens, strengthening, strengthened"
初級,stress,verb,強調、著重,,L4,"stresses, stressing, stressed"
初級,stress,noun,壓力,,L4,stresses
中級,stretch,verb/noun,拉長、伸展；一段,,,"stretches, stretching, stretched"
中級,strict,adj.,嚴格的,,,"stricter, strictest"
中高級,stride,verb/noun,大步走；大步、進步,,,"strides, striding, strode, stridden"
初級,strike,verb/noun,打、擊、罷工；打擊、罷工,,,"strikes, striking, struck, stricken"
中高級,striker,noun,罷工者、(足球)前鋒,,,strikers
中高級,striking,adj.,醒目的、顯著的、標致的,,,
中級,string,noun/verb,細繩、線；懸掛、串在一起,,,"strings, stringing, strung"
中級,strip,noun,條、帶,,,strips
中級,strip,verb,剝去、脫光衣服,,,"strips, stripping, stripped"
中高級,stripe,noun,條紋、線條,,,stripes
中級,strive,verb,努力、奮鬥,,,"strives, striving, strove, strived, striven"
中級,stroke,noun/verb,中風、游泳姿勢；輕撫,,,"strokes, stroking, stroked"
中高級,stroll,verb/noun,散步、閒逛,,,"strolls, strolling, strolled"
初級,strong,adj.,強勁的,,,"stronger, strongest"
中高級,structural,adj.,結構上的,,,
中級,structure,noun/verb,結構、建築物；構成、組織,,L1,"structures, structuring, structured"
初級,struggle,noun/verb,努力；努力、掙扎,,,"struggles, struggling, struggled"
中級,stubborn,adj.,固執的,,,
中高級,stuck,adj.,卡住、困於,,,
初級,student,noun,學生,,,students
中級,studio,noun,錄音室、電影公司、工作室,,,studios
初級,study,noun/verb,研究、調查；學習、研讀,,,"studies, studying, studied"
中級,stuff,noun,物品、東西、材料,,,
中級,stuff,verb,裝、填、塞、把...裝滿、塞進,,,"stuffs, stuffing, stuffed"
中高級,stumble,noun,絆倒、失足；錯誤,,,stumbles
中高級,stumble,verb,摔倒；犯錯；結巴地說；偶然遇到,,,"stumbles, stumbling, stumbled"
中高級,stump,noun,(樹倒或被砍後遺留下的)殘幹、殘肢、(鉛筆)頭、(菸)蒂,,,stumps
中高級,stump,verb,砍去...的樹幹；笨重地行走；遊說,,,"stumps, stumping, stumped"
中高級,stun,verb,使昏迷、使震驚,,,"stuns, stunning, stunned"
中高級,stunning,adj.,極有魅力的、令人印象深刻的,,,
中高級,stunt,noun,特技表演、噱頭,,,stunts
中高級,stunt,verb,阻礙發展、遏制,,,"stunts, stunting, stunted"
初級,stupid,adj.,愚笨的,,,"stupider, stupidest"
中高級,sturdy,adj.,堅固的、強壯的、堅決的,,,"sturdier, sturdiest"
中高級,stutter,verb/noun,口吃、結巴,,,"stutters, stuttering, stuttered"
初級,style,noun,風格,,L5,styles
中高級,stylish,adj.,時髦的、高雅的,,,
中高級,stylistic,adj.,風格上的、文體上的,,,
中高級,sub,noun,替補隊員、代理人、會費,,,subs
中高級,sub,verb,臨時代替他人做...,,,"subs, subbing, subbed"
中級,subject,adj./verb,易受...的、隸屬的、取決於；使順從、使遭受,,,"subjects, subjecting, subjected"
初級,subject,noun,主題、科目、主詞,,,subjects
中高級,subjective,adj.,主觀的、主語的,,,
中級,submarine,noun/adj.,潛水艇；海底的,,,submarines
中高級,submerge,verb,潛入水中、淹沒、掩蓋(情感),,,"submerges, submerging, submerged"
中高級,submersion,noun,潛入水中、淹沒,,,submersions
中高級,submit,verb,提交、屈服,,L7,"submits, submitting, submitted"
中高級,subordinate,noun/adj./verb,部屬；從屬的；置於次要地位,,L9,"subordinates, subordinating, subordinated"
中高級,subscribe,verb,定期訂閱、訂購、申請,,,"subscribes, subscribing, subscribed"
中高級,subscription,noun,訂閱(報刊)、捐款,,,subscriptions
中高級,subsequent,adj.,隨後的、後來的,,L4,
中高級,subsidiary,noun/adj.,子公司；輔助的,,L6,subsidiaries
中高級,subsidize,verb,補助、發津貼,,,"subsidizes, subsidizing, subsidized"
中高級,subsidy,noun,補貼、補助金,,L6,subsidies
中級,substance,noun,物質、本質,,,substances
中高級,substantial,adj.,大量的、重大的、堅固的,,,
中高級,substantially,adv.,非常、大體上,,,
中級,substitute,noun/verb,代替的人(物)；代替,,L5,"substitutes, substituting, substituted"
中高級,substitution,noun,代理、代用、候補者,,,substitutions
中高級,subtle,adj.,不易察覺的、巧妙的,,,"subtler, subtlest"
中高級,subtlety,noun,巧妙、微妙之處,,,subtleties
中級,subtract,verb,減去,,,"subtracts, subtracting, subtracted"
中級,suburb,noun,郊區,,,suburbs
中高級,suburban,adj.,郊區的、呆板的,,,
初級,subway,noun,地下鐵,"= underground, tube (British English), MRT, metro",,subways
初級,succeed,verb,成功,,,"succeeds, succeeding, succeeded"
初級,success,noun,成功,,,successes
初級,successful,adj.,成功的,,,
中高級,succession,noun,連續、繼承,,L7,successions
中高級,successive,adj.,連續的、相繼的,,,
中高級,successor,noun,繼任者、接替的事物,,L7,successors
初級,such,adj./pron.,如此的；這樣的人(或事物),,,
中級,suck,verb,吸吮,,,"sucks, sucking, sucked"
初級,sudden,adj./noun,突然的；突然發生的事,,,suddens
中高級,sue,verb,控告、提起告訴,,,"sues, suing, sued"
中級,suffer,verb,遭受、受苦,,,"suffers, suffering, suffered"
中級,suffering,noun,痛苦、磨難,,,sufferings
中級,sufficient,adj.,充足的、足夠的,,L3,
中高級,suffocate,verb,窒息、悶死,,,"suffocates, suffocating, suffocated"
初級,sugar,noun,糖,,,sugars
初級,suggest,verb,建議,,,"suggests, suggesting, suggested"
中級,suggestion,noun,建議,,,suggestions
中級,suicide,noun,自殺,,,suicides
初級,suit,noun,西裝,,,suits
初級,suit,verb,適合、相配,,,"suits, suiting, suited"
中級,suitable,adj.,適宜的,,,
中級,suitcase,noun,手提箱,,,suitcases
中高級,suite,noun,套房、一套傢具、組曲,,,suites
中高級,sulfur,noun,硫磺,= sulphur (British English),,sulfurs
中級,sum,noun/verb,總和；共計、總結,,L4,"sums, summing, summed"
中級,summarize,verb,摘要,,,"summarizes, summarizing, summarized"
中級,summary,noun,概要、總結,,L4,summaries
初級,summer,noun,夏天,,,summers
中級,summit,noun,山峰、頂峰,,,summits
中高級,summon,verb,傳喚出庭、召喚,,,"summons, summoning, summoned"
初級,sun,noun,太陽,,,suns
中級,sunbathe,verb,日光浴,,,"sunbathes, sunbathing, sunbathed"
初級,Sunday,noun,星期天,= Sun.,,
中級,sunlight,noun,日光,,,sunlights
初級,sunny,adj.,陽光普照的,,,"sunnier, sunniest"
中級,sunrise,noun,日出,,,sunrises
中級,sunset,noun,日落,,,sunsets
中高級,sunshine,noun,陽光、歡樂,,,
初級,super,adj./adv.,極好的；非常地、尤其地,,,
中級,superb,adj.,極佳的,,,
中高級,superficial,adj.,膚淺的、表面的,,,
中高級,superintendent,noun,監管人、大樓管理員,,,superintendents
中級,superior,adj./noun,較高的、較優秀的；上級,,,superiors
中高級,superiority,noun,優越性、優勢,,,superiorities
初級,supermarket,noun,超級市場,,,supermarkets
中高級,superpower,noun,超級大國,,,superpowers
中高級,supersonic,adj.,超音速的,,,
中高級,superstition,noun,迷信、迷信觀念,,,superstitions
中高級,superstitious,adj.,迷信的、有迷信觀念的,,,
中高級,supervise,verb,監督、管理,,,"supervises, supervising, supervised"
中高級,supervision,noun,監督、管理,,,supervisions
中級,supervisor,noun,主管人、指導者,,,supervisors
初級,supper,noun,晚餐,= dinner,,suppers
中高級,supplement,verb/noun,補充、添加；添加物,,L9,"supplements, supplementing, supplemented"
中高級,supplementary,adj.,補充的,,L9,
中高級,supplier,noun,供貨商、供應者,,,suppliers
初級,supply,noun/verb,供應品；供應、供給,,,"supplies, supplying, supplied"
初級,support,noun/verb,支持；支持、支援,,,"supports, supporting, supported"
中級,supporter,noun,支持者,,,supporters
中高級,supportive,adj.,支持的、鼓勵的,,,
中級,suppose,verb,認為、應當,,,"supposes, supposing, supposed"
中高級,suppress,verb,鎮壓、抑制,,,"suppresses, suppressing, suppressed"
中級,supreme,adj.,最高的、最大的,,,
初級,sure,adj.,確定的,,,"surer, surest"
初級,sure,adv.,當然,,,
中級,surely,adv.,一定、想必,,,
初級,surf,noun/verb,浪花；衝浪,,,"surfs, surfing, surfed"
初級,surface,noun,表面,,,surfaces
中高級,surge,noun,大浪、波濤；(海浪的)洶湧、奔騰,,,surges
中高級,surge,verb,(數量)激增、(人群)蜂擁而入；(海浪)洶湧、奔騰,,,"surges, surging, surged"
中級,surgeon,noun,外科醫生,,,surgeons
中級,surgery,noun,外科手術,,,surgeries
中高級,surgical,adj.,外科的、外科手術的,,,
中高級,surpass,verb,超過、勝過,,,"surpasses, surpassing, surpassed"
中高級,surplus,noun/adj.,盈餘；剩餘的,,,surpluses
初級,surprise,noun/verb,驚喜；使驚訝,,,"surprises, surprising, surprised"
中級,surrender,verb/noun,投降、放棄,,,"surrenders, surrendering, surrendered"
中級,surround,verb/noun,圍繞、圍住,,,"surrounds, surrounding, surrounded"
中級,surroundings,noun,周圍事物、環境,,,
中高級,surveillance,noun,監視、看守、監督,,,surveillances
中級,survey,noun/verb,(民意)調查；查看、審視,,L2,"surveys, surveying, surveyed"
中級,survival,noun,生存、存活,,L7,survivals
初級,survive,verb,存活,,L7,"survives, surviving, survived"
中級,survivor,noun,倖存者、生還者,,,survivors
中高級,susceptible,adj.,敏感的、容許…的,,,
中級,suspect,verb/noun/adj.,懷疑；嫌疑犯；可疑的,,,"suspects, suspecting, suspected"
中級,suspend,verb,懸掛、中止、暫時取消,,L9,"suspends, suspending, suspended"
中高級,suspense,noun,不確定的狀態、懸疑,,,
中級,suspension,noun,暫停、停學(職),,,suspensions
中級,suspicion,noun,懷疑,,,suspicions
中級,suspicious,adj.,(令人)懷疑的,,,
中高級,sustain,verb,維持、遭受,,L5,"sustains, sustaining, sustained"
中高級,sustainable,adj.,可持續的；能長期保持的,,,
中級,swallow,verb/noun,吞嚥、吞沒；一口的量,,,"swallows, swallowing, swallowed"
初級,swallow,noun,燕子,,,swallows
中高級,swamp,noun,淹沒、應接不暇,,,swamps
中高級,swamp,verb,沼澤,,,"swamps, swamping, swamped"
初級,swan,noun,天鵝,,,swans
中高級,swap,verb/noun,交換；交換物,,,"swaps, swapping, swapped"
中高級,swarm,noun,(昆蟲等的)群、蜂群、一大批,,,swarms
中高級,swarm,verb,蜂擁、成群結隊地移動,,,"swarms, swarming, swarmed"
中高級,sway,verb/noun,使搖擺、動搖、說服；搖擺、支配,,,"sways, swaying, swayed"
中級,swear,verb,發誓、罵髒話,,,"swears, swearing, swore, sworn"
中級,sweat,noun/verb,汗；流汗,,,"sweats, sweating, sweated"
初級,sweater,noun,毛衣,,,sweaters
初級,sweep,verb,掃,,,"sweeps, sweeping, swept"
初級,sweet,adj./noun,甜(蜜)的；甜食,noun = candy,,"sweeter, sweetest, sweets"
中級,swell,verb/noun,腫脹、增大、隆起；腫脹、增大、隆起處,,,"swells, swelling, swelled, swollen"
中級,swift,adj.,迅速的、敏捷的,,,"swifter, swiftest"
初級,swim,verb,游泳,,,"swims, swimming, swam, swum"
初級,swimsuit,noun,泳衣,,,swimsuits
初級,swing,verb/noun,擺動、搖晃；鞦韆,,,"swings, swinging, swung"
中級,switch,verb/noun,改變、交換；開關、改變,,,"switches, switching, switched"
中高級,swollen,adj.,膨脹的、腫大的,,,
中級,sword,noun,劍,,,swords
中級,syllable,noun,音節,,,syllables
中高級,syllabus,noun,教學大綱,,,"syllabuses, syllabi"
初級,symbol,noun,標誌、符號,,L5,symbols
中高級,symbolic,adj.,象徵性的、作為象徵的,= symbolical,L5,
中高級,symbolism,noun,象徵主義、象徵手法,,,symbolisms
中級,symbolize,verb,象徵、代表,,,"symbolizes, symbolizing, symbolized"
中高級,symmetrical,adj.,對稱的,,,
中高級,symmetry,noun,對稱、相等,,,symmetries
中級,sympathetic,adj.,有同情心的、支持的,,,
中級,sympathize,verb,同情、支持,,,"sympathizes, sympathizing, sympathized"
中級,sympathy,noun,同情心、支持,,,sympathies
中級,symphony,noun,交響樂,,,symphonies
中高級,symposium,noun,研討會、座談會,,,"symposiums, symposia"
中級,symptom,noun,症狀,,,symptoms
中高級,syndicate,noun/verb,財團；組成企業聯盟,,,"syndicates, syndicating, syndicated"
中高級,syndrome,noun,綜合症狀、典型表現,,,syndromes
中高級,synonym,noun,同義詞,,,synonyms
中高級,synonymous,adj.,同義的、等同於的,,,
中高級,syntactic,adj.,句法上的,,,
中高級,syntax,noun,句法、語構,,,syntaxes
中高級,synthesis,noun,綜合、合成,,,syntheses
中高級,synthetic,adj./noun,人造的、合成的；合成物、合成纖維,,,synthetics
中級,syrup,noun,糖漿,,,syrups
初級,system,noun,系統,,,systems
中級,systematic,adj.,有系統的,,,
初級,table,noun,桌子,,,tables
初級,table tennis,noun,乒乓球運動,= ping-pong,,
中級,tablecloth,noun,桌巾,,,tablecloths
中高級,tablespoon,noun,餐匙,,,tablespoons
中級,tablet,noun,藥片、平板電腦,,,tablets
中高級,tableware,noun,餐具,,,
中高級,tabloid,noun,通俗小報,,,tabloids
中高級,taboo,noun,禁忌、避諱,,,taboos
中級,tack,noun/verb,圖釘；(用釘)釘住,,,"tacks, tacking, tacked"
中高級,tackle,verb,著手對付(或處理)、與...交涉；(美式足球中)擒抱阻截,,,"tackles, tackling, tackled"
中高級,tackle,noun,(美式足球中的)擒抱阻截,,,tackles
中高級,taco,noun,墨西哥煎玉米粉捲,,,tacos
中高級,tact,noun,老練、圓通、機智,,,
中高級,tactic,noun,策略、手段,,,tactics
中高級,tactical,adj.,策略上的、戰術上的,,,
中高級,tactics,noun,戰術、兵法,,,tacticses
中級,tag,noun/verb,標籤；加標籤、附加,,,"tags, tagging, tagged"
初級,Taichung,noun,台中,,,
初級,tail,noun,尾巴,,,tails
中級,tailor,noun/verb,裁縫師；專門訂做,,,"tailors, tailoring, tailored"
中高級,tailor-made,adj.,特製的、訂做的,,,
初級,Tainan,noun,台南,,,
初級,Taiwan,noun,臺灣,,,
初級,Taiwanese,adj./noun,臺灣(人)的；臺灣人,,,
初級,take,verb,搭、帶、做,,,"takes, taking, took, taken"
中高級,takeaway,noun,外賣餐館,"= carryout, takeout",,takeaways
中高級,takeover,noun,收購、接管,,,takeovers
中級,tale,noun,故事,,,tales
初級,talent,noun,才能、天份,,,talents
初級,talk,verb/noun,談話；交談,,,"talks, talking, talked"
初級,talkative,adj.,健談的,,,
初級,tall,adj.,高的,,,"taller, tallest"
中高級,tally,noun/verb,記錄；吻合、相符,,,"tallies, tallying, tallied"
中級,tame,adj./verb,馴服的；馴服,,,"tamer, tamest, tames, taming, tamed"
中高級,tan,noun/verb,棕褐色、皮膚經日曬而成的褐色；曬黑,,,"tans, tanning, tanned"
初級,tangerine,noun,橘子,,,tangerines
中高級,tangle,noun/verb,糾結；纏結成一團,,,"tangles, tangling, tangled"
中高級,tango,noun,(跳)探戈舞,,,tangos
初級,tank,noun,箱、槽、櫃、(盛放液體或氣體的)容器,,,tanks
中高級,tanker,noun,油罐車、油槽車,,,tankers
中級,tap,verb,輕拍、輕敲,,,"taps, tapping, tapped"
中級,tap,noun,輕叩；(水)龍頭,,,taps
初級,tape,noun/verb,膠帶、磁帶、錄音帶；用膠帶固定、錄音,,L6,"tapes, taping, taped"
中高級,tar,noun/verb,瀝青、尼古丁；用柏油鋪,,,"tars, taring, tared"
中高級,tardy,adj.,遲緩的、遲到的,,,"tardier, tardiest"
初級,target,noun/verb,目標；當作目標,,L5,"targets, targeting, targetting, targeted, targetted"
中高級,tariff,noun,關稅、價目表,,,tariffs
中高級,tart,noun,水果餡餅,,,tarts
初級,task,noun,任務,,L3,tasks
初級,taste,noun/verb,味道、品味；嚐,,,"tastes, tasting, tasted"
中高級,tasteful,adj.,有審美眼光的、高雅的,,,
中高級,tasteless,adj.,無味的、粗俗的,,,
中級,tasty,adj.,可口的,,,"tastier, tastiest"
中高級,tattoo,noun,刺青,,,tattoos
中高級,taunt,noun/verb,嘲笑的言詞；嘲笑、奚落,,,"taunts, taunting, taunted"
中高級,tavern,noun,酒館、小旅店、客棧,,,taverns
中級,tax,noun/verb,稅；課稅,,,"taxes, taxing, taxed"
中高級,taxation,noun,稅金、稅制、課稅,,,
中高級,tax-free,adj.,免稅的,,,"tax-freeer, tax-freeest"
初級,taxi,noun,計程車,"= taxicab, cab",,"taxis, taxies"
中高級,taxpayer,noun,納稅人,,,taxpayers
初級,tea,noun,茶,,,teas
初級,teach,verb,教導,,,"teaches, teaching, taught"
初級,teacher,noun,老師,,,teachers
初級,Teacher's Day,noun,教師節,,,
初級,team,noun,小組,,L9,teams
中高級,teammate,noun,隊友,,,teammates
中高級,teamwork,noun,聯合作業、協調合作,,,
初級,teapot,noun,茶壺,,,teapots
初級,tear,noun,眼淚,,,tears
初級,tear,verb,撕破,,,"tears, tearing, tore, teared, torn"
中級,tease,verb/noun,取笑、逗弄,,,"teases, teasing, teased"
中高級,teaspoon,noun,茶匙,,,teaspoons
中級,technical,adj.,技術的、專門的,,L3,
中級,technician,noun,技術人員,,,technicians
中級,technique,noun,技巧、工藝,,L3,techniques
中級,technological,adj.,科技的,,L3,
中級,technology,noun,科技,,L3,technologies
中高級,tedious,adj.,冗長的、單調乏味的、囉嗦的,,,
中級,teen,noun/adj.,青少年；十幾歲的,,,teens
中級,teenage,adj.,十幾歲的,,,
初級,teenager,noun,青少年,,,teenagers
中高級,teens,noun,十幾歲、青少年們,,,teenses
中高級,telecommunication,noun,電信、電訊,,,telecommunications
初級,telephone,noun/verb,電話；打電話,= phone,,"telephones, telephoning, telephoned"
中級,telescope,noun,望遠鏡,,,telescopes
中級,televise,verb,電視播送,,,"televises, televising, televised"
初級,television,noun,電視,= TV,,televisions
初級,tell,verb,告訴,,,"tells, telling, told"
中高級,teller,noun,出納員、提款機、敘述者,,,tellers
中級,temper,noun,脾氣、怒氣,,,tempers
中級,temper,verb,使緩和,,,"tempers, tempering, tempered"
中高級,temperament,noun,氣質、性情,,,temperaments
初級,temperature,noun,氣溫,,,temperatures
中高級,tempest,noun,暴風雨、暴風雪,,,tempests
初級,temple,noun,廟,,,temples
中高級,tempo,noun,節奏、速度,,,"tempos, tempi"
中級,temporary,adj.,暫時的,,L9,
中高級,tempt,verb,引誘、誘惑、勸誘,,,"tempts, tempting, tempted"
中高級,temptation,noun,引誘、誘惑,,,temptations
初級,ten,number/pron./noun/adj.,十,,,tens
中級,tenant,noun,房客、租戶,,,tenants
中級,tend,verb,傾向、往往會,,,"tends, tending, tended"
中級,tendency,noun,傾向、趨勢,,,tendencies
中級,tender,adj.,嫩的、溫柔的,,,"tenderer, tenderest"
初級,tennis,noun,網球,,,
中級,tense,adj./verb,繃緊的、緊張的；繃緊,,L8,"tenser, tensest, tenses, tensing, tensed"
中級,tension,noun,繃緊、緊張,,,tensions
初級,tent,noun,帳篷,,,tents
中高級,tentative,adj.,暫定的、不確定的、猶豫不定的,,,
初級,term,noun,詞語、期間,,,terms
初級,term,verb,稱為,,,"terms, terming, termed"
中級,terminal,noun/adj.,終點、(航空或交通運輸的)終站；終點的、末期的,,L8,terminals
中高級,terminate,verb,結束、終止,,L8,"terminates, terminating, terminated"
中高級,termination,noun,結束、終止,,,terminations
中高級,terminology,noun,術語、專門用語,,,terminologies
中高級,termite,noun,白蟻,,,termites
中高級,terrace,noun,露天平台、階梯看台、梯田,,,terraces
中高級,terrain,noun,地勢、地形,,,terrains
中高級,terrestrial,adj.,陸棲的、地球上的,,,
初級,terrible,adj.,糟糕的,,,
初級,terrific,adj.,非常好的、可怕的,,,
中級,terrify,verb,使恐懼,,,"terrifies, terrifying, terrified"
中高級,territorial,adj./noun,陸地的、陸生的；陸地生物,,,territorials
中級,territory,noun,領土,,,territories
中級,terror,noun,恐懼、恐怖,,,terrors
中高級,terrorism,noun,恐怖主義,,,
中高級,terrorist,noun,恐怖份子、恐怖主義者,,,terrorists
中高級,tertiary,adj.,第三的、第三級的,,,
初級,test,noun/verb,測驗；測試,,,"tests, testing, tested"
中高級,testament,noun,證據、證明,,,testaments
中高級,testify,verb,作證、成為證據,,,"testifies, testifying, testified"
中高級,testimony,noun,證據、口供,,,testimonies
中級,text,noun,正文、文本,,L2,texts
初級,textbook,noun,教科書,,,textbooks
中高級,textile,noun,紡織品,,,textiles
中高級,textual,adj.,文本的,,,
中高級,texture,noun,質地、口感,,,textures
初級,than,conj./prep.,比,,,
初級,thank,verb/noun,感謝；謝謝,,,"thanks, thanking, thanked"
中級,thankful,adj.,感謝的,,,
初級,Thanksgiving,noun,感恩節,= Thanksgiving Day,,
初級,that,conj.,引導子句,,,
初級,that,pron./adj.,那個；那,,,
初級,that,adv.,那麼、那樣,,,
初級,the,art.,這、那,,,
初級,theater,noun,電影院,= theatre (British English),,theaters
中高級,theatrical,adj.,戲劇的、誇張的,,,
中級,theft,noun,偷竊,,,thefts
初級,their,determiner,他們的,,,
中級,theirs,pron.,他們的,,,
初級,them,pron.,他們,,,
中級,theme,noun,主題,,L8,themes
初級,themselves,pron.,他們自己,,,
初級,then,adv./adj.,然後、那時候；在那時的,,,
中高級,theoretical,adj.,理論上的,,L1,
中級,theory,noun,學說、理論、看法,,L1,theories
中高級,therapist,noun,治療師,,,therapists
中級,therapy,noun,療法,,,therapies
初級,there,adv./noun,在那裡；那裡,,,theres
中高級,thereafter,adv.,此後、以後,,,
中高級,thereby,adv.,因此、從而,,L8,
初級,therefore,adv.,因此,,,
中高級,thermal,adj./noun,熱量的、保暖的；上升暖氣流,,,thermals
中高級,thermometer,noun,溫度計、體溫計,,,thermometers
中高級,thermos,noun,保溫瓶,,,thermoses
中高級,thesaurus,noun,同義詞詞典,,,"thesauruses, thesauri"
初級,these,pron./adj.,這些；這些的,,,
中高級,thesis,noun,學位論文,,L7,theses
初級,they,pron.,他們,,,
初級,thick,adj.,厚的,,,"thicker, thickest"
中高級,thicken,verb,變厚、變濃、變稠,,,"thickens, thickening, thickened"
中高級,thickness,noun,厚、厚度,,,thicknesses
初級,thief,noun,竊賊,,,thieves
中高級,thigh,noun,大腿,,,thighs
初級,thin,adj.,瘦的,,,"thinner, thinnest"
初級,thing,noun,東西、物品,,,things
初級,think,verb,想,,,"thinks, thinking, thought"
中級,thinking,noun/adj.,思想、思考；有思考力的,,,thinkings
初級,third,adj./adv./noun,第三的；居第三位；第三位,,,thirds
中級,thirst,noun/verb,口渴、渴望,,,"thirsts, thirsting, thirsted"
初級,thirsty,adj.,口渴的,,,"thirstier, thirstiest"
初級,thirteen,number/pron./noun/adj.,十三,,,thirteens
初級,thirty,number/pron./noun/adj.,三十,,,thirties
初級,this,pron./adj.,這個；這,,,
初級,this,adv.,這麼、這樣,,,
中高級,thorn,noun,(植物)刺、荊棘,,,thorns
中高級,thorny,adj.,棘手的、引起爭議的、多刺的,,,"thornier, thorniest"
中級,thorough,adj.,徹底的,,,
初級,those,pron./adj.,那些；那些的,,,
初級,though,conj./adv.,雖然；還是,,,
初級,thought,noun,想法,,,thoughts
中級,thoughtful,adj.,體貼的、深思熟慮的,,,
初級,thousand,number/pron./noun/adj.,千,,,thousands
中級,thread,noun/verb,線、一絲；穿針線,,,"threads, threading, threaded"
中級,threat,noun,威脅,,,threats
中級,threaten,verb,揚言要、威脅,,,"threatens, threatening, threatened"
初級,three,number/pron./noun/adj.,三,,,threes
中高級,threshold,noun,門檻、閾值,,,thresholds
中高級,thrift,noun,節約、節儉,,,
中高級,thrifty,adj.,節約的、節儉的,,,"thriftier, thriftiest"
中高級,thrill,noun/verb,興奮感；使非常激動,,,"thrills, thrilling, thrilled"
中高級,thriller,noun,驚悚小說(電影),,,thrillers
中高級,thrive,verb,繁榮、茁壯成長,,,"thrives, thriving, thrived, throve"
初級,throat,noun,咽喉,,,throats
中高級,throb,verb/noun,抽動、抽痛、(強烈有節奏地)跳動；抽動、抽痛,,,"throbs, throbbing, throbbed"
中高級,throne,noun,寶座、王位,,,thrones
中高級,throng,noun/verb,一大群人；群集、擁向,,,"throngs, thronging, thronged"
初級,through,prep./adv.,通過、穿越,,,
初級,throughout,prep.,到處,,,
初級,throw,verb,丟,,,"throws, throwing, threw, thrown"
中高級,thrust,verb,猛推、刺、塞,,,"thrusts, thrusting"
中高級,thrust,noun,猛推、驅動力；(論據)要點、目標,,,thrusts
初級,thumb,noun,拇指,,,thumbs
初級,thunder,noun/verb,雷(聲)；打雷,,,"thunders, thundering, thundered"
中高級,thunderbolt,noun,雷電、晴天霹靂,,,thunderbolts
中高級,thunderous,adj.,雷鳴般的、怒氣沖沖的,,,
中級,thunderstorm,noun,雷雨,,,thunderstorms
初級,Thursday,noun,星期四,= Thurs./Thur.,,
初級,thus,adv.,因此,,,
中高級,tick,noun,滴答聲；勾號,,,ticks
中高級,tick,verb,發出滴答聲；打勾,,,"ticks, ticking, ticked"
初級,ticket,noun,票、罰單,,,tickets
中級,tickle,verb,搔癢、發癢,,,"tickles, tickling, tickled"
中級,tide,noun,潮汐、趨勢,,,tides
初級,tidy,adj./verb,整齊的；整理,,,"tidier, tidiest, tidies, tidying, tidied"
初級,tie,noun,領帶、平手,,,ties
初級,tie,verb,捆、繫,,,"ties, tying, tieing, tied"
初級,tiger,noun,老虎,,,tigers
中級,tight,adj./adv.,緊的；緊地,,,"tighter, tightest"
中級,tighten,verb,使變緊、加強,,,"tightens, tightening, tightened"
中高級,tile,noun/verb,磁磚、地磚、瓦片；鋪瓦、貼磁磚,,,"tiles, tiling, tiled"
初級,till,prep./conj.,直到,= until,,
中高級,tilt,verb/noun,傾斜、偏向,,,"tilts, tilting, tilted"
中級,timber,noun,樹木、木材,,,timbers
初級,time,noun/verb,時間；計時,,,"times, timing, timed"
中高級,timeless,adj.,無時間性的、永久的,,,
中高級,timely,adj.,及時的、適時的,,,"timelier, timeliest"
中高級,timeout,noun,(運動)暫停、(工作)休息時間,,,timeouts
中高級,timer,noun,計時器,,,timers
中級,timetable,noun/verb,時間表；為…安排時間,,,"timetables, timetabling, timetabled"
中級,timid,adj.,膽怯的,,,
中高級,timing,noun,定時、時間的安排、時機的掌握、節奏,,,timings
中級,tin,noun,錫、罐,,,tins
中高級,tinkle,verb,發出叮噹聲,,,"tinkles, tinkling, tinkled"
中高級,tint,noun,淺色彩、(一層)淡色、染髮劑,,,tints
初級,tiny,adj.,極小的、微小的,,,"tinier, tiniest"
初級,tip,noun,小費；提示；頂端,,,tips
初級,tip,verb,給小費,,,"tips, tipping, tipped"
中級,tiptoe,verb/noun,踮腳、躡手躡腳,,,"tiptoes, tiptoeing, tiptoed"
中級,tire,noun,輪胎,= tyre (British English),,tires
中級,tire,verb,使疲勞,,,"tires, tiring, tired"
中級,tiresome,adj.,令人厭煩的,,,
中級,tissue,noun,面紙、(動植物)組織,,,tissues
初級,title,noun,標題,,,titles
初級,to,prep./inf.,到,,,
中高級,toad,noun,蟾蜍、討厭的人,,,toads
中高級,toady,noun/verb,馬屁精；拍馬屁,,,"toadies, toadying, toadied"
初級,toast,noun,吐司；敬酒,,,toasts
初級,toast,verb,烤吐司、烤；乾杯,,,"toasts, toasting, toasted"
中級,tobacco,noun,煙草,,,"tobaccoes, tobaccos"
初級,today,adv./noun,今天,,,todays
中高級,toddle,verb,(幼兒)蹣跚行走、溜躂,,,"toddles, toddling, toddled"
中高級,toddler,noun,學步的兒童,,,toddlers
初級,toe,noun,腳趾,,,toes
初級,tofu,noun,豆腐,= bean curd,,tofus
初級,together,adv.,一起,,,
中高級,toil,verb/noun,辛勞工作、跋涉；苦工,,,"toils, toiling, toiled"
初級,toilet,noun,馬桶、衛生間,,,toilets
中高級,token,adj./noun,裝樣子的、敷衍的；代幣、象徵,,,tokens
中級,tolerable,adj.,可容忍的、還可以的,,,
中級,tolerance,noun,寬容、忍耐,,,tolerances
中級,tolerant,adj.,寬容的、忍耐的,,,
中級,tolerate,verb,寬容、忍耐,,,"tolerates, tolerating, tolerated"
中高級,toll,noun,通行費；傷亡人數；鳴(喪)鐘,,,tolls
中高級,toll,verb,向...徵收捐稅(或通行費等),,,"tolls, tolling, tolled"
中高級,tollbooth,noun,收費站,,,tollbooths
中高級,tollway,noun,收費公路,,,tollways
初級,tomato,noun,番茄,,,tomatoes
中級,tomb,noun,墳墓,,,tombs
初級,tomorrow,adv./noun,明天,,,tomorrows
中級,ton,noun,噸、大量,,,tons
中級,tone,noun/verb,腔調、語氣；調和,,,"tones, toning, toned"
初級,tongue,noun,舌頭,,,tongues
中高級,tonic,noun,奎寧水、補藥、使人振作之物,,,tonics
初級,tonight,adv./noun,今晚,,,
中高級,tonne,noun,公噸,,,tonnes
初級,too,adv.,也,,,
初級,tool,noun,工具,,,tools
初級,tooth,noun,牙齒,,,teeth
初級,toothache,noun,牙痛,,,toothaches
初級,toothbrush,noun,牙刷,,,toothbrushes
中級,toothpaste,noun,牙膏,,,toothpastes
初級,top,noun/adj./verb,頂部；頂部的；到頂部,,,"tops, topping, topped"
初級,topic,noun,主題,,L7,topics
中高級,topical,adj.,熱門話題的,,L7,
中高級,topping,noun,(食物)上面的配料,,,toppings
中高級,topple,verb,倒塌、打翻,,,"topples, toppling, toppled"
中級,torch,noun/verb,火把；放火燒,,,"torches, torching, torched"
中高級,torment,noun/verb,痛苦、煩惱；使痛苦、煩擾,,,"torments, tormenting, tormented"
中級,tornado,noun,龍捲風,,,"tornadoes, tornados"
中高級,torrent,noun,急流、連續不斷,,,torrents
中級,tortoise,noun,陸龜,,,tortoises
中高級,torture,verb/noun,拷打、使痛苦；酷刑、折磨,,,"tortures, torturing, tortured"
中級,toss,verb/noun,拋、投、擲,,,"tosses, tossing, tossed"
初級,total,adj./noun/verb,總數的；總數；合計,,,"totals, totaling, totalling, totaled, totalled"
初級,touch,verb/noun,接觸、觸摸；觸覺、觸摸,,,"touches, touching, touched"
中高級,touching,adj.,令人同情的、感人的,,,
中高級,touchy,adj.,易怒的、敏感的,,,"touchier, touchiest"
中級,tough,adj.,堅強的、困難的、強硬的,,,"tougher, toughest"
初級,tour,noun/verb,旅遊、遊覽,,,"tours, touring, toured"
中級,tourism,noun,觀光(業),,,
中級,tourist,noun,遊客、觀光客,,,tourists
中高級,tournament,noun,錦標賽,,,tournaments
中級,tow,verb/noun,拖、拉、牽引,,,"tows, towing, towed"
初級,toward,prep.,朝著,= towards,,
初級,towel,noun,毛巾、紙巾,,,towels
初級,tower,noun,塔,,,towers
初級,town,noun,城鎮,,,towns
中高級,township,noun,鎮區、(南非種族隔離時期)黑人區,,,townships
中高級,toxic,adj.,有毒的、引起中毒的,,,
初級,toy,noun,玩具,,,toys
初級,trace,verb/noun,追蹤；痕跡,,L6,"traces, tracing, traced"
初級,track,noun/verb,軌道、足跡；跟蹤、追蹤,,,"tracks, tracking, tracked"
中高級,tract,noun,(連通身體組織器官的)管道、大面積的土地,,,tracts
中高級,tractor,noun,拖拉機、牽引機,,,tractors
初級,trade,noun/verb,貿易；交易,,,"trades, trading, traded"
中高級,trade-in,noun,折舊換新,,,trade-ins
中級,trademark,noun,商標、特徵,,,trademarks
中高級,trade-off,noun,權衡、協調,,,trade-offs
中級,trader,noun,商人、證券交易人,,,traders
初級,tradition,noun,傳統,,L2,traditions
初級,traditional,adj.,傳統的,,,
初級,traffic,noun,交通,,,
中級,tragedy,noun,悲劇,,,tragedies
中級,tragic,adj.,悲劇的、悲慘的,,,
中級,trail,noun/verb,蹤跡、小道；拖曳,,,"trails, trailing, trailed"
中高級,trailer,noun,拖車；電影預告片,,,trailers
初級,train,noun,火車,,,trains
初級,train,verb,訓練,,,"trains, training, trained"
中高級,trainee,noun,實習生,,,trainees
中級,training,noun,訓練,,,trainings
中高級,trait,noun,(個性)特徵,,,traits
中高級,traitor,noun,叛徒、賣國賊,,,traitors
中高級,traitorous,adj.,背叛的、叛國的,,,
中高級,tramp,verb,重步行走,,,"tramps, tramping, tramped"
中高級,tramp,noun,沉重的腳步聲；流浪漢,,,tramps
中高級,trample,verb/noun,踐踏,,,"tramples, trampling, trampled"
中高級,tranquil,adj.,平靜的、靜謐的,,,"tranquiller, tranquiler, tranquilest, tranquillest"
中高級,tranquilize,verb,使鎮定,,,"tranquilizes, tranquilizing, tranquilized"
中高級,tranquilizer,noun,鎮定劑,,,tranquilizers
中高級,transaction,noun,交易、辦理,,,transactions
中高級,transcend,verb,超出、超越界線,,,"transcends, transcending, transcended"
中高級,transcendent,adj.,卓越的、傑出的,,,
中高級,transcribe,verb,抄錄、轉錄(為另一種形式),,,"transcribes, transcribing, transcribed"
中高級,transcript,noun,抄本、謄本、成績單,,,transcripts
中高級,transcription,noun,抄寫、謄寫,,,transcriptions
中級,transfer,noun/verb,調動、搬遷,,L2,"transfers, transferring, transferred"
中級,transform,verb,改變、改造,,L6,"transforms, transforming, transformed"
中高級,transformation,noun,(徹底的)變化、改革,,L6,transformations
中高級,transformer,noun,變壓器,,,transformers
中高級,transient,adj./noun,短暫的、稍縱即逝的、過往的；短期住客,= transitory,,transients
中高級,transistor,noun,電晶體,,,transistors
中高級,transit,noun/verb,運輸(系統)、過境；運送過、通過,,L5,"transits, transiting, transited"
中高級,transition,noun,過渡、轉變,,,transitions
中級,translate,verb,翻譯,,,"translates, translating, translated"
中級,translation,noun,翻譯,,,translations
中級,translator,noun,翻譯、譯者,,,translators
中高級,transmission,noun,傳送、傳染、(電台或電視)播送,,L7,transmissions
中高級,transmit,verb,播送、傳染、傳導(熱、光),,L7,"transmits, transmitting, transmitted"
中高級,transparency,noun,透明度、幻燈片,,,transparencies
中高級,transparent,adj.,透明的、易看穿的,,,
中級,transplant,noun/verb,移植(器官等),,,"transplants, transplanting, transplanted"
中級,transport,noun/verb,運輸、交通工具；運送,,L6,"transports, transporting, transported"
中級,transportation,noun,運輸,,L6,transportations
初級,trap,verb/noun,設陷阱；陷阱,,,"traps, trapping, trapped"
初級,trash,noun/verb,垃圾；丟棄、損壞,,,"trashes, trashing, trashed"
中高級,trauma,noun,精神創傷、外傷,,,"traumas, traumata"
中高級,traumatic,adj.,痛苦難忘的、造成精神創傷的,,,
初級,travel,verb/noun,旅行,,,"travels, traveling, travelling, traveled, travelled"
中級,traveler,noun,旅行者,= traveller (British English),,travelers
中級,traveling,adj.,旅行的、巡迴的,= travelling (British English),,
中高級,traverse,verb/noun,穿過、橫越,,,"traverses, traversing, traversed"
中級,tray,noun,托盤,,,trays
中高級,treacherous,adj.,凶險的、不忠的,,,
中高級,tread,verb/noun,踩、踏；步伐、腳步聲,,,"treads, treading, trod, trodden"
中高級,treason,noun,叛國罪,,,
初級,treasure,noun/verb,寶藏；珍惜,,,"treasures, treasuring, treasured"
中高級,treasury,noun,財政部、寶庫,,,treasuries
初級,treat,verb/noun,治療、請客,,,"treats, treating, treated"
初級,treatment,noun,治療,,,treatments
中級,treaty,noun,條約,,,treaties
初級,tree,noun,樹,,,trees
中高級,trek,verb/noun,長途跋涉、徒步旅行,,,"treks, trekking, trekked"
中級,tremble,verb/noun,發抖、震顫,,,"trembles, trembling, trembled"
中級,tremendous,adj.,巨大的、極大的,,,
中高級,tremor,noun,顫抖、輕微地震,,,tremors
中高級,trench,noun/verb,溝、戰壕；挖掘戰壕,,,"trenches, trenching, trenched"
中級,trend,noun,趨勢,,L5,trends
中高級,trespass,verb/noun,擅自進入、侵占,,,"trespasses, trespassing, trespassed"
初級,trial,noun,嘗試,,,trials
初級,triangle,noun,三角形,,,triangles
中高級,tribal,adj.,部落的、部族的,,,
中級,tribe,noun,部落,,,tribes
中高級,tribunal,noun,特別法庭,,,tribunals
中高級,tribute,noun,頌詞、進貢,,,tributes
初級,trick,noun/verb,把戲；騙,,,"tricks, tricking, tricked"
中級,tricky,adj.,狡猾的、難對付的,,,"trickier, trickiest"
中高級,trifle,noun/verb,少量、瑣事；輕視、戲弄,,,"trifles, trifling, trifled"
中高級,trigger,noun/verb,扳機、誘因；觸發、起動,,L9,"triggers, triggering, triggered"
中高級,trillion,noun,兆、大量,,,trillions
中高級,trim,verb/noun,修剪、削減,,,"trims, trimming, trimmed"
中高級,trim,adj.,苗條的、整齊的,,,"trimmer, trimmest"
中高級,trio,noun,三人(個)一組、三重奏,,,trios
初級,trip,noun,旅行,,,trips
中高級,triple,adj./verb,三部分的、三倍的；增至三倍,,,"triples, tripling, tripled"
中級,triumph,noun/verb,(大)勝利、成功,,,"triumphs, triumphing, triumphed"
中高級,triumphant,adj.,大獲全勝的、歡欣鼓舞的,,,
中高級,trivial,adj.,不重要的、瑣碎的,,,
中高級,trolley,noun,手推車、電車,"= tram, tramcar, streetcar",,trolleys
中級,troop,noun/verb,軍隊、一群；成群結隊而行,,,"troops, trooping, trooped"
中高級,trophy,noun,獎品、獎盃、戰利品,,,trophies
中高級,tropic,noun/adj.,回歸線、熱帶；熱帶的,,,tropics
中級,tropical,adj.,熱帶的,,,
中高級,trot,verb/noun,小跑、快步走,,,"trots, trotting, trotted"
初級,trouble,noun/verb,麻煩；使煩惱,,,"troubles, troubling, troubled"
中級,troublesome,adj.,令人煩惱的,,,
初級,trousers,noun,褲子,= pants (American English),,
中高級,trout,noun,鱒魚,,,trouts
中高級,truant,noun/adj./verb,逃學生；怠忽職守的；曠課、逃學,,,"truants, truanting, truanted"
中高級,truce,noun,停戰協定,,,truces
初級,truck,noun,卡車,,,trucks
初級,true,adj.,真實的,,,"trueer, truest"
中高級,truly,adv.,真誠的、確實,,,
初級,trumpet,noun,小號,,,trumpets
中級,trunk,noun,樹幹,,,trunks
初級,trust,noun/verb,相信、信任,,,"trusts, trusting, trusted"
中高級,trustee,noun,受託人、信託公司,,,trustees
初級,truth,noun,真理、真相,,,truths
中級,truthful,adj.,誠實的、真實的,,,
初級,try,verb/noun,嘗試,,,"tries, trying, tried"
初級,T-shirt,noun,圓領汗衫,= tee-shirt,,
初級,tub,noun,盆、桶、浴缸,,,tubs
中級,tube,noun,管子、地鐵,"地鐵 = underground, railway",,tubes
中高級,tuberculosis,noun,結核病,= TB,,tuberculoses
中高級,tuck,verb/noun,把…塞進；打褶,,,"tucks, tucking, tucked"
初級,Tuesday,noun,星期二,= Tues./Tue.,,
中級,tug,verb/noun,拉、拖,,,"tugs, tugging, tugged"
中高級,tug-of-war,noun,拔河、激烈競爭,,,tug-of-wars
中高級,tuition,noun,學費、教學,,,tuitions
中級,tulip,noun,鬱金香,,,tulips
中級,tumble,verb/noun,跌倒、倒塌,,,"tumbles, tumbling, tumbled"
中高級,tumor,noun,腫瘤、腫塊,= tumour (British English),,tumors
中高級,tuna,noun,鮪魚,,,tunas
中級,tune,noun/verb,曲調；調音,,,"tunes, tuning, tuned"
初級,tunnel,noun,隧道,,,tunnels
中高級,turbine,noun,渦輪機、汽輪機,,,turbines
中高級,turbulent,adj.,動盪的、猛烈的,,,
初級,turkey,noun,火雞,,,turkeys
中高級,turmoil,noun,動亂、騷動、焦慮,,,
初級,turn,verb,轉(彎),,,"turns, turning, turned"
初級,turn,noun,一次機會,,,turns
中高級,turnover,noun,營業額、翻轉、周轉率,,,turnovers
初級,turtle,noun,龜,,,turtles
中級,tutor,noun/verb,家庭教師；指導、當家教,,,"tutors, tutoring, tutored"
初級,TV,noun,電視,= television,,TVs
初級,twelve,number/pron./noun/adj.,十二,,,twelves
初級,twenty,number/pron./noun/adj.,二十,,,twenties
初級,twice,adv.,兩次,,,
中高級,twig,verb,明白、領悟,,,"twigs, twigging, twigged"
中級,twig,noun,細枝,,,twigs
中高級,twilight,noun,暮色、黃昏,,,twilights
中級,twin,noun/adj./verb,雙胞胎；雙胞胎的；使相連,,,"twins, twinning, twinned"
中級,twinkle,verb/noun,閃爍；閃亮,,,"twinkles, twinkling, twinkled"
中級,twist,verb/noun,彎曲、扭轉、轉彎,,,"twists, twisting, twisted"
初級,two,number/pron./noun/adj.,二,,,
中高級,two-thirds,noun/pron./adj./adv.,三分之二,= two thirds,,two-thirdses
初級,type,verb,打字,,,"types, typing, typed"
初級,type,noun,類型,,,types
中級,typewriter,noun,打字機,,,typewriters
初級,typhoon,noun,颱風,,,typhoons
中級,typical,adj.,典型的,,,
中高級,typically,adv.,通常、典型地、不出所料,,,
中級,typist,noun,打字員,,,typists
中高級,tyranny,noun,暴虐、暴政,,,tyrannies
中高級,tyrant,noun,暴君、君主專制,,,tyrants
初級,ugly,adj.,醜陋的,,,"uglier, ugliest"
中高級,ulcer,noun,潰瘍,,,ulcers
中高級,ultimate,adj./noun,最後的、極端的、基本的；極品、最終的事物、終極、極限,,L7,ultimates
中高級,ultimately,adv.,最終、終究、最基本地,,L7,
中高級,ultraviolet,adj.,紫外線的,,,
初級,umbrella,noun,雨傘,,,umbrellas
中高級,umpire,noun/verb,裁判員；當裁判、裁決,,,"umpires, umpiring, umpired"
中高級,unacceptable,adj.,不能接受的、無法同意的,,,
中高級,unanimous,adj.,意見一致的、一致同意的,,,
中高級,unbeaten,adj.,未嘗敗績的,,,
中高級,uncertainty,noun,不確定性,,,uncertainties
中高級,unchanged,adj.,無變化的、未改變的,,,
初級,uncle,noun,叔叔,,,uncles
中高級,unconditional,adj.,無條件的、絕對的,,,
中高級,uncover,verb,揭開蓋子、揭露、揭發,,,"uncovers, uncovering, uncovered"
初級,under,prep./adv.,在…下、低於；在下面,,,
中高級,underestimate,verb,低估、輕視,,,"underestimates, underestimating, underestimated"
中高級,undergo,verb,經歷、遭受,,L10,"undergoes, under goes, under-goes, undergoing, under going, under-going, underwent, under went, under-went, undergone, under gone, under-gone"
中高級,undergraduate,noun,大學生,,,undergraduates
中級,underground,adj./adv./noun,地下的、暗中的；在地下；地鐵,,,undergrounds
中高級,underlie,verb,構成的基礎、作為的原因,,L6,"underlies, underlying, underlay, underlain"
初級,underline,verb,在…下面畫線、強調,,,"underlines, underlining, underlined"
中高級,underlying,adj.,根本的、潛在的,,,
中高級,undermine,verb,逐漸削弱、破壞,,,"undermines, undermining, undermined"
中高級,underneath,prep./adv./adj./noun,在…之下；在下方；下面的；底部,,,underneaths
初級,underpass,noun,地下道,,,underpasses
初級,understand,verb,懂、 了解,,,"understands, understanding, understood"
中高級,understandable,adj.,合情理的、易懂的,,,
中級,understanding,noun/adj.,理解；體諒的,,,understandings
中級,undertake,verb,承擔、從事,,L4,"undertakes, under-takes, undertaking, under-taking, undertook, under-took, undertaken, under-taken"
中級,underwater,adv./adj.,在水下；水下的,,,
中高級,underway,adj.,已開始的、在進行中的,,,
初級,underwear,noun,內衣,,,
中級,underweight,adj.,體重不足的,,,
中高級,underwrite,verb,承擔經濟責任、承保,,,"underwrites, underwriting, underwrote, underwritten"
中高級,undo,verb,拆開、消除、打敗,,,"undoes, undoing, undid, undone"
中高級,undoubted,adj.,無疑的、確實的,,,
中高級,uneasy,adj.,不安的、不自在的、拘束的,,,"uneasier, uneasiest"
中高級,unemployed,adj./noun,失業的、待業的；失業者,,,unemployeds
中高級,unemployment,noun,失業、失業人數,,,
中級,unexpected,adj.,出乎意料的,,,
中高級,unfold,verb,展開、透露,,,"unfolds, unfolding, unfolded"
中高級,unidentified,adj.,未知的、不明的,,,
中高級,unification,noun,統一、單一化,,L9,
初級,uniform,noun/adj.,制服；一致的,,L8,uniforms
中高級,unify,verb,統一、使成一體,,L9,"unifies, unifying, unified"
中級,union,noun,合併、和諧、工會,,,unions
初級,unique,adj.,獨特的,,L7,
初級,unit,noun,單位,,,units
中級,unite,verb,聯合、團結、統一,,,"unites, uniting, united"
中級,unity,noun,團結一致、聯合,,,unities
中級,universal,adj./noun,普遍的、全體的；普通性、普遍現象,,,universals
初級,universe,noun,宇宙,,,universes
初級,university,noun,大學,,,universities
中級,unknown,adj.,未知的、無名的,,,
中高級,unleash,verb,鬆開(狗)的皮帶、發洩(情感)、使爆發,,,"unleashes, unleashing, unleashed"
中級,unless,conj.,除非,,,
中級,unlike,prep.,不像,,,
中高級,unload,verb,卸貨、推卸責任,,,"unloads, unloading, unloaded"
中高級,unlock,verb,開鎖、揭開,,,"unlocks, unlocking, unlocked"
中高級,unpack,verb,打開(包裹、行李)、取出東西,,,"unpacks, unpacking, unpacked"
中高級,unprecedented,adj.,前所未有的、空前的,,,
中高級,unrest,noun,動盪、騷動,,,
初級,until,conj./prep.,直到,= till,,
中級,untouched,adj.,未動過的、未受影響的,,,
中級,unusual,adj.,不尋常的、特別的,,,
中高級,unusually,adv.,特別地、非常、不尋常地,,,
中高級,unveil,verb,揭幕、首次公開,,,"unveils, unveiling, unveiled"
中高級,unwanted,adj.,多餘的、意外的,,,
初級,up,adv./prep./adj.,向上；在…上面；向上的,,,
中高級,up,verb,增加、起身離開,,,"ups, upping, upped"
中高級,upbringing,noun,撫育、教育,,,upbringings
中高級,update,verb/noun,使現代化、更新、為…補充最新資料；最新的情況,,,"updates, updating, updated"
中高級,upgrade,verb/noun,使升級、提升；升級、上坡,,,"upgrades, upgrading, upgraded"
中高級,uphold,verb,維護(正義)、維持(判決),,,"upholds, upholding, upheld"
初級,upload,verb,上傳、上載,,,"uploads, uploading, uploaded"
初級,upon,prep.,在…之上、在…後立即,,,
初級,upper,adj.,上面的、上部的,,,
中高級,upright,adj./noun,挺直的、正直的；立柱,,,uprights
中高級,uprising,noun,起義、暴動,,,uprisings
中級,upset,adj./noun/verb,苦惱的；混亂；擾亂、惹惱,,,"upsets, upsetting"
初級,upstairs,adv./adj./noun,在樓上；樓上的；樓上,,,
中高級,up-to-date,adj.,最新(式)的、現代的、尖端的,= up to date,,
中級,upward,adj.,向上的,,,
中高級,uranium,noun,鈾,,,
中級,urban,adj.,都市的、城鎮的,,,
中級,urge,verb/noun,敦促、強烈主張；衝動,,,"urges, urging, urged"
中高級,urgency,noun,迫切(的樣子)、急迫、緊急(性),,,urgencies
中級,urgent,adj.,緊急的,,,
中高級,urine,noun,尿、小便,,,urines
初級,us,pron.,我們,,,
初級,USA,noun,美國,= United States (of America),,
中級,usage,noun,使用、用法,,,usages
初級,use,verb/noun,使用,,,"uses, using, used"
初級,used,adj.,二手的、習慣的,,,
初級,used,verb,過去慣常,,,
初級,useful,adj.,有用的,,,
中級,useless,adj.,無用的,,,
初級,user,noun,使用者,,,users
中高級,usher,noun/verb,引座員、(婚禮)招待；引導、開創,,,"ushers, ushering, ushered"
初級,usual,adj.,通常的,,,
初級,usually,adv.,通常,,,
中高級,utensil,noun,(家庭)用具、器皿,,,utensils
中高級,utility,noun,效用、公共事業(水、電、瓦斯等),,,utilities
中高級,utility,adj.,多用途的、多功能的,,,
中高級,utilize,verb,使用、利用,,,"utilizes, utilizing, utilized"
中高級,utmost,adj./noun,最大的、極度的；最大量、極限、最大可能,,,
中高級,utter,verb,出聲,,,"utters, uttering, uttered"
中高級,utter,adj.,十足的,,,
中高級,vacancy,noun,空缺、空房,,,vacancies
中級,vacant,adj.,空的、未被佔用的,,,
初級,vacation,noun/verb,假期；度假,,,"vacations, vacationing, vacationed"
中高級,vaccine,noun,疫苗、痘苗,,,vaccines
中高級,vacuum,noun/verb,真空、真空吸塵器；用吸塵器吸,,,"vacuums, vacua, vacuuming, vacuumed"
中級,vague,adj.,模糊的、粗略的,,,"vagueer, vagueest"
中級,vain,adj.,徒勞的、虛榮的,,,"vainer, vainest"
初級,Valentine's Day,noun,情人節,,,
中高級,valiant,adj.,勇敢的、堅定的,,,
中高級,valid,adj.,有效的、合理的,,L3,
中高級,validity,noun,有效、合理,,,validities
初級,valley,noun,峽谷,,,valleys
中級,valuable,adj.,寶貴的、貴重的,,,
初級,value,noun/verb,價值；重視,,,"values, valuing, valued"
中高級,valve,noun,閥、瓣膜,,,valves
中級,van,noun,廂型車、小貨車,,,vans
中高級,vanilla,noun,香草、香草香精,,,vanillas
中級,vanish,verb,突然消失,,,"vanishes, vanishing, vanished"
中高級,vanity,noun,虛榮心、自負,,,vanities
中級,vapor,noun,水汽、蒸汽,= vapour (British English),,vapors
中高級,variable,adj./noun,多變的；可變因素、變數,,,variables
中高級,variation,noun,變異、變更,,,variations
中高級,varied,adj.,各種各樣的、多變的,,,
中級,variety,noun,各種樣式、變化,,,varieties
中級,various,adj.,各式各樣的,,,
中級,vary,verb,不同、相異,,L1,"varies, varying, varied"
中級,vase,noun,花瓶,,,vases
中級,vast,adj.,廣闊的、大量的,,,"vaster, vastest"
初級,vegetable,noun/adj.,蔬菜；蔬菜的,,,vegetables
中級,vegetarian,adj./noun,素食主義的；素食主義者,,,vegetarians
中高級,vegetation,noun,植物、植被,,,vegetations
中級,vehicle,noun,交通工具,,L8,vehicles
中高級,veil,noun,面紗；掩蓋,,,veils
中高級,veil,verb,戴面紗；遮掩、掩飾,,,"veils, veiling, veiled"
中高級,vein,noun,靜脈、脈絡,,,veins
中高級,velocity,noun,速度、高速,,,velocities
中高級,velvet,noun,絲絨、天鵝絨,,,velvets
中高級,vend,verb,販賣、兜售,,,"vends, vending, vended"
初級,vendor,noun,小販,,,vendors
中高級,vent,noun/verb,通風口；表達、發洩(憤怒),,,"vents, venting, vented"
中高級,ventilate,verb,使通風、公開表達,,,"ventilates, ventilating, ventilated"
中級,venture,noun/verb,冒險,,,"ventures, venturing, ventured"
中高級,venue,noun,集會場所、舉辦地點,,,venues
中級,verb,noun,動詞,,,verbs
中高級,verbal,adj.,關於言詞的、口頭的,,,
中高級,verdict,noun,判決、結論,,,verdicts
中高級,verge,verb,瀕臨,,,"verges, verging, verged"
中高級,verge,noun,邊緣；路肩,,,verges
中高級,verify,verb,核實、證明,,,"verifies, verifying, verified"
中高級,versatile,adj.,多才多藝的、多功能的,,,
中級,verse,noun,韻文、詩節,,,verses
中級,version,noun,版本、說法,,L5,versions
中高級,versus,prep.,對抗、…與…對比,= vs.,,
中高級,vertical,adj./noun,垂直的；縱軸,,,verticals
初級,very,adv.,非常、很,,,
初級,very,adj.,(加強語氣)正是、完全的,,,
中級,vessel,noun,船艦,,,vessels
初級,vest,noun,背心,,,vests
中高級,veteran,noun,老手、老兵、退伍軍人,,,veterans
中高級,veterinarian,noun,獸醫,= vet,,veterinarians
中高級,veto,verb/noun,反對；否決權,,,"vetoes, vetoing, vetoed"
中高級,via,prep.,經由、通過,,L8,
中高級,viable,adj.,可實行的、能獨立生存的,,,
中高級,vibrate,verb,震動、顫動、擺動,,,"vibrates, vibrating, vibrated"
中高級,vibration,noun,震動、共鳴、振幅,,,vibrations
中高級,vicar,noun,(聖公會)牧師,,,vicars
中高級,vice,noun,罪行、惡行,,,vices
中高級,vice president,noun,副總統、副總裁,,,vice presidents
中高級,vicinity,noun,週圍地區、附近,,,vicinities
中高級,vicious,adj.,殘暴的、惡劣的,,,
中級,victim,noun,罹難者、受害者,,,victims
中高級,victimize,verb,使受害、使受苦,,,"victimizes, victimizing, victimized"
中高級,victor,noun,勝利者、獲勝者,,,victors
中高級,victorious,adj.,勝利的、戰勝的,,,
初級,victory,noun,勝利,,,victories
初級,video,noun/verb,錄影帶、錄影；錄影,,,"videos, videoing, videoed"
初級,view,noun/verb,視野；觀看,,,"views, viewing, viewed"
中高級,viewer,noun,電視觀眾、觀察者,,,viewers
中高級,viewpoint,noun,看法、觀點,,,viewpoints
中級,vigor,noun,精力、活力,= vigour (British English),,
中級,vigorous,adj.,精力充沛的、強健的,,,
中高級,villa,noun,渡假別墅、豪宅,,,villas
初級,village,noun,村莊,,,villages
中高級,villager,noun,村民、鄉下人,,,villagers
中高級,villain,noun,反派主角、壞人,,,villains
中高級,vine,noun,葡萄藤、藤蔓,,,vines
初級,vinegar,noun,醋,,,vinegars
中高級,vineyard,noun,葡萄園、釀酒廠,,,vineyards
中高級,vintage,noun,(特定年分或地方)釀造的酒、釀造年分,,,vintages
中高級,vintage,adj.,(尤指過去某個時期)最典型的、優質的,,,
中高級,vinyl,noun,黑膠唱片,,,vinyls
中級,violate,verb,違反、侵犯,,L9,"violates, violating, violated"
中級,violation,noun,違反、侵犯,,,violations
中級,violence,noun,暴力、猛烈,,,
中級,violent,adj.,暴力的、猛烈的,,,
中級,violet,noun/adj.,紫羅蘭；紫羅蘭色的,,,violets
初級,violin,noun,小提琴,,,violins
中級,violinist,noun,小提琴手,,,violinists
中級,virgin,noun/adj.,處女；處女的、未開發的,,,virgins
中高級,virtual,adj.,(透過電腦)虛擬的,,L8,
中高級,virtually,adv.,差不多、事實上,,L8,
中級,virtue,noun,美德、長處,,,virtues
中級,virus,noun,病毒,,,viruses
中高級,visa,noun,(護照)簽證,,,visas
中級,visible,adj.,可見的,,L7,
中級,vision,noun,視力、眼光、憧憬,,L9,visions
初級,visit,verb/noun,拜訪,,,"visits, visiting, visited"
初級,visitor,noun,參觀者、 遊客,,,visitors
中級,visual,adj.,視覺的,,L8,
中高級,visualize,verb,視覺化、想像,,,"visualizes, visualizing, visualized"
中級,vital,adj.,必不可少的、生氣勃勃的,,,
中高級,vitality,noun,生命力,,,vitalities
中級,vitamin,noun,維他命,,,vitamins
中級,vivid,adj.,鮮明的、有生氣的,,,
初級,vocabulary,noun,詞彙,,,vocabularies
中高級,vocal,adj./noun,嗓音的、直言不諱的；聲樂作品,,,vocals
中高級,vocation,noun,天職、職業,,,vocations
中高級,vocational,adj.,職業的、職業技術的,,,
中高級,vogue,noun,流行、時髦,,,
初級,voice,noun,聲音,,,voices
中高級,void,noun,空虛感,,,voids
中高級,void,adj.,缺乏...的；無效的、不合法的,,,"voider, voidest"
中高級,void,verb,使空出；使無效、作廢,,,"voids, voiding, voided"
中高級,volatile,adj.,易變的、不穩的,,,
中級,volcano,noun,火山,,,"volcanoes, volcanos"
初級,volleyball,noun,排球,,,volleyballs
中高級,volt,noun,伏特(電壓單位),,,volts
中高級,voltage,noun,電壓,,,voltages
初級,volume,noun,音量；冊,= vol.,L3,volumes
中級,voluntary,adj.,志願的、自願的,,L7,
中級,volunteer,noun/verb,義工；自願,,,"volunteers, volunteering, volunteered"
中高級,vomit,verb/noun,嘔吐；嘔吐(物),,,"vomits, vomiting, vomited"
初級,vote,noun/verb,(選)票；投票、選舉,,,"votes, voting, voted"
初級,voter,noun,選民,,,voters
中高級,voucher,noun,代幣、優惠券,,,vouchers
中高級,vow,verb/noun,發誓；誓言,,,"vows, vowing, vowed"
中級,vowel,noun,母音,,,vowels
中級,voyage,noun/verb,航行,,,"voyages, voyaging, voyaged"
中高級,vulgar,adj.,粗俗的、下流的,,,
中高級,vulnerable,adj.,易受傷的、易受攻擊的,,,
中高級,wade,verb/noun,跋涉、介入,,,"wades, wading, waded"
中高級,wag,verb/noun,搖(尾巴)、搖頭(手指)表示反對；擺動,,,"wags, wagging, wagged"
中級,wage,noun,工資,,,wages
中級,wage,verb,發動、進行,,,"wages, waging, waged"
中級,wagon,noun,(運貨)馬車,,,wagons
中高級,wail,noun/verb,哭叫聲、哀號；(因悲傷或疼痛)哭號,,,"wails, wailing, wailed"
初級,waist,noun,腰,,,waists
初級,wait,verb,等待,,,"waits, waiting, waited"
初級,waiter,noun,服務生,,,waiters
初級,waitress,noun,女服務生,,,waitresses
初級,wake,verb,醒,,,"wakes, waking, woke, waked, woken"
中級,waken,verb,醒來、喚醒,,,"wakens, wakening, wakened"
初級,walk,verb/noun,步行,,,"walks, walking, walked"
初級,wall,noun,牆,,,walls
初級,wallet,noun,錢包,,,wallets
中高級,wallpaper,noun/verb,壁紙；貼壁紙,,,"wallpapers, wallpapering, wallpapered"
中高級,walnut,noun,核桃、核桃樹,,,walnuts
中級,waltz,noun/verb,華爾茲舞；跳華爾茲舞,,,"waltzes, waltzing, waltzed"
中級,wander,verb/noun,遊蕩、閒逛,,,"wanders, wandering, wandered"
初級,want,verb,想要,,,"wants, wanting, wanted"
初級,war,noun,戰爭,,,wars
中級,ward,noun/verb,病房；避免,,,"wards, warding, warded"
中高級,wardrobe,noun,衣櫥、全部衣物,,,wardrobes
中高級,ware,noun,用某材料製造的物品、小販出售的物品,,,wares
中高級,warehouse,noun/verb,倉庫；把...存入倉庫,,,"warehouses, warehousing, warehoused"
中級,warfare,noun,戰爭,,,
初級,warm,adj./verb,溫暖的；加熱,,,"warmer, warmest, warms, warming, warmed"
中級,warmth,noun,溫暖、熱情,,,
中級,warn,verb,警告、提醒注意,,,"warns, warning, warned"
中級,warning,adj.,警告的、警戒的,,,
中高級,warrant,verb/noun,使有必要；正當的理由、執行令,,,"warrants, warranting, warranted"
中高級,warranty,noun,(商品)保修期,,,warranties
中高級,warring,adj.,戰爭的、敵對的,,,
中高級,warrior,noun,武士、戰士,,,warriors
中級,warship,noun,軍艦,,,warships
中高級,wartime,noun,戰時、戰爭時代,,,
中高級,wary,adj.,小心的、謹慎的,,,"warier, wariest"
初級,wash,verb,洗,,,"washes, washing, washed"
中級,washing,noun,洗(或待洗)的衣物,,,washings
初級,waste,noun/verb,浪費,,,"wastes, wasting, wasted"
初級,watch,noun,錶,,,watches
初級,watch,verb,看、注意,,,"watches, watching, watched"
中級,watchman,noun,巡夜者、夜間警衛,,,watchmen
初級,water,noun/verb,水；澆水,,,"waters, watering, watered"
初級,waterfall,noun,瀑布,,,waterfalls
初級,watermelon,noun,西瓜,,,watermelons
中級,waterproof,adj./noun/verb,防水的；防水材料；使防水,,,"waterproofs, waterproofing, waterproofed"
中高級,watertight,adj.,防水的、(論點)無懈可擊的,,,
中高級,watt,noun,瓦特(電功率單位),,,watts
初級,wave,noun,(海)浪,,,waves
初級,wave,verb,揮、招(手),,,"waves, waving, waved"
中級,wax,noun/verb,蠟；上蠟,,,"waxes, waxing, waxed"
中級,way,adv.,(加強語氣)太,,,
初級,way,noun,道路、路程；方法,,,ways
中高級,way-out,adj.,非傳統的、前衛的,,,
初級,we,pron.,我們,,,
初級,weak,adj.,虛弱的,,,"weaker, weakest"
中級,weaken,verb,(使)虛弱、削弱,,,"weakens, weakening, weakened"
中高級,weakness,noun,軟弱、弱點,,,weaknesses
中級,wealth,noun,財富、富有、大量,,,
中級,wealthy,adj.,富有的,,,"wealthier, wealthiest"
初級,weapon,noun,武器,,,weapons
初級,wear,verb,穿戴,,,"wears, wearing, wore, worn"
中高級,weary,adj./verb,疲勞的；使疲勞、失去熱情,,,"wearier, weariest, wearies, wearying, wearied"
初級,weather,noun,天氣,,,
中級,weave,verb/noun,編織、交織；編法、織法,,,"weaves, weaving, weaved, wove, woven"
中級,web,noun,網、蜘蛛網、網路,,,webs
中級,website,noun,網站,,,websites
中高級,wed,verb,結婚、使…結合,,,"weds, wedding, wedded"
初級,wedding,noun,婚禮,,,weddings
中高級,wedge,verb/noun,將…擠入、插入；楔子,,,"wedges, wedging, wedged"
初級,Wednesday,noun,星期三,= Wed./Weds.,,
中高級,wee,adj.,極小的、微量的,,,"weeer, weeest"
中高級,wee,verb/noun,撒尿；尿液,,,"wees, weeing, weed"
中級,weed,noun/verb,雜草；除草,,,"weeds, weeding, weeded"
初級,week,noun,星期,,,weeks
初級,weekday,noun,平日,,,weekdays
初級,weekend,noun,週末,,,weekends
初級,weekly,adj./adv./noun,每週的；每週地；週刊,,,weeklies
中級,weep,verb/noun,哭泣、流淚,,,"weeps, weeping, wept"
中級,weigh,verb,重、秤重、權衡,,,"weighs, weighing, weighed"
初級,weight,noun,體重,,,weights
中高級,weird,adj.,奇異的、怪異的,,,"weirder, weirdest"
初級,welcome,verb/noun,歡迎、迎接、接待,,,"welcomes, welcoming, welcomed"
初級,welcome,adj.,受歡迎的,,,
中高級,weld,verb/noun,使緊密結合、焊接；焊接點,,,"welds, welding, welded"
中級,welfare,noun/adj.,幸福、福利；福利的,,L5,
中級,well,noun,井,,,wells
初級,well,adv./adj.,很好地；健康的,,,"better, best"
中高級,well-being,noun,健康、安樂,,,well-beings
中級,well-known,adj.,有名的,,,
初級,west,noun/adv./adj.,西方；向西方；西方的、向西方的,,,
初級,western,adj./noun,西方的；西方人、西部片,,,westerns
中級,westerner,noun,西方人、西部人,,,westerners
初級,wet,adj./verb,濕的；弄濕,,,"wetter, wettest, wets, wetting, wetted"
初級,whale,noun,鯨魚,,,whales
中高級,wharf,noun,碼頭,,,"wharves, wharfs"
初級,what,pron./adj.,什麼,,,
初級,whatever,pron./adj.,無論如何,,,
中高級,whatsoever,adv.,(用於負面強調)毫無,,,
中級,wheat,noun,小麥,,,wheats
初級,wheel,noun,輪子,,,wheels
中高級,wheelchair,noun,輪椅,,,wheelchairs
初級,when,conj./adv./pron.,當；何時；當時,,,
中級,whenever,adv./conj.,任何時候、每次；究竟什麼時候,,,
初級,where,adv./conj.,在哪裡；在…的地方,,,
中高級,whereabouts,adv./noun,在哪裡；下落、所在之處,,,
中高級,whereas,conj.,(用以對比兩個事實)然而、但是,,L5,
中高級,whereby,adv.,憑此、藉以,,L10,
中級,wherever,adv./conj.,任何地方、各處；究竟在哪裡,,,
初級,whether,conj.,是否,,,
初級,which,pron./conj./adj.,哪一個,,,
中級,whichever,determiner/pron.,無論哪個、任何一個,,,
初級,while,conj.,當...時候、然而,,,
初級,while,noun,一會兒、一段時間,,,whiles
中高級,whilst,conj.,當…的時候,,,
中高級,whine,noun/verb,啜泣聲、牢騷；啜泣、發牢騷,,,"whines, whining, whined"
中級,whip,noun/verb,鞭子；鞭打、攪打(蛋、奶油),,,"whips, whipping, whipped"
中高級,whirl,verb/noun,旋轉；接連不斷的活動,,,"whirls, whirling, whirled"
中高級,whisk,verb/noun,攪拌(雞蛋等)；攪拌器,,,"whisks, whisking, whisked"
中高級,whiskey,noun,威士忌(烈酒),= whisky,,whiskeys
中級,whisper,verb/noun,低語、竊竊私語,,,"whispers, whispering, whispered"
中級,whistle,verb/noun,吹哨子；哨子、哨聲,,,"whistles, whistling, whistled"
初級,white,adj./noun,白色的；白色,,,"whiter, whitest, whites"
初級,who,pron./conj.,誰、什麼人,,,
中級,whoever,pron./conj.,誰、任何人,= whomever,,
初級,whole,adj./noun,整體的；整體,,,wholes
中高級,wholesale,noun/adv./adj./verb,批發；大批地；大批的；批發價,,,"wholesales, wholesaling, wholesaled"
中高級,wholesome,adj.,有益健康的、有道德的,,,
初級,whom,pron./conj.,誰、什麼人,,,
初級,whose,determiner/conj.,誰的,,,
初級,why,adv./conj.,為什麼,,,
中級,wicked,adj.,邪惡的、淘氣的,,,"wickeder, wickedest"
初級,wide,adj.,寬的,,,"wider, widest"
初級,widen,verb,加寬、擴大,,,"widens, widening, widened"
中級,widespread,adj.,普遍的、廣泛的,,L8,
中高級,widow,noun/verb,寡婦；使喪偶,,,"widows, widowing, widowed"
中高級,widower,noun,鰥夫,,,widowers
初級,width,noun,寬度,,,widths
初級,wife,noun,妻子,,,wives
中高級,wig,noun,假髮,,,wigs
初級,wild,adj./noun,野生的、荒野的；野外,,,"wilder, wildest, wilds"
中級,wilderness,noun,荒野,,,wildernesses
中級,wildlife,noun,野生動物,,,
中級,wildly,adv.,瘋狂地、失控地,,,
中級,will,noun,意志、心願、遺囑,,,wills
初級,will,aux.,將(要)、能、願意,,,
初級,willing,adj.,願意的,,,
中級,willow,noun,柳(樹),,,willows
初級,win,verb/noun,贏；勝利,,,"wins, winning, won"
初級,wind,noun,風,,,winds
初級,window,noun,窗戶,,,windows
中高級,windshield,noun,擋風玻璃,,,windshields
初級,windy,adj.,多風的,,,"windier, windiest"
初級,wine,noun,酒,,,wines
初級,wing,noun,翅膀,,,wings
中高級,winger,noun,邊鋒球員,,,wingers
中級,wink,verb/noun,眨眼(示意)、閃爍,,,"winks, winking, winked"
初級,winner,noun,獲勝的人,,,winners
中高級,winning,adj./noun,獲勝的、迷人的；贏得物(錢),,,winnings
初級,winter,noun,冬天,,,winters
中級,wipe,verb/noun,擦拭、抹掉；(濕)抹布、(濕)紙巾,,,"wipes, wiping, wiped"
中級,wire,noun/verb,金屬絲、電線；用金屬絲綑紮,,,"wires, wiring, wired"
中級,wisdom,noun,智慧、明智,,,wisdoms
初級,wise,adj.,有智慧的,,,"wiser, wisest"
初級,wish,verb/noun,希望；希望、願望,,,"wishes, wishing, wished"
中級,wit,noun,機智風趣(的人),,,wits
中級,witch,noun,女巫,,,witches
初級,with,prep.,跟…一起、用、有,,,
中級,withdraw,verb,提領(錢)、撤回,,,"withdraws, withdrawing, withdrew, withdrawn"
中高級,withdrawal,noun,撤走、退出、提款,,,withdrawals
中高級,wither,verb,枯萎、(希望)破滅,,,"withers, withering, withered"
中高級,withhold,verb,拒絕給予、保留,,,"withholds, withholding, withheld"
初級,within,prep./adv.,以內；在裡面,,,
初級,without,prep.,沒有,,,
中高級,withstand,verb,承受、耐得住,,,"withstands, withstanding, withstood"
中級,witness,noun/verb,目擊者、證人；目擊、見證,,,"witnesses, witnessing, witnessed"
中高級,witty,adj.,機智的、言語詼諧的,,,"wittier, wittiest"
中級,wizard,noun,男巫,,,wizards
中高級,woe,noun,問題、困難、哀傷,,,woes
初級,wok,noun,鍋,,,woks
初級,wolf,noun,狼,,,wolves
初級,woman,noun,女人,,,women
初級,women's room,noun,女洗手間、女廁,= ladies' room,,
初級,wonder,verb/noun,想知道、感到驚訝(奇)；驚奇、奇景,,,"wonders, wondering, wondered"
初級,wonderful,adj.,精采的、極好的,,,
中高級,woo,verb,懇請…的支持、求愛,,,"woos, wooing, wooed"
初級,wood,noun,木頭,,,woods
初級,wooden,adj.,木製的,,,
中高級,woodland,noun,樹林、林區,,,woodlands
中高級,woodpecker,noun,啄木鳥,,,woodpeckers
中級,wool,noun,毛(絨),,,wools
初級,word,noun,字彙,,,words
初級,work,noun/verb,工作,,,"works, working, worked"
初級,workbook,noun,練習簿、作業本,,,workbooks
初級,worker,noun,工人,,,workers
中高級,workforce,noun,全體員工、勞動力,,,workforces
中級,working,adj./noun,工作的、暫定的；運作,,,workings
中高級,workman,noun,勞工、工匠,,,workmen
中級,workout,noun,(身體)鍛鍊、訓練,,,workouts
中高級,workplace,noun,工作場所,,,workplaces
中級,workshop,noun,專題討論會、工作坊,,,workshops
初級,world,noun,世界,,,worlds
中級,worldwide,adv./adj.,在世界各地；世界各地的,,,
中級,worm,noun/verb,蠕蟲、寄生蟲；擠過、鑽過,,,"worms, worming, wormed"
中級,worn,adj.,用舊的、磨壞的、精疲力盡的,,,
初級,worry,verb/noun,擔心、煩惱,,,"worries, worrying, worried"
初級,worse,adj./adv.,更差的；更差地,,,
中高級,worsen,verb,惡化、變得更糟,,,"worsens, worsening, worsened"
中高級,worship,verb/noun,崇拜、熱愛,,,"worships, worshipping, worshiping, worshipped, worshiped"
初級,worst,adj./adv.,最差的；最差地,,,
初級,worth,adj./noun,值…；價值,,,
中級,worthless,adj.,無用的、無價值的,,,
中級,worthwhile,adj.,值得(花費時間或金錢)的,,,
中級,worthy,adj./noun,有價值的、值得的,,,"worthier, worthiest, worthies"
初級,would,aux.,(表示婉轉的請求)請、將會、就會,,,
中高級,would-be,adj.,想成為…的,,,
初級,wound,noun/verb,傷口；受傷,,,"wounds, wounding, wounded"
中級,wow,interj./verb,哇；使驚嘆,,,"wows, wowing, wowed"
中級,wrap,verb/noun,包、裹；披肩、包裝材料,,,"wraps, wrapping, wrapped"
中級,wrapping,noun,包裝材料,,,wrappings
中高級,wreath,noun,花圈、花環,,,wreaths
中級,wreck,verb/noun,使(船)失事、毀壞；船難、殘骸,,,"wrecks, wrecking, wrecked"
中高級,wrench,verb,猛拉、猛扭,,,"wrenches, wrenching, wrenched"
中高級,wrench,noun,(離別的)痛苦,,,wrenches
中高級,wrestle,noun/verb,摔角、鬥爭；摔角、全力對付,,,"wrestles, wrestling, wrestled"
中高級,wretched,adj.,感到不適的、極壞的,,,
中高級,wring,verb/noun,擰、絞出(水) 、(因焦急或煩惱)扭絞雙手；絞、擰、扭,,,"wrings, wringing, wrung"
中級,wrinkle,noun/verb,皺紋、皺褶；皺起、起皺褶,,,"wrinkles, wrinkling, wrinkled"
初級,wrist,noun,手腕,,,wrists
初級,write,verb,寫,,,"writes, writing, wrote, written"
初級,writer,noun,作家,,,writers
中級,writing,noun,寫、寫作、筆跡、作品,,,
中級,written,adj.,書面的,,,
初級,wrong,adj./adv./noun,錯誤的；錯誤地；錯誤,,,"worse, worst, wrongs"
中級,X-ray,noun/verb,X光(片)；照X光,,,"X-rays, X-raying, X-rayed"
中高級,yacht,noun,遊艇、快艇,,,yachts
中級,yam,noun,番薯、山藥,= sweet potato (American English),,yams
初級,yard,noun,院子,,,yards
中高級,yarn,noun,紗線；編造的故事、奇談,,,yarns
中高級,yarn,verb,編造故事、長談,,,"yarns, yarning, yarned"
中級,yawn,verb/noun,打哈欠；哈欠,,,"yawns, yawning, yawned"
初級,yeah,interj./adv.,是啊,= yes,,
初級,year,noun,年,,,years
初級,yearly,adj./adv.,每年的；每年,,,
中高級,yearn,verb,渴求、渴望,,,"yearns, yearning, yearned"
中高級,yeast,noun,酵母、酵母菌,,,yeasts
中級,yell,verb/noun,喊叫,,,"yells, yelling, yelled"
初級,yellow,adj./noun,黃色的；黃色,,,"yellower, yellowest, yellows"
中高級,yen,noun,日元,,,yens
中高級,yen,verb,渴望,,,"yens, yenning, yenned"
初級,yes,interj./adv.,是的,= yeah,,
初級,yesterday,adv./noun,昨天,,,yesterdays
初級,yet,adv./conj.,還；然而,,,
中高級,yield,verb,服從、屈服；出產、產生(效果、收益),,,"yields, yielding, yielded"
中高級,yield,noun,產量、利潤,,,yields
中高級,yoga,noun,瑜珈,,,
中級,yogurt,noun,優格,= yoghurt,,yogurts
中高級,yoke,noun,軛、枷鎖,,,yokes
中高級,yoke,verb,使結合,,,"yokes, yoking, yoked"
中級,yolk,noun,蛋黃,,,yolks
初級,you,pron.,你,,,
初級,young,adj./noun,年輕的；年輕人,,,"younger, youngest"
中級,youngster,noun,年輕人、小孩,,,youngsters
初級,your,determiner,你的,,,
初級,yours,pron.,你的,,,
初級,yourself,pron.,你自己,,,
初級,youth,noun,青年,,,youths
中級,youthful,adj.,青年的、年輕的,,,
中高級,yucky,adj.,討厭的、令人厭惡的,,,"yuckier, yuckiest"
初級,yummy,adj.,美味的,,,
中高級,zeal,noun,熱情、激情,,,
初級,zebra,noun,斑馬,,,zebras
初級,zero,number/pron./noun/adj.,零,,,"zeros, zeroes"
中高級,zinc,noun,鋅,,,zincs
中高級,zip,verb,拉拉鍊、快速移動,= ZIP/zone improvement plan/zip code,,"zips, zipping, zipped"
中級,zipper,noun,拉鍊,,,zippers
中級,zone,noun/verb,地區、區域；分區,,,"zones, zoning, zoned"
初級,zoo,noun,動物園,,,zoos
中高級,zoom,verb/noun,快速移動、急劇增長；(車輛)疾馳的聲音,,,"zooms, zooming, zoomed"
