級數,字彙,中文釋義/詞性,變化型態
第一級,a/an,art.,
第一級,ability,n.,abilities
第一級,able,adj.,"abler,ablest"
第一級,about,prep./adv.,
第一級,above,prep./adv./adj.,
第一級,abroad,adv.,
第一級,across,prep./adv.,
第一級,act,n./v.,"acts,acting,acted"
第一級,action,n.,actions
第一級,actor/actress,n.,"actors,actresses"
第一級,add,v.,"adds,adding,added"
第一級,afraid,adj.,
第一級,after,prep./conj./adv. ask v.,
第一級,afternoon,n.,afternoons
第一級,again,adv.,
第一級,age,n./v.,"ages,aging,aged"
第一級,ago,adv.,
第一級,agree(ment),v./(n.)    ,"agrees,agreeing,agreed,agreements"
第一級,air,n.,
第一級,airplane/plane,n.,"airplanes,planes"
第一級,airport,n.,airports
第一級,all,adj./adv./pron./n. ,
第一級,allow,v.,"allows,allowing,allowed"
第一級,almost,adv.,
第一級,along,prep./adv.,
第一級,already,adv.,
第一級,also,adv.,
第一級,although,conj.,
第一級,always,adv.,
第一級,am/a.m.,adv.,
第一級,and,conj.,
第一級,angry,adj.,"angrier,angriest"
第一級,animal,n.,animals
第一級,another,adj./pron.,
第一級,answer,n./v.,"answers,answering,answered"
第一級,ant,n.,ants
第一級,any,pron./adj./adv.,
第一級,anybody/anyone,pron.,
第一級,anything,pron.,
第一級,apartment,n.,apartments
第一級,appear,v.,"appears,appearing,appeared"
第一級,apple,n.,apples
第一級,area,n.,areas
第一級,arm,n./v.,"arms,arming,armed"
第一級,around,prep./adv.,
第一級,arrive,v.,"arrives,arriving,arrived"
第一級,art,n.,arts
第一級,as,conj./adv./prep.,
第一級,ask,v.,"asks,asking,asked"
第一級,at,prep.,
第一級,attack,n./v.,"attacks,attacking,attacked"
第一級,aunt,n.,aunts
第一級,away,adv.,
第一級,baby,n.,babies
第一級,back,adv./n./v./adj.,"backs,backing,backed,backer,backest"
第一級,bad,adj.,"worse,worst"
第一級,bag,n.,bags
第一級,ball,n./v.,"balls,balling,balled"
第一級,banana,n.,bananas
第一級,band,n.,bands
第一級,bank,n./v.,"banks,banking,banked"
第一級,baseball,n.,baseballs
第一級,basket,n.,baskets
第一級,basketball,n.,basketballs
第一級,bat,n./v.,"bats,batting,batted"
第一級,bath,n.,baths
第一級,bathroom,n.,bathrooms
第一級,be,v./aux.,"is,being,was/were,been"
第一級,beach,n./v.,"beaches,beaching,beached"
第一級,bean,n.,beans
第一級,bear,v./n.,"bears,bearing,bore,borne"
第一級,beautiful,adj.,
第一級,because,conj.,
第一級,become,v.,"becomes,becoming,became,become"
第一級,bed,n.,beds
第一級,bedroom,n.,bedrooms
第一級,bee,n.,bees
第一級,beef,n.,beefs
第一級,before,prep./conj./adv.,
第一級,begin,v.,"begins,beginning,began,begun"
第一級,behind,prep./adv.,
第一級,believe,v.,"believes,believing,believed"
第一級,bell,n.,bells
第一級,belong,v.,"belongs,belonging,belonged"
第一級,below,adv./prep.,
第一級,belt,n./v.,"belts,belting,belted"
第一級,bench,n.,benches
第一級,beside,prep.,
第一級,best,adj./adv./v./n.,"bests,besting,bested"
第一級,between,prep./adv.,
第一級,bicycle/bike,n.,"bicycles,bikes"
第一級,big,adj.,"bigger,biggest"
第一級,bird,n.,birds
第一級,bite,n./v.,"bites,biting,bit,bitten"
第一級,black,adj./n.,"blacks,blacker,blackest"
第一級,blind,adj./v.,"blinds,blinding,blinded,blinder,blindest"
第一級,block,n./v.,"blocks,blocking,blocked"
第一級,blow,v.,"blows,blowing,blew,blown"
第一級,blue,adj./n.,"blues,bluer,bluest"
第一級,boat,n.,boats
第一級,body,n.,bodies
第一級,book,n./v.,"books,booking,booked"
第一級,bored,adj.,
第一級,boring,adj.,
第一級,born,adj.,
第一級,borrow,v.,"borrows,borrowing,borrowed"
第一級,boss,n./v.,"bosses,bossing,bossed"
第一級,both,pron./adv./adj.,
第一級,bottle,n./v.,"bottles,bottling,bottled"
第一級,bottom,n./adj./v.,"bottoms,bottoming,bottomed"
第一級,bow,n./v.,"bows,bowing,bowed"
第一級,bowl,n.,bowls
第一級,box,n./v.,"boxes,boxing,boxed"
第一級,boy,n.,boys
第一級,brave,adj.,"braver,bravest"
第一級,bread,n.,
第一級,break,n./v.,"breaks,breaking,broke,broken"
第一級,breakfast,n./v.,"breakfasts,breakfasting,breakfasted"
第一級,bridge,n./v.,"bridges,bridging,bridged"
第一級,bright,adj./adv.,"brighter,brightest"
第一級,bring,v.,"brings,bringing,brought"
第一級,brother,n.,brothers
第一級,brown,adj./v./n.,"browns,browning,browned,browner,brownest"
第一級,bug,n./v.,"bugs,bugging,bugged"
第一級,build,v.,"builds,building,built"
第一級,bus,n.,buses
第一級,business,n.,businesses
第一級,busy,adj.,"busier,busiest"
第一級,but,conj./prep./adv.,
第一級,butter,n./v.,"butters,buttering,buttered"
第一級,butterfly,n.,butterflies
第一級,button,n./v.,"buttons,buttoning,buttoned"
第一級,buy,v./n.,"buys,buying,bought"
第一級,by,prep./adv.,
第一級,cake,n.,cakes
第一級,call,v./n.,"calls,calling,called"
第一級,camera,n.,cameras
第一級,camp,n./v.,"camps,camping,camped"
第一級,can,aux./n./v.,"cans,canning,canned"
第一級,cap,n./v.,"caps,capping,capped"
第一級,car,n.,cars
第一級,card,n.,cards
第一級,care,n./v.,"cares,caring,cared"
第一級,careful,adj.,
第一級,carrot,n.,carrots
第一級,carry,v.,"carries,carrying,carried"
第一級,case,n./v.,"cases,casing,cased"
第一級,cat,n.,cats
第一級,catch,v./n.,"catches,catching,caught"
第一級,celebrate,v.,"celebrates,celebrating,celebrated"
第一級,cellphone,n.,cellphones
第一級,cent,n.,cents
第一級,center,n.,centers
第一級,certain,adj./pron.,
第一級,chair,n./v.,"chairs,chairing,chaired"
第一級,chance,n./v.,"chances,chancing,chanced"
第一級,change,n./v.,"changes,changing,changed"
第一級,cheap,adj./adv.,"cheaper,cheapest"
第一級,check,v./n.,"checks,checking,checked"
第一級,cheese,n.,cheeses
第一級,chicken,n.,chickens
第一級,child,n.,children
第一級,chocolate,n.,chocolates
第一級,choice,n./adj.,"choices,choicer,choicest"
第一級,choose,v.,"chooses,choosing,chose,chosen"
第一級,church,n.,churches
第一級,circle,n./v.,"circles,circling,circled"
第一級,city,n.,cities
第一級,class,n./v.,"classes,classing,classed"
第一級,clean,adj./v./adv./n.,"cleans,cleaning,cleaned,cleaner,cleanest"
第一級,clear,adj./v./adv.,"clears,clearing,cleared,clearer,clearest"
第一級,clerk,n.,clerks
第一級,climb,v./n.,"climbs,climbing,climbed"
第一級,clock,n.,clocks
第一級,close,adj./adv./v./n.,"closes,closing,closed,closer,closest"
第一級,clothes,n.,
第一級,cloud,n.,clouds
第一級,club,n./v.,"clubs,clubbing,clubbed"
第一級,coat,n./v.,"coats,coating,coated"
第一級,coffee,n.,coffees
第一級,cold,adj./n.,"colds,colder,coldest"
第一級,collect,v.,"collects,collecting,collected"
第一級,color,n./v.,"colors,coloring,colored"
第一級,come,v.,"comes,coming,came,come"
第一級,comfortable,adj.,
第一級,common,adj./n.,commons
第一級,computer,n.,computers
第一級,convenient,adj.,
第一級,cook,v./n.,"cooks,cooking,cooked"
第一級,cookie,n.,cookies
第一級,cool,adj./v./n.,"cools,cooling,cooled,cooler,coolest"
第一級,copy,n./v.,"copies,copying,copied"
第一級,corner,n.,corners
第一級,correct,adj./v.,"corrects,correcting,corrected"
第一級,cost,n./v.,"costs,costing,cost"
第一級,couch,n./v.,"couches,couching,couched"
第一級,count,v./n.,"counts,counting,counted"
第一級,country,n.,countries
第一級,course,n./v.,"courses,coursing,coursed"
第一級,cousin,n.,cousins
第一級,cover,v./n.,"covers,covering,covered"
第一級,cow,n.,cows
第一級,crazy,adj.,"crazier,craziest"
第一級,cross,n./v.,"crosses,crossing,crossed"
第一級,cry,v./n.,"cries,crying,cried"
第一級,cup,n.,cups
第一級,cut,v./n.,"cuts,cutting,cut"
第一級,cute,adj.,"cuter,cutest"
第一級,dance,n./v.,"dances,dancing,danced"
第一級,dangerous,adj.,
第一級,dark,adj./n.,"darks,darker,darkest"
第一級,date,n./v.,"dates,dating,dated"
第一級,daughter,n.,daughters
第一級,day,n.,days
第一級,dead,adj.,"deader,deadest"
第一級,deal,n./v.,"deals,dealing,dealt"
第一級,dear,adj./n./adv.,"dears,dearer,dearest"
第一級,death,n.,deaths
第一級,decide,v.,"decides,deciding,decided"
第一級,deep,adj./adv.,"deeper,deepest"
第一級,define,v.,"defines,defining,defined"
第一級,desk,n.,desks
第一級,dictionary,n.,dictionaries
第一級,die,v.,"dies,dying,died"
第一級,different,adj.,
第一級,difficult,adj.,
第一級,dig,v./n.,"digs,digging,dug"
第一級,dinner,n.,dinners
第一級,dirty,adj./v.,"dirties,dirtying,dirtied,dirtier,dirtiest"
第一級,dish,n./v.,"dishes,dishing,dished"
第一級,do,aux./v.,"does,doing,did,done"
第一級,doctor/doc,n.,"doctors,docs"
第一級,dog,n.,dogs
第一級,doll,n.,dolls
第一級,dollar,n.,dollars
第一級,door,n.,doors
第一級,down,adv./prep./adj./n./v. ,"downs,downing,downed,downer,downest"
第一級,dozen,n.,dozens
第一級,draw,v./n.,"draws,drawing,drew,drawn"
第一級,dream,n./v.,"dreams,dreaming,dreamed,dreamt"
第一級,dress,n./v.,"dresses,dressing,dressed"
第一級,drink,v./n.,"drinks,drinking,drank,drunk"
第一級,drive,v./n.,"drives,driving,drove,driven"
第一級,driver,n.,drivers
第一級,drop,v./n.,"drops,dropping,dropped"
第一級,drum,n./v.,"drums,drumming,drummed"
第一級,dry,adj./v.,"dries,drying,dried,drier,driest"
第一級,duck,n./v.,"ducks,ducking,ducked"
第一級,during,prep.,
第一級,each,pron./adj./adv.,
第一級,ear,n.,ears
第一級,early,adj./adv.,"earlier,earliest"
第一級,earth,n.,earths
第一級,east,n./adj./adv.,
第一級,easy,adj.,"easier,easiest"
第一級,eat,v.,"eats,eating,ate,eaten"
第一級,egg,n.,eggs
第一級,either,adv./pron./adj./conj. ,
第一級,elephant,n.,elephants
第一級,else,adv.,
第一級,email,n./v.,"emails,emailing,emailed"
第一級,end,n./v.,"ends,ending,ended"
第一級,engineer,n.,engineers
第一級,enjoy(ment),v./(n.),"enjoys,enjoying,enjoyed,enjoyments"
第一級,enough,adv./adj./n.,
第一級,enter,v.,"enters,entering,entered"
第一級,envelope,n.,envelopes
第一級,eraser,n.,erasers
第一級,error,n.,errors
第一級,even,adv./adj./v.,"evens,evening,evened"
第一級,evening,n.,evenings
第一級,ever,adv.,
第一級,every,adj.,
第一級,everyone/everybody,n./v.,"everyones,everyoning,everyoned,everybodies,everybodying,everybodied"
第一級,everything,pron.,
第一級,example,n.,examples
第一級,excellent,adj.,
第一級,except,prep./conj.,
第一級,excited,adj.,
第一級,exciting,adj.,
第一級,exercise,n./v.,"exercises,exercising,exercised"
第一級,expect,v.,"expects,expecting,expected"
第一級,expensive,adj.,
第一級,experience,n./v.,"experiences,experiencing,experienced"
第一級,explain,v.,"explains,explaining,explained"
第一級,eye,n.,eyes
第一級,face,n./v.,"faces,facing,faced"
第一級,fact,n.,facts
第一級,factory,n.,factories
第一級,fail,v./n.,"fails,failing,failed"
第一級,fall,n./v.,"falls,falling,fell,fallen"
第一級,family,n.,families
第一級,famous,adj.,
第一級,fan,n./v.,"fans,fanning,fanned"
第一級,far,adv./adj.,"farther/further,farthest/furthest"
第一級,farm,n./v.,"farms,farming,farmed"
第一級,farmer,n.,farmers
第一級,fast,adv./adj.,"faster,fastest"
第一級,fat,n./adj.,"fats,fatter,fattest"
第一級,father,n.,fathers
第一級,feed,v./n.,"feeds,feeding,fed"
第一級,feel,v./n.,"feels,feeling,felt"
第一級,festival,n.,festivals
第一級,few,adj./pron.,
第一級,fight,v./n.,"fights,fighting,fought"
第一級,file,n./v.,"files,filing,filed"
第一級,fill,v./n.,"fills,filling,filled"
第一級,finally,adv.,
第一級,find,v./n.,"finds,finding,found"
第一級,fine,adj./adv./v./n.,"fines,fining,fined,finer,finest"
第一級,finger,n./v.,"fingers,fingering,fingered"
第一級,finish,v./n.,"finishes,finishing,finished"
第一級,fire,n./v.,"fires,firing,fired"
第一級,first,n./adv./adj.,
第一級,fish,n./v.,"fishes,fishing,fished"
第一級,floor,n./v.,"floors,flooring,floored"
第一級,flower,n./v.,"flowers,flowering,flowered"
第一級,fly,v./n.,"flies,flying,flew,flown"
第一級,follow,v.,"follows,following,followed"
第一級,food,n.,foods
第一級,fool,n./v.,"fools,fooling,fooled"
第一級,foot,n./v.,"feet,foots,footing,footed"
第一級,for,prep./conj.,
第一級,foreign,adj.,
第一級,foreigner,n.,foreigners
第一級,forget,v.,"forgets,forgetting,forgot,forgotten"
第一級,fork,n.,forks
第一級,free,adj./v./adv.,"frees,freeing,freed,freer,freest"
第一級,fresh,adj.,"fresher,freshest"
第一級,friend,n.,friends
第一級,friendly,adj.,"friendlier,friendliest"
第一級,frog,n.,frogs
第一級,from,prep.,
第一級,front,adj./n.,"fronts,fronter,frontest"
第一級,fruit,n.,fruits
第一級,full,adj.,"fuller,fullest"
第一級,fun,n.,
第一級,funny,adj.,"funnier,funniest"
第一級,future,n./adj.,futures
第一級,game,n.,games
第一級,garden,n./v.,"gardens,gardening,gardened"
第一級,gate,n.,gates
第一級,get,v.,"gets,getting,got,gotten"
第一級,ghost,n.,ghosts
第一級,giant,adj./n.,"giants,gianter,giantest"
第一級,gift,n.,gifts
第一級,girl,n.,girls
第一級,give,v.,"gives,giving,gave,given"
第一級,glad,adj.,"gladder,gladdest"
第一級,glass,n.,glasses
第一級,glasses,n.,
第一級,glove(s),n.,gloves
第一級,go,v./n.,"goes,going,went,gone"
第一級,god/goddess,n.,"gods,goddesses"
第一級,good,adj./adv./n.,"goods,better,best"
第一級,goodbye,n.,goodbyes
第一級,grade,n./v.,"grades,grading,graded"
第一級,grandfather,n.,grandfathers
第一級,grandmother,n.,grandmothers
第一級,grass,n.,grasses
第一級,gray,adj./n./v.,"grays,graying,grayed,grayer,grayest"
第一級,great,adj./n.,"greats,greater,greatest"
第一級,green,adj./n./v.,"greens,greening,greened,greener,greenest"
第一級,ground,n./v.,"grounds,grounding,grounded"
第一級,group,n./v.,"groups,grouping,grouped"
第一級,grow,v.,"grows,growing,grew,grown"
第一級,guess,v./n.,"guesses,guessing,guessed"
第一級,guitar,n.,guitars
第一級,guy,n.,guys
第一級,habit,n.,habits
第一級,hair,n.,hairs
第一級,half,n./adv./adj.,
第一級,ham,n.,hams
第一級,hand,n./v.,"hands,handing,handed"
第一級,hang,v.,"hangs,hanging,hung"
第一級,happen,v.,"happens,happening,happened"
第一級,happy,adj.,"happier,happiest"
第一級,hard,adj./adv.,"harder,hardest"
第一級,hat,n.,hats
第一級,hate,v./n.,"hates,hating,hated"
第一級,have,aux./v.,"has,having,had"
第一級,"he (him, his, himself) ",pron.,"him,his,himself"
第一級,head,n./v.,"heads,heading,headed"
第一級,headache,n.,headaches
第一級,health,n.,
第一級,healthy,adj.,"healthier,healthiest"
第一級,hear,v.,"hears,hearing,heard"
第一級,heart,n.,hearts
第一級,heat,n./v.,"heats,heating,heated"
第一級,heavy,adj.,"heavier,heaviest"
第一級,height,n.,heights
第一級,hello,n.,helloes
第一級,help,v./n.,"helps,helping,helped"
第一級,helpful,adj.,
第一級,hen,n.,hens
第一級,here,adv./n.,heres
第一級,hide,v.,"hides,hiding,hid,hidden"
第一級,high,adj./adv./n.,"highs,higher,highest"
第一級,hill,n.,hills
第一級,history,n.,histories
第一級,hit,v./n.,"hits,hitting,hit"
第一級,hobby,n.,hobbies
第一級,hold,v./n.,"holds,holding,held"
第一級,holiday,n.,holidays
第一級,home,n./adv./v./adj.,"homes,homing,homed,homer,homest"
第一級,homework,n.,
第一級,honest,adj.,
第一級,honey,n.,honeys
第一級,hope,v./n.,"hopes,hoping,hoped"
第一級,horse,n.,horses
第一級,hospital,n.,hospitals
第一級,hot,adj.,"hotter,hottest"
第一級,hotel,n.,hotels
第一級,hour,n.,hours
第一級,house,n./v.,"houses,housing,housed"
第一級,housewife,n.,housewives
第一級,how,adv.,
第一級,however,adv.,
第一級,hundred,n./adj.,hundreds
第一級,hungry,adj.,"hungrier,hungriest"
第一級,hurt,v./n.,"hurts,hurting,hurt"
第一級,husband,n.,husbands
第一級,"I (me, my, mine, myself) ",pron.,"me,my,mine,myself"
第一級,ice,n.,ices
第一級,idea,n.,ideas
第一級,if,conj.,
第一級,important,adj.,
第一級,in,prep./adv./adj.,
第一級,inch,n.,inches
第一級,insect,n.,insects
第一級,inside,prep./adv./n./adj.,insides
第一級,interest,n./v.,"interests,interesting,interested"
第一級,interested,adj.,
第一級,interesting,adj.,
第一級,interview,n./v.,"interviews,interviewing,interviewed"
第一級,into,prep.,
第一級,invite,v.,"invites,inviting,invited"
第一級,island,n.,islands
第一級,"it (its, itself)",pron.,"its,itself"
第一級,item,n.,items
第一級,jacket,n.,jackets
第一級,jeans,n.,
第一級,job,n.,jobs
第一級,join,v./n.,"joins,joining,joined"
第一級,joke,n./v.,"jokes,joking,joked"
第一級,joy,n.,joys
第一級,juice,n.,juices
第一級,jump,v./n.,"jumps,jumping,jumped"
第一級,just,adv./adj.,
第一級,keep,v./n.,"keeps,keeping,kept"
第一級,key,adj./n./v.,"keys,keying,keyed,keyer,keyest"
第一級,kick,v./n.,"kicks,kicking,kicked"
第一級,kid,n./v.,"kids,kidding,kidded"
第一級,kill,v./n.,"kills,killing,killed"
第一級,kind,adj./n.,"kinds,kinder,kindest"
第一級,king,n.,kings
第一級,kiss,n./v.,"kisses,kissing,kissed"
第一級,kitchen,n.,kitchens
第一級,kite,n.,kites
第一級,knee,n./v.,"knees,kneeing,kneed"
第一級,knife,n./v.,"knives,knifes,knifing,knifed"
第一級,knock,v./n.,"knocks,knocking,knocked"
第一級,know,v.,"knows,knowing,knew,known"
第一級,knowledge,n.,
第一級,lake,n.,lakes
第一級,lamp,n.,lamps
第一級,land,n./v.,"lands,landing,landed"
第一級,language,n.,languages
第一級,large,adj.,"larger,largest"
第一級,last,n./v./adv./adj.,"lasts,lasting,lasted"
第一級,late,adj./adv.,"later,latest"
第一級,later,adv.,
第一級,laugh,v./n.,"laughs,laughing,laughed"
第一級,lawyer,n.,lawyers
第一級,lazy,adj.,"lazier,laziest"
第一級,lead,v./n.,"leads,leading,led"
第一級,leader,n.,leaders
第一級,learn,v.,"learns,learning,learned/learnt"
第一級,least,adv./pron./adj.,
第一級,leave,v./n.,"leaves,leaving,left"
第一級,left,adj./n./adv.,
第一級,leg,n.,legs
第一級,lemon,n.,lemons
第一級,less,pron./adv./adj./prep.,
第一級,lesson,n.,lessons
第一級,let,v.,"lets,letting,let"
第一級,letter,n.,letters
第一級,level,n./adj.,levels
第一級,library,n.,libraries
第一級,lie,v./n.,"lies,lying,lay,lain,lied"
第一級,life,n.,lives
第一級,light,n./adj./v./adv.,"lights,lighting,lit,lighter,lightest"
第一級,like,prep./v./n.,"likes,liking,liked"
第一級,line,n./v.,"lines,lining,lined"
第一級,lion,n.,lions
第一級,lip,n.,lips
第一級,list,n./v.,"lists,listing,listed"
第一級,listen,v.,"listens,listening,listened"
第一級,little,adj./adv./n.,"less,least"
第一級,live,v./adj.,"lives,living,lived,liver,livest"
第一級,lonely,adj.,
第一級,long,adj./adv./v.,"longs,longing,longed,longer,longest"
第一級,look,v./n.,"looks,looking,looked"
第一級,lose,v.,"loses,losing,lost"
第一級,lot,n.,lots
第一級,loud,adv./adj.,"louder,loudest"
第一級,love,n./v.,"loves,loving,loved"
第一級,lovely,adj.,
第一級,low,adj./adv./n.,"lows,lower,lowest"
第一級,lucky,adj.,"luckier,luckiest"
第一級,lunch,n./v.,"lunches,lunching,lunched"
第一級,machine,n./v.,"machines,machining,machined"
第一級,mad,adj.,"madder,maddest"
第一級,magic,adj./n.,magics
第一級,mail,n./v.,"mails,mailing,mailed"
第一級,main,adj./n.,
第一級,make,v.,"makes,making,made"
第一級,man,n./v.,"men,mans,manning,manned"
第一級,many,adj./pron.,"more,most"
第一級,map,n./v.,"maps,mapping,mapped"
第一級,mark,n./v.,"marks,marking,marked"
第一級,market,n./v.,"markets,marketing,marketed"
第一級,married,adj.,
第一級,mathematics/math,n. ,maths
第一級,matter,n./v.,"matters,mattering,mattered"
第一級,may,aux.,
第一級,maybe,adv.,
第一級,meal,n.,meals
第一級,mean,v./adj.,"means,meaning,meant,meaner,meanest"
第一級,meat,n.,
第一級,media,n.,medias
第一級,medicine,n.,medicines
第一級,medium,adj.,
第一級,meet,v.,"meets,meeting,met"
第一級,meeting,n.,meetings
第一級,member,n.,members
第一級,menu,n.,menus
第一級,middle,adj./n.,"middles,middler,middlest"
第一級,milk,n.,
第一級,million,n.,millions
第一級,mind,n./v.,"minds,minding,minded"
第一級,mine,n./v.,"mines,mining,mined"
第一級,minute,n.,minutes
第一級,miss,v./n.,"misses,missing,missed"
第一級,mistake,n./v.,"mistakes,mistaking,mistook,mistaken"
第一級,modern,adj.,
第一級,moment,n.,moments
第一級,money,n.,
第一級,monkey,n.,monkeys
第一級,month,n.,months
第一級,moon,n.,moons
第一級,more,adj./pron./adv.,
第一級,morning,n.,mornings
第一級,most,adv./pron./adj.,
第一級,mother,n.,mothers
第一級,mountain,n.,mountains
第一級,mouse,n.,mice
第一級,mouth,n./v.,"mouths,mouthing,mouthed"
第一級,move(ment),v./(n.),"moves,moving,moved,movements"
第一級,movie/film,n.,"movies,films"
第一級,Mr./Mister,n.,Misters
第一級,Mrs.,n.,
第一級,Ms.,n.,
第一級,much,adj./pron./adv.,"more,most"
第一級,mud,n.,muds
第一級,museum,n.,museums
第一級,music,n.,
第一級,must,aux./n.,musts
第一級,name,n./v.,"names,naming,named"
第一級,national,adj.,
第一級,nature,n.,natures
第一級,near,prep./adj./adv./v.,"nears,nearing,neared,nearer,nearest"
第一級,neck,n.,necks
第一級,need,v./n./aux.,"needs,needing,needed"
第一級,net,n./v.,"nets,netting,netted"
第一級,never,adv.,
第一級,new,adj.,"newer,newest"
第一級,news,n.,
第一級,newspaper,n.,newspapers
第一級,next,adj./adv.,
第一級,nice,adj.,"nicer,nicest"
第一級,night,n.,nights
第一級,no/nope,adj./adv./n.,"nopes,noper,nopest"
第一級,nobody,pron./n.,
第一級,noise,n.,noises
第一級,noisy,adj.,"noisier,noisiest"
第一級,noon,n.,noons
第一級,north,n./adj./adv.,"norths,norther,northest"
第一級,nose,n.,noses
第一級,not,adv.,
第一級,note,n./v.,"notes,noting,noted"
第一級,nothing,pron./n.,
第一級,notice,v./n.,"notices,noticing,noticed"
第一級,now,adv./n.,nows
第一級,number,n./v.,"numbers,numbering,numbered"
第一級,nurse,n./v.,"nurses,nursing,nursed"
第一級,O.K./OK/okay,adj./adv./n./v.,"O.K.,OKs,OKing,OKed,okays,okaying,okayed,okayer,okayest"
第一級,o’clock,adv.,
第一級,of,prep.,
第一級,off,adv./prep./adj.,
第一級,office,n.,offices
第一級,officer,n.,officers
第一級,often,adv.,
第一級,oil,n./v.,"oils,oiling,oiled"
第一級,old,adj.,"older,oldest"
第一級,on,prep./adv.,
第一級,once,adv./conj./n.,onces
第一級,online,adj.,
第一級,only,adv./adj./conj.,
第一級,open,adj./v.,"opens,opening,opened"
第一級,or,conj.,
第一級,orange,adj./n.,oranges
第一級,order,n./v.,"orders,ordering,ordered"
第一級,other,adj./pron.,
第一級,out,adv./prep./adj./n./v. ,"outs,outing,outed,outer,outest"
第一級,outside,prep./adv./adj./n. ,outsides
第一級,over,prep./adv.,
第一級,own,adj./pron./v.,"owns,owning,owned"
第一級,pack,n./v.,"packs,packing,packed"
第一級,package,n.,packages
第一級,page,n.,pages
第一級,paint,n./v.,"paints,painting,painted"
第一級,pair,n.,pairs
第一級,pants,n.,pantses
第一級,paper,n./v.,"papers,papering,papered"
第一級,parent(s),n.,parents
第一級,park,n./v.,"parks,parking,parked"
第一級,part,n./v.,"parts,parting,parted"
第一級,party,n./v.,"parties,partying,partied"
第一級,pass,v./n.,"passes,passing,passed"
第一級,past,adj./n./prep./adv.,
第一級,pay(ment),v./(n.)      ,"pays,paying,paid,payments"
第一級,pen,n./v.,"pens,penning,penned"
第一級,pencil,n.,pencils
第一級,people,n./v.,"peoples,peopling,peopled"
第一級,perhaps,adv.,
第一級,person,n.,people
第一級,pet,n./v.,"pets,petting,petted"
第一級,photograph/photo,n./v.,"photographs,photographing,photographed,photos,photoes,photoing,photoed"
第一級,piano,n.,pianos
第一級,pick,v./n.,"picks,picking,picked"
第一級,picnic,n./v.,"picnics,picnicking,picnicked"
第一級,picture,n./v.,"pictures,picturing,pictured"
第一級,pie,n.,pies
第一級,piece,n./v.,"pieces,piecing,pieced"
第一級,pig,n./v.,"pigs,pigging,pigged"
第一級,pin,n./v.,"pins,pinning,pinned"
第一級,pink,adj./n.,"pinks,pinker,pinkest"
第一級,pipe,n./v.,"pipes,piping,piped"
第一級,place,n./v.,"places,placing,placed"
第一級,plan,n./v.,"plans,planning,planned"
第一級,planet,n.,planets
第一級,plant,n./v.,"plants,planting,planted"
第一級,plate,n.,plates
第一級,play,v./n.,"plays,playing,played"
第一級,player,n.,players
第一級,please,v.,"pleases,pleasing,pleased"
第一級,pleasure,n.,pleasures
第一級,pm/p.m.,adv.,
第一級,pocket,n./v.,"pockets,pocketing,pocketed"
第一級,point,n./v.,"points,pointing,pointed"
第一級,police,n./v.,"polices,policing,policed"
第一級,polite,adj.,
第一級,pond,n.,ponds
第一級,pool,n./v.,"pools,pooling,pooled"
第一級,poor,adj.,"poorer,poorest"
第一級,popcorn,n.,popcorns
第一級,popular,adj.,
第一級,possible,adj.,
第一級,pot,n./v.,"pots,potting,potted"
第一級,potato,n.,potatoes
第一級,power,n./v.,"powers,powering,powered"
第一級,practice,n./v.,"practices,practicing,practiced"
第一級,prepare,v.,"prepares,preparing,prepared"
第一級,present,adj./n./v.,"presents,presenting,presented"
第一級,pretty,adv./adj.,"prettier,prettiest"
第一級,price,n./v.,"prices,pricing,priced"
第一級,probably,adv.,
第一級,problem,n.,problems
第一級,program,n./v.,"programs,programming,programmed"
第一級,proud,adj.,"prouder,proudest"
第一級,public,adj./n.,publics
第一級,pull,v./n.,"pulls,pulling,pulled"
第一級,push,v./n.,"pushes,pushing,pushed"
第一級,put,v.,"puts,putting,put"
第一級,quarter,n.,quarters
第一級,queen,n.,queens
第一級,question,n./v.,"questions,questioning,questioned"
第一級,quick,adj./adv.,"quicker,quickest"
第一級,quiet,adj./n./v.,"quiets,quieting,quieted,quieter,quietest"
第一級,quite,adv.,
第一級,rabbit,n.,rabbits
第一級,race,n./v.,"races,racing,raced"
第一級,radio,n./v.,"radios,radioes,radioing,radioed"
第一級,rain,n./v.,"rains,raining,rained"
第一級,rainbow,n.,rainbows
第一級,rainy,adj.,"rainier,rainiest"
第一級,raise,v./n.,"raises,raising,raised"
第一級,reach,v./n.,"reaches,reaching,reached"
第一級,read,v.,"reads,reading,read"
第一級,ready,adj./v.,"readies,readying,readied,readier,readiest"
第一級,real,adj.,"realer,realest"
第一級,really,adv.,
第一級,reason,n./v.,"reasons,reasoning,reasoned"
第一級,red,adj./n.,"reds,redder,reddest"
第一級,relative,adj./n.,relatives
第一級,remember,v.,"remembers,remembering,remembered"
第一級,repeat,v.,"repeats,repeating,repeated"
第一級,report,n./v.,"reports,reporting,reported"
第一級,reporter,n.,reporters
第一級,rest,n./v.,"rests,resting,rested"
第一級,restaurant,n.,restaurants
第一級,rice,n.,
第一級,rich,adj.,"richer,richest"
第一級,ride,n./v.,"rides,riding,rode,ridden"
第一級,right,adv./adj./n.,"rights,righter,rightest"
第一級,ring,n./v.,"rings,ringing,rang,rung"
第一級,rise,n./v.,"rises,rising,rose,risen"
第一級,river,n.,rivers
第一級,road,n.,roads
第一級,robot,n.,robots
第一級,rock,n./v.,"rocks,rocking,rocked"
第一級,roll,v./n.,"rolls,rolling,rolled"
第一級,room,n./v.,"rooms,rooming,roomed"
第一級,root,n.,roots
第一級,rope,n.,ropes
第一級,rose,n.,roses
第一級,round,adj./n./adv./prep./v. ,"rounds,rounding,rounded,rounder,roundest"
第一級,row,n./v.,"rows,rowing,rowed"
第一級,rule,n./v.,"rules,ruling,ruled"
第一級,ruler,n.,rulers
第一級,run,v.,"runs,running,ran,run"
第一級,sad,adj.,"sadder,saddest"
第一級,safe,adj./n.,"saves,safer,safest"
第一級,salad,n.,salads
第一級,sale,n.,sales
第一級,salt,n./v./adj.,"salts,salting,salted,salter,saltest"
第一級,same,adj./pron./adv.,
第一級,save,v.,"saves,saving,saved"
第一級,say,v.,"says,saying,said"
第一級,school,n./v.,"schools,schooling,schooled"
第一級,science,n.,sciences
第一級,sea,n.,seas
第一級,season,n.,seasons
第一級,seat,n./v.,"seats,seating,seated"
第一級,second,adj./n./adv.,
第一級,secretary,n.,secretaries
第一級,see,v.,"sees,seeing,saw,seen"
第一級,seed,n.,seeds
第一級,sell,v.,"sells,selling,sold"
第一級,send,v.,"sends,sending,sent"
第一級,sentence,n./v.,"sentences,sentencing,sentenced"
第一級,serious,adj.,
第一級,service,n.,services
第一級,set,v./n.,"sets,setting,set"
第一級,several,adj./pron.,
第一級,shake,v./n.,"shakes,shaking,shook,shaken"
第一級,shall,aux.,
第一級,shape,n.,shapes
第一級,share,v./n.,"shares,sharing,shared"
第一級,sharp,adj./adv.,"sharper,sharpest"
第一級,"she (her, hers, herself)",pron.,"her,hers,herself"
第一級,sheep,n.,
第一級,ship,n./v.,"ships,shipping,shipped"
第一級,shirt,n.,shirts
第一級,shoe(s),n.,shoes
第一級,shop,n./v.,"shops,shopping,shopped"
第一級,short,adj.,"shorter,shortest"
第一級,shorts,n.,shortses
第一級,shoulder,n.,shoulders
第一級,shout,v./n.,"shouts,shouting,shouted"
第一級,show,v./n.,"shows,showing,showed,shown"
第一級,shower,n./v.,"showers,showering,showered"
第一級,sick,adj.,"sicker,sickest"
第一級,side,n.,sides
第一級,sight,n./v.,"sights,sighting,sighted"
第一級,sign,n./v.,"signs,signing,signed"
第一級,simple,adj.,"simpler,simplest"
第一級,since,conj./prep./adv. ,
第一級,sing,v.,"sings,singing,sang,sung"
第一級,singer,n.,singers
第一級,sir,n.,sirs
第一級,sister,n.,sisters
第一級,sit,v.,"sits,sitting,sat"
第一級,size,n./v.,"sizes,sizing,sized"
第一級,skirt,n.,skirts
第一級,sky,n.,skies
第一級,sleep,n./v.,"sleeps,sleeping,slept"
第一級,slim,adj.,"slimmer,slimmest"
第一級,slow,adj./v./adv.,"slows,slowing,slowed,slower,slowest"
第一級,small,adj./n./adv.,"smalls,smaller,smallest"
第一級,smart,adj.,"smarter,smartest"
第一級,smell,n./v.,"smells,smelling,smelled"
第一級,smile,n./v.,"smiles,smiling,smiled"
第一級,smoke,n./v.,"smokes,smoking,smoked"
第一級,snake,n./v.,"snakes,snaking,snaked"
第一級,snow,n./v.,"snows,snowing,snowed"
第一級,so,adv./conj.,
第一級,sofa,n.,sofas
第一級,soldier,n.,soldiers
第一級,some,adj./pron.,
第一級,someone/somebody,pron./n.,
第一級,something,pron./n.,
第一級,sometimes,adv.,
第一級,somewhere,adv.,
第一級,son,n.,sons
第一級,song,n.,songs
第一級,soon,adv.,"sooner,soonest"
第一級,sore,adj./n.,"sores,sorer,sorest"
第一級,sorry,adj.,"sorrier,sorriest"
第一級,sound,n.,sounds
第一級,soup,n.,soups
第一級,south,n./adj./adv.,"souths,souther,southest"
第一級,space,n./v.,"spaces,spacing,spaced"
第一級,speak,v.,"speaks,speaking,spoke,spoken"
第一級,special,adj.,
第一級,spell,v.,"spells,spelling,spelled"
第一級,spend,v.,"spends,spending,spent"
第一級,spring,n./v.,"springs,springing,sprang,sprung"
第一級,square,n./adj.,"squares,squarer,squarest"
第一級,stair,n.,stairs
第一級,stand,v./n.,"stands,standing,stood"
第一級,star,n./v.,"stars,starring,starred"
第一級,start,v./n.,"starts,starting,started"
第一級,station,n.,stations
第一級,stay,v./n.,"stays,staying,stayed"
第一級,still,adv./adj.,"stiller,stillest"
第一級,stop,v./n.,"stops,stopping,stopped"
第一級,store,n./v.,"stores,storing,stored"
第一級,story,n.,stories
第一級,straight,adv./adj./n.,"straights,straighter,straightest"
第一級,strange,adj.,"stranger,strangest"
第一級,street,n.,streets
第一級,string,n.,strings
第一級,strong,adj.,"stronger,strongest"
第一級,student,n.,students
第一級,study,n./v.,"studies,studying,studied"
第一級,stupid,adj.,
第一級,subject,n.,subjects
第一級,successful,adj.,
第一級,sugar,n.,
第一級,sun,n./v.,"suns,sunning,sunned"
第一級,sunny,adj.,"sunnier,sunniest"
第一級,supermarket,n.,supermarkets
第一級,sure,adj./adv.,"surer,surest"
第一級,surprise,n./v.,"surprises,surprising,surprised"
第一級,surprised,adj.,
第一級,sweet,adj.,"sweeter,sweetest"
第一級,T-shirt,n.,
第一級,table,n.,tables
第一級,tail,n.,tails
第一級,take,v.,"takes,taking,took,taken"
第一級,talk,v./n.,"talks,talking,talked"
第一級,tall,adj.,"taller,tallest"
第一級,tape,n.,tapes
第一級,taste,n./v.,"tastes,tasting,tasted"
第一級,taxicab/taxi/cab,n.,"taxicabs,taxis,cabs"
第一級,tea,n.,teas
第一級,teach,v.,"teaches,teaching,taught"
第一級,teacher,n.,teachers
第一級,team,n./v.,"teams,teaming,teamed"
第一級,teenager,n.,teenagers
第一級,telephone/phone,n./v.,"telephones,telephoning,telephoned,phones,phoning,phoned"
第一級,television/TV,n.,"televisions,TVs"
第一級,tell,v.,"tells,telling,told"
第一級,temple,n.,temples
第一級,tennis,n.,tennises
第一級,terrible,adj.,
第一級,test,n./v.,"tests,testing,tested"
第一級,than,conj./prep.,
第一級,thank,v./n.,"thanks,thanking,thanked"
第一級,that,conj./pron./adv./adj.,
第一級,the,art.,
第一級,theater,n.,theaters
第一級,then,adv./adj.,
第一級,there,adv./n.,theres
第一級,these,pron./adj.,
第一級,"they (them, their, theirs, themselves)",pron.,"them,their,theirs,themselves"
第一級,thick,adj.,"thicker,thickest"
第一級,thin,adj.,"thinner,thinnest"
第一級,thing,n.,things
第一級,think,v.,"thinks,thinking,thought"
第一級,third,adj./n./adv.,
第一級,this,pron./adv./adj.,
第一級,those,pron./adj.,
第一級,though,conj./adv.,
第一級,thousand,n./adj.,thousands
第一級,throat,n.,throats
第一級,through,prep./adv.,
第一級,throw,v./n.,"throws,throwing,threw,thrown"
第一級,ticket,n.,tickets
第一級,tidy,adj./v.,"tidies,tidying,tidied,tidier,tidiest"
第一級,tie,n./v.,"ties,tying,tied"
第一級,tiger,n.,tigers
第一級,time,n./v.,"times,timing,timed"
第一級,tip,n./v.,"tips,tipping,tipped"
第一級,tired,adj.,
第一級,to,prep.,
第一級,today,adv./n.,todays
第一級,toe,n.,toes
第一級,together,adv.,
第一級,toilet,n.,toilets
第一級,tomato,n.,tomatoes
第一級,tomorrow,adv./n.,tomorrows
第一級,tonight,adv./n.,tonights
第一級,too,adv.,
第一級,tool,n.,tools
第一級,tooth,n.,teeth
第一級,top,n./adj./v.,"tops,topping,topped,topper,toppest"
第一級,topic,n.,topics
第一級,total,adj./n./v.,"totals,totaling,totaled"
第一級,touch,n./v.,"touches,touching,touched"
第一級,towel,n./v.,"towels,toweling,toweled"
第一級,town,n.,towns
第一級,toy,n.,toys
第一級,traffic,n./v.,"traffics,trafficking,trafficked"
第一級,train,n./v.,"trains,training,trained"
第一級,treat(ment),v./(n.),"treats,treating,treated,treatments"
第一級,tree,n.,trees
第一級,trip,n./v.,"trips,tripping,tripped"
第一級,trouble,n./v.,"troubles,troubling,troubled"
第一級,truck,n.,trucks
第一級,try,v./n.,"tries,trying,tried"
第一級,turn,v./n.,"turns,turning,turned"
第一級,twice,adv.,
第一級,type,n./v.,"types,typing,typed"
第一級,uncle,n.,uncles
第一級,under,prep./adv.,
第一級,understand,v.,"understands,understanding,understood"
第一級,uniform,n.,uniforms
第一級,until,conj./prep.,
第一級,up,adv./prep./adj./v./n.,"ups,uping,uped"
第一級,use,v./n.,"uses,using,used"
第一級,useful,adj.,
第一級,usually,adv.,
第一級,vegetable,n.,vegetables
第一級,very,adv.,
第一級,video,n./v./adj.,"videos,videoing,videoed"
第一級,violin,n.,violins
第一級,visit,v./n.,"visits,visiting,visited"
第一級,visitor,n.,visitors
第一級,voice,n.,voices
第一級,wait,v./n.,"waits,waiting,waited"
第一級,wake,v.,"wakes,waking,woke,woken"
第一級,walk,v./n.,"walks,walking,walked"
第一級,wall,n.,walls
第一級,want,v./n.,"wants,wanting,wanted"
第一級,warm,adj./v.,"warms,warming,warmed,warmer,warmest"
第一級,watch,v./n.,"watches,watching,watched"
第一級,water,n./v.,"waters,watering,watered"
第一級,wave,n./v.,"waves,waving,waved"
第一級,way,n.,ways
第一級,"we (us, our, ours, ourselves)",pron.,"us,our,ours,ourselves"
第一級,weak,adj.,"weaker,weakest"
第一級,wear,v.,"wears,wearing,wore,worn"
第一級,weather,n./v.,"weathers,weathering,weathered"
第一級,week,n.,weeks
第一級,weekend,n./v.,"weekends,weekending,weekended"
第一級,welcome,v./adj./n.,"welcomes,welcoming,welcomed"
第一級,well,adv./adj./n.,"wells,better,best"
第一級,west,n./adj./adv.,
第一級,wet,adj./v.,"wets,wetting,wet,wetter,wettest"
第一級,what,pron./adj.,
第一級,when,adv./conj./pron.,
第一級,where,conj./adv./pron./n.,wheres
第一級,whether,conj.,
第一級,which,pron./adj.,
第一級,while,conj./n./v.,"whiles,whiling,whiled"
第一級,white,adj./n.,"whites,whiter,whitest"
第一級,who,pron.,
第一級,whose,pron.,
第一級,why,adv./n.,whies
第一級,wide,adj./adv.,"wider,widest"
第一級,wife,n.,wives
第一級,will,aux./n.,wills
第一級,win,v./n.,"wins,winning,won"
第一級,wind,n./v.,"winds,winding,wound"
第一級,window,n.,windows
第一級,wise,adj.,"wiser,wisest"
第一級,wish,v./n.,"wishes,wishing,wished"
第一級,with,prep.,
第一級,without,prep./adv.,
第一級,woman,n.,women
第一級,wonderful,adj.,
第一級,word,n.,words
第一級,work,n./v.,"works,working,worked"
第一級,worker,n.,workers
第一級,world,n.,worlds
第一級,worry,v./n.,"worries,worrying,worried"
第一級,write,v.,"writes,writing,wrote,written"
第一級,writer,n.,writers
第一級,wrong,adj./adv./n./v.,"wrongs,wronging,wronged,wronger,wrongest"
第一級,yard,n.,yards
第一級,year,n.,years
第一級,yellow,adj./n./v.,"yellows,yellowing,yellowed,yellower,yellowest"
第一級,yes/yeah,adv./n.,"yeses,yeahs"
第一級,yesterday,adv./n.,yesterdays
第一級,yet,adv./conj.,
第一級,"you (your, yours, yourself, yourselves)",pron.,"your,yours,yourself,yourselves"
第一級,young,adj./n.,"youngs,younger,youngest"
第一級,zero,n.,zeros
第一級,zoo,n.,zoos
第二級,absence,n.,absences
第二級,absent,adj./v.,"absents,absenting,absented"
第二級,accept,v.,"accepts,accepting,accepted"
第二級,accident,n.,accidents
第二級,account,n./v.,"accounts,accounting,accounted"
第二級,active,adj.,
第二級,activity,n.,activities
第二級,actual,adj.,
第二級,addition,n.,additions
第二級,address,v./n.,"addresses,addressing,addressed"
第二級,admit,v.,"admits,admitting,admitted"
第二級,adult,n./adj.,adults
第二級,advance,n./v.,"advances,advancing,advanced"
第二級,advice,n.,
第二級,affair,n.,affairs
第二級,affect,v.,"affects,affecting,affected"
第二級,against,prep.,
第二級,ahead,adv.,
第二級,aid,n./v.,"aids,aiding,aided"
第二級,aim,n./v.,"aims,aiming,aimed"
第二級,aircraft,n.,
第二級,alarm,n./v.,"alarms,alarming,alarmed"
第二級,album,n.,albums
第二級,alike,adv./adj.,
第二級,alive,adj.,
第二級,alone,adv./adj.,
第二級,aloud,adv.,
第二級,altogether,adv.,
第二級,among,prep.,
第二級,amount,n./v.,"amounts,amounting,amounted"
第二級,ancient,adj.,
第二級,anger,n.,angers
第二級,angle,n.,angles
第二級,ankle,n.,ankles
第二級,anytime,adv.,
第二級,anyway,adv.,
第二級,anywhere/anyplace,adv.,
第二級,ape,n.,apes
第二級,appearance,n.,appearances
第二級,appetite,n.,appetites
第二級,apply,v.,"applies,applying,applied"
第二級,appreciate,v.,"appreciates,appreciating,appreciated"
第二級,approach,n./v.,"approaches,approaching,approached"
第二級,argue(argument),v.,"argues,arguing,argued"
第二級,army,n.,armies
第二級,arrange(ment),v.,"arranges,arranging,arranged"
第二級,arrival,n.,arrivals
第二級,arrow,n.,arrows
第二級,article,n.,articles
第二級,artist,n.,artists
第二級,asleep,adj.,
第二級,attempt,n./v.,"attempts,attempting,attempted"
第二級,attend,v.,"attends,attending,attended"
第二級,attention,n.,attentions
第二級,author,n./v.,"authors,authoring,authored"
第二級,available,adj.,
第二級,average,adj./n./v.,"averages,averaging,averaged"
第二級,avoid,v.,"avoids,avoiding,avoided"
第二級,backpack,n./v.,"backpacks,backpacking,backpacked"
第二級,backward,adj.,
第二級,backward/backwards,adv.,
第二級,badminton,n.,badmintons
第二級,bake,v.,"bakes,baking,baked"
第二級,bakery,n.,bakeries
第二級,balance,n./v.,"balances,balancing,balanced"
第二級,balcony,n.,balconies
第二級,balloon,n.,balloons
第二級,bar,n./v.,"bars,barring,barred"
第二級,barbecue,n./v.,"barbecues,barbecuing,barbecued"
第二級,barber,n.,barbers
第二級,bark,n./v.,"barks,barking,barked"
第二級,base,n./v.,"bases,basing,based"
第二級,basic,adj.,
第二級,basics,n.,basicses
第二級,basis,n.,bases
第二級,bathe,v.,"bathes,bathing,bathed"
第二級,battle,n./v.,"battles,battling,battled"
第二級,beard,n.,beards
第二級,beat,v./n.,"beats,beating,beat,beaten"
第二級,beauty,n.,beauties
第二級,beer,n.,beers
第二級,beg,v.,"begs,begging,begged"
第二級,beginner,n.,beginners
第二級,behave,v.,"behaves,behaving,behaved"
第二級,being,n.,beings
第二級,belief,n.,beliefs
第二級,bend,v./n.,"bends,bending,bent"
第二級,better,adj./adv./n./v.,"betters,bettering,bettered"
第二級,beyond,prep./adv.,
第二級,bill,n./v.,"bills,billing,billed"
第二級,billion,n.,billions
第二級,birth,n.,births
第二級,biscuit,n.,biscuits
第二級,bit,n.,bits
第二級,blackboard,n.,blackboards
第二級,blame,v./n.,"blames,blaming,blamed"
第二級,blank,adj./n.,"blanks,blanker,blankest"
第二級,blanket,n./v.,"blankets,blanketing,blanketed"
第二級,blood,n.,bloods
第二級,board,n./v.,"boards,boarding,boarded"
第二級,boil,n./v.,"boils,boiling,boiled"
第二級,bone,n.,bones
第二級,bookstore,n.,bookstores
第二級,border,n./v.,"borders,bordering,bordered"
第二級,bother,v./n.,"bothers,bothering,bothered"
第二級,brain,n.,brains
第二級,branch,n./v.,"branches,branching,branched"
第二級,brand,n.,brands
第二級,brief,adj./n./v.,"briefs,briefing,briefed,briefer,briefest"
第二級,brilliant,adj.,
第二級,broad,adj.,"broader,broadest"
第二級,brush,n./v.,"brushes,brushing,brushed"
第二級,building,n.,buildings
第二級,bun,n.,buns
第二級,burden,n./v.,"burdens,burdening,burdened"
第二級,burn,v./n.,"burns,burning,burned/burnt"
第二級,burst,n./v.,"bursts,bursting,burst"
第二級,businessman,n.,businessmen
第二級,cabbage,n.,cabbages
第二級,café/cafe,n.,"cafés,caves"
第二級,cage,n./v.,"cages,caging,caged"
第二級,calendar,n.,calendars
第二級,calm,v./adj.,"calms,calming,calmed,calmer,calmest"
第二級,camel,n.,camels
第二級,cancel,v.,"cancels,canceling,canceled"
第二級,cancer,n.,cancers
第二級,candle,n.,candles
第二級,capital,n./adj.,capitals
第二級,cartoon,n./v.,"cartoons,cartooning,cartooned"
第二級,cash,n./v.,"cashes,cashing,cashed"
第二級,castle,n.,castles
第二級,cause,n./v.,"causes,causing,caused"
第二級,ceiling,n.,ceilings
第二級,cell,n.,cells
第二級,centimeter,n.,centimeters
第二級,central,adj.,
第二級,century,n.,centuries
第二級,cereal,n.,cereals
第二級,chain,n./v.,"chains,chaining,chained"
第二級,chalk,n./v.,"chalks,chalking,chalked"
第二級,challenge,n./v.,"challenges,challenging,challenged"
第二級,channel,n./v.,"channels,channeling,channeled"
第二級,chapter,n.,chapters
第二級,character,n.,characters
第二級,charge,n./v.,"charges,charging,charged"
第二級,chart,n.,charts
第二級,chase,n./v.,"chases,chasing,chased"
第二級,cheat,v./n.,"cheats,cheating,cheated"
第二級,cheer,v./n.,"cheers,cheering,cheered"
第二級,chemical,adj./n.,chemicals
第二級,chess,n.,
第二級,chief,adj./n.,"chiefs,chiefer,chiefest"
第二級,childhood,n.,childhoods
第二級,childish,adj.,
第二級,china,n.,chinas
第二級,chopstick(s),n.,chopsticks
第二級,claim,n./v.,"claims,claiming,claimed"
第二級,clap,v./n.,"claps,clapping,clapped"
第二級,classic,adj./n.,classics
第二級,classical,adj.,
第二級,classmate,n.,classmates
第二級,clever,adj.,"cleverer,cleverest"
第二級,click,v./n.,"clicks,clicking,clicked"
第二級,climate,n.,climates
第二級,cloth,n.,cloths
第二級,clothing,n.,
第二級,cloudy,adj.,"cloudier,cloudiest"
第二級,coal,n.,coals
第二級,coast,n.,coasts
第二級,cockroach/roach,n.,"cockroaches,roaches"
第二級,cocoa,n.,cocoas
第二級,coin,n./v.,"coins,coining,coined"
第二級,cola/Coke,n.,"colas,Cokes"
第二級,college,n.,colleges
第二級,comb,n./v.,"combs,combing,combed"
第二級,combine,v.,"combines,combining,combined"
第二級,comic(s),adj./n.,comics
第二級,command,n./v.,"commands,commanding,commanded"
第二級,commercial,adj./n.,commercials
第二級,company,n.,companies
第二級,compare,v.,"compares,comparing,compared"
第二級,complete,adj./v.,"completes,completing,completed"
第二級,complex,adj./n.,complexes
第二級,concern,n./v.,"concerns,concerning,concerned"
第二級,conclude,v.,"concludes,concluding,concluded"
第二級,condition,n./v.,"conditions,conditioning,conditioned"
第二級,confident,adj.,
第二級,conflict,n./v.,"conflicts,conflicting,conflicted"
第二級,congratulation(s),n.,congratulations
第二級,connection,n.,connections
第二級,consider,v.,"considers,considering,considered"
第二級,consideration,n.,considerations
第二級,contact,n./v.,"contacts,contacting,contacted"
第二級,contain,v.,"contains,containing,contained"
第二級,continue,v.,"continues,continuing,continued"
第二級,contract,n./v.,"contracts,contracting,contracted"
第二級,control,n./v.,"controls,controlling,controlled"
第二級,conversation,n.,conversations
第二級,corn,n.,corns
第二級,countryside,n.,countrysides
第二級,couple,n./v.,"couples,coupling,coupled"
第二級,courage,n.,courages
第二級,court,n.,courts
第二級,cowboy,n.,cowboys
第二級,crayon,n.,crayons
第二級,cream,n./adj.,"creams,creamer,creamest"
第二級,create,v.,"creates,creating,created"
第二級,crime,n.,crimes
第二級,crisis,n.,crises
第二級,crow,n.,crows
第二級,crowd,n./v.,"crowds,crowding,crowded"
第二級,cultural,adj.,
第二級,culture,n.,cultures
第二級,cure,n./v.,"cures,curing,cured"
第二級,curious,adj.,
第二級,current,adj./n.,currents
第二級,curtain,n./v.,"curtains,curtaining,curtained"
第二級,custom,n.,customs
第二級,customer,n.,customers
第二級,cycle,n./v.,"cycles,cycling,cycled"
第二級,daily,adj./adv./n.,"dailies,dailier,dailiest"
第二級,damage,n./v.,"damages,damaging,damaged"
第二級,dancer,n.,dancers
第二級,danger,n.,dangers
第二級,data,n.,datum
第二級,deaf,adj.,"deafer,deafest"
第二級,debate,n./v.,"debates,debating,debated"
第二級,debt,n.,debts
第二級,decision,n.,decisions
第二級,deer,n.,
第二級,degree,n.,degrees
第二級,delay,n./v.,"delays,delaying,delayed"
第二級,delicious,adj.,
第二級,deliver,v.,"delivers,delivering,delivered"
第二級,delivery,n.,deliveries
第二級,dentist,n.,dentists
第二級,deny,v.,"denies,denying,denied"
第二級,department,n.,departments
第二級,depend,v.,"depends,depending,depended"
第二級,depth,n.,depths
第二級,describe,v.,"describes,describing,described"
第二級,description,n.,descriptions
第二級,desert,n./v.,"deserts,deserting,deserted"
第二級,design,n./v.,"designs,designing,designed"
第二級,detail,n./v.,"details,detailing,detailed"
第二級,develop(ment),v.,"develops,developing,developed"
第二級,dial,n./v.,"dials,dialing,dialed"
第二級,dialogue,n.,dialogues
第二級,diamond,n.,diamonds
第二級,diary,n.,diaries
第二級,diet,n./v.,"diets,dieting,dieted"
第二級,difference,n.,differences
第二級,difficulty,n.,difficulties
第二級,direct,adj./v./adv.,"directs,directing,directed"
第二級,direction,n.,directions
第二級,director,n.,directors
第二級,disagree(ment),v.,"disagrees,disagreeing,disagreed"
第二級,disappear,v.,"disappears,disappearing,disappeared"
第二級,discover,v.,"discovers,discovering,discovered"
第二級,discovery,n.,discoveries
第二級,discuss,v.,"discusses,discussing,discussed"
第二級,discussion,n.,discussions
第二級,disease,n.,diseases
第二級,display,n./v.,"displays,displaying,displayed"
第二級,distance,n.,distances
第二級,distant,adj.,
第二級,divide,v./n.,"divides,dividing,divided"
第二級,division,n.,divisions
第二級,domestic,adj.,
第二級,dot,n./v.,"dots,dotting,dotted"
第二級,double,adj./v./n./adv.,"doubles,doubling,doubled,doubler,doublest"
第二級,doubt,n./v.,"doubts,doubting,doubted"
第二級,dove,n.,doves
第二級,download,v.,"downloads,downloading,downloaded"
第二級,downstairs,adv./n./adj.,downstairses
第二級,dragon,n.,dragons
第二級,drama,n.,dramas
第二級,drawer,n.,drawers
第二級,drawing,n.,drawings
第二級,drug,n./v.,"drugs,drugging,drugged"
第二級,dryer,n.,dryers
第二級,due,adj./adv./n.,
第二級,dull,adj./v.,"dulls,dulling,dulled,duller,dullest"
第二級,duty,n.,duties
第二級,eagle,n.,eagles
第二級,earn,v.,"earns,earning,earned"
第二級,earring(s),n.,earrings
第二級,earthquake,n.,earthquakes
第二級,ease,n./v.,"eases,easing,eased"
第二級,eastern,adj.,
第二級,edge,n./v.,"edges,edging,edged"
第二級,edition,n.,editions
第二級,education,n.,educations
第二級,effect,n./v.,"effects,effecting,effected"
第二級,effective,adj.,
第二級,effort,n.,efforts
第二級,elder,n./adj.,
第二級,electric,adj.,
第二級,electrical,adj.,
第二級,emotion,n.,emotions
第二級,emphasize,v.,"emphasizes,emphasizing,emphasized"
第二級,employ(ment),v.,"employs,employing,employed"
第二級,employee,n.,employees
第二級,employer,n.,employers
第二級,empty,adj./v.,"empties,emptying,emptied,emptier,emptiest"
第二級,encourage(ment),v.,"encourages,encouraging,encouraged"
第二級,ending,n.,endings
第二級,enemy,n.,enemies
第二級,energy,n.,energies
第二級,engine,n.,engines
第二級,entire,adj.,
第二級,entrance,n.,entrances
第二級,environment,n.,environments
第二級,environmental,adj.,
第二級,equal,adj./v./n.,"equals,equaling,equaled"
第二級,escape,v./n.,"escapes,escaping,escaped"
第二級,especially,adv.,
第二級,essay,n.,essays
第二級,eve,n.,eves
第二級,event,n.,events
第二級,evil,n./adj.,evils
第二級,exact,adj.,
第二級,examination/exam,n.,"examinations,exams"
第二級,examine,v.,"examines,examining,examined"
第二級,excite(ment),v.,"excites,exciting,excited"
第二級,excuse,v./n.,"excuses,excusing,excused"
第二級,exist,v.,"exists,existing,existed"
第二級,existence,n.,existences
第二級,exit,n./v.,"exits,exiting,exited"
第二級,expense,n.,expenses
第二級,expert,n./adj.,experts
第二級,express,v./adj./adv./n.,"expresses,expressing,expressed"
第二級,expression,n.,expressions
第二級,extra,adj./adv./n.,extras
第二級,eyebrow/brow,n.,"eyebrows,brows"
第二級,factor,n.,factors
第二級,failure,n.,failures
第二級,fair,adj./n./adv.,"fairs,fairer,fairest"
第二級,false,adj.,"falser,falsest"
第二級,fashion,n./v.,"fashions,fashioning,fashioned"
第二級,fate,n.,fates
第二級,fault,n./v.,"faults,faulting,faulted"
第二級,favor,n./v.,"favors,favoring,favored"
第二級,favorite,adj./n.,favorites
第二級,fear,n./v.,"fears,fearing,feared"
第二級,feature,n./v.,"features,featuring,featured"
第二級,fee,n.,fees
第二級,feeling,n.,feelings
第二級,fellow,n.,fellows
第二級,female,adj./n.,females
第二級,fever,n.,fevers
第二級,field,n.,fields
第二級,figure,n./v.,"figures,figuring,figured"
第二級,final,adj./n.,finals
第二級,fireman/firewoman,n.,"firemen,firewomen"
第二級,firm,n./adj./v./adv.,"firms,firming,firmed,firmer,firmest"
第二級,fisherman,n.,fishermen
第二級,fit,v./adj./n./adv.,"fits,fitting,fit/fitted,fitter,fittest"
第二級,fix,v./n.,"fixes,fixing,fixed"
第二級,flag,n.,flags
第二級,flat,adj./adv./n.,"flats,flatter,flattest"
第二級,flight,n.,flights
第二級,flow,n./v.,"flows,flowing,flowed"
第二級,flu,n.,flus
第二級,focus,n./v.,"focuses,focusing,focused,foci"
第二級,fog,n./v.,"fogs,fogging,fogged"
第二級,folk,n.,folks
第二級,following,adj./prep./n.,followings
第二級,foolish,adj.,
第二級,football,n.,footballs
第二級,force,n./v.,"forces,forcing,forced"
第二級,forest,n.,forests
第二級,forgive,v.,"forgives,forgiving,forgave,forgiven"
第二級,form,n./v.,"forms,forming,formed"
第二級,formal,adj.,
第二級,former,adj.,"formerer,formerest"
第二級,forth,adv.,
第二級,forward,adj./n./v.,"forwards,forwarding,forwarded"
第二級,forward/forwards,adv.,
第二級,found,v.,"founds,founding,founded"
第二級,fox,n.,foxes
第二級,freedom,n.,
第二級,friendship,n.,friendships
第二級,fries,n.,frieses
第二級,fry,v./n.,"fries,frying,fried"
第二級,function,n./v.,"functions,functioning,functioned"
第二級,furniture,n.,
第二級,further,adv./adj./v.,"furthers,furthering,furthered"
第二級,gain,v./n.,"gains,gaining,gained"
第二級,garbage,n.,
第二級,gardener,n.,gardeners
第二級,garlic,n.,garlics
第二級,gather,v.,"gathers,gathering,gathered"
第二級,general,adj./n.,generals
第二級,generous,adj.,
第二級,gentle,adj.,"gentler,gentlest"
第二級,gentleman,n.,gentlemen
第二級,giraffe,n.,girafves
第二級,glue,n./v.,"glues,gluing,glued"
第二級,goal,n.,goals
第二級,goat,n.,goats
第二級,gold,n./adj.,
第二級,golden,adj.,
第二級,goose,n.,geese
第二級,govern,v.,"governs,governing,governed"
第二級,government,n.,governments
第二級,gradual,adj.,
第二級,grain,n.,grains
第二級,gram,n.,grams
第二級,grand,adj.,"grander,grandest"
第二級,grape,n.,grapes
第二級,greet,v.,"greets,greeting,greeted"
第二級,growth,n.,growths
第二級,guard,n./v.,"guards,guarding,guarded"
第二級,guava,n.,guavas
第二級,guest,n.,guests
第二級,guide,n./v.,"guides,guiding,guided"
第二級,gun,n./v.,"guns,gunning,gunned"
第二級,gymnasium/gym,n.,"gymnasiums,gyms"
第二級,haircut,n.,haircuts
第二級,hall,n.,halls
第二級,hamburger/burger,n.,"hamburgers,burgers"
第二級,handle,v./n.,"handles,handling,handled"
第二級,handsome,adj.,"handsomer,handsomest"
第二級,hardly,adv.,
第二級,heaven,n.,heavens
第二級,hero/heroine,n.,"heroes,heroines"
第二級,highly,adv.,
第二級,highway,n.,highways
第二級,hike,n./v.,"hikes,hiking,hiked"
第二級,hip,n.,hips
第二級,hippopotamus/hippo,n.,"hippopotamuses,hippoes"
第二級,historical,adj.,
第二級,hole,n.,holes
第二級,hop,v./n.,"hops,hopping,hopped"
第二級,host/hostess,n.,"hosts,hostesses"
第二級,huge,adj.,"huger,hugest"
第二級,human,adj./n.,humans
第二級,humble,adj.,"humbler,humblest"
第二級,hunt,v./n.,"hunts,hunting,hunted"
第二級,hunter,n.,hunters
第二級,hurry,v./n.,"hurries,hurrying,hurried"
第二級,ideal,adj./n.,ideals
第二級,identity,n.,identities
第二級,ignore,v.,"ignores,ignoring,ignored"
第二級,ill,adj./adv./n.,
第二級,image,n.,images
第二級,imagine,v.,"imagines,imagining,imagined"
第二級,importance,n.,importances
第二級,impressive,adj.,
第二級,improve(ment),v.,"improves,improving,improved"
第二級,include,v.,"includes,including,included"
第二級,income,n.,incomes
第二級,increase,v./n.,"increases,increasing,increased"
第二級,indeed,adv.,
第二級,independence,n.,independences
第二級,independent,adj.,
第二級,indicate,v.,"indicates,indicating,indicated"
第二級,individual,adj./n.,individuals
第二級,industry,n.,industries
第二級,influence,n./v.,"influences,influencing,influenced"
第二級,ink,n./v.,"inks,inking,inked"
第二級,insist,v.,"insists,insisting,insisted"
第二級,instance,n.,instances
第二級,instant,adj./n.,instants
第二級,instead,adv.,
第二級,instruction,n.,instructions
第二級,instrument,n.,instruments
第二級,internal,adj.,
第二級,international,adj.,
第二級,Internet/internet,n.,Internets
第二級,introduce,v.,"introduces,introducing,introduced"
第二級,introduction,n.,introductions
第二級,iron,n./v./adj.,"irons,ironing,ironed"
第二級,jam,n./v.,"jams,jamming,jammed"
第二級,jog,v./n.,"jogs,jogging,jogged"
第二級,joint,adj./n.,"joints,jointer,jointest"
第二級,journal,n.,journals
第二級,judge,n./v.,"judges,judging,judged"
第二級,judgment/judgement,n.,"judgments,judgements"
第二級,justice,n.,
第二級,keeper,n.,keepers
第二級,ketchup,n.,ketchups
第二級,kilogram,n.,kilograms
第二級,lack,n./v.,"lacks,lacking,lacked"
第二級,lady,n.,ladies
第二級,ladybug,n.,ladybugs
第二級,lamb,n./v.,"lambs,lambing,lambed"
第二級,lane,n.,lanes
第二級,lantern,n.,lanterns
第二級,lap,n.,laps
第二級,latest,adj.,
第二級,latter,adj.,"latterer,latterest"
第二級,law,n.,laws
第二級,lay,v.,"lays,laying,laid"
第二級,leadership,n.,leaderships
第二級,leaf,n.,leaves
第二級,legal,adj.,
第二級,lend,v.,"lends,lending,lent"
第二級,length,n.,lengths
第二級,lens,n.,lenses
第二級,liberal,adj.,
第二級,lid,n.,lids
第二級,lift,v./n.,"lifts,lifting,lifted"
第二級,likely,adj./adv.,
第二級,limit,n./v.,"limits,limiting,limited"
第二級,link,n./v.,"links,linking,linked"
第二級,liquid,n.,liquids
第二級,listener,n.,listeners
第二級,liver,n.,livers
第二級,load,n./v.,"loads,loading,loaded"
第二級,local,adj./n.,locals
第二級,lone,adj.,
第二級,loss,n.,losses
第二級,lower,v.,"lowers,lowering,lowered"
第二級,luck,n.,lucks
第二級,magazine,n.,magazines
第二級,maintain,v.,"maintains,maintaining,maintained"
第二級,major,adj./n./v.,"majors,majoring,majored"
第二級,male,adj./n.,
第二級,manage(ment),v.,"manages,managing,managed"
第二級,manager,n.,managers
第二級,mango,n.,mangoes
第二級,manner,n.,manners
第二級,marriage,n.,marriages
第二級,marry,v.,"marries,marrying,married"
第二級,mask,n./v.,"masks,masking,masked"
第二級,mass,n.,masses
第二級,master,n./v.,"masters,mastering,mastered"
第二級,mat,n.,mats
第二級,match,n.,matches
第二級,mate,n./v.,"mates,mating,mated"
第二級,material,n.,materials
第二級,mature,adj.,
第二級,meaning,n.,meanings
第二級,means,n.,meanses
第二級,measure(ment),v.,"measures,measuring,measured"
第二級,medical,adj.,
第二級,melody,n.,melodies
第二級,membership,n.,memberships
第二級,memory,n.,memories
第二級,mention,v./n.,"mentions,mentioning,mentioned"
第二級,message,n.,messages
第二級,metal,n./adj.,metals
第二級,meter,n.,meters
第二級,method,n.,methods
第二級,midnight,n.,midnights
第二級,mile,n.,miles
第二級,military,adj./n.,militaries
第二級,minor,adj./n.,minors
第二級,minority,n.,minorities
第二級,mirror,n./v.,"mirrors,mirroring,mirrored"
第二級,mix,n./v.,"mixes,mixing,mixed"
第二級,mixture,n.,mixtures
第二級,model,n./v.,"models,modeling,modeled"
第二級,mood,n.,moods
第二級,mop,n./v.,"mops,mopping,mopped"
第二級,motion,n.,motions
第二級,motorcycle,n.,motorcycles
第二級,mug,n.,mugs
第二級,musical,adj./n.,musicals
第二級,musician,n.,musicians
第二級,nail,n.,nails
第二級,narrow,adj./v.,"narrows,narrowing,narrowed,narrower,narrowest"
第二級,nation,n.,nations
第二級,natural,adj.,
第二級,naughty,adj.,"naughtier,naughtiest"
第二級,nearby,adj./adv.,"nearbier,nearbiest"
第二級,nearly,adv.,
第二級,necessary,adj.,
第二級,necklace,n.,necklaces
第二級,needle,n.,needles
第二級,negative,adj./n.,negatives
第二級,neighbor,n.,neighbors
第二級,neither,adj./adv./pron./conj.,
第二級,nephew,n.,nephews
第二級,nerve,n.,nerves
第二級,nervous,adj.,
第二級,network,n./v.,"networks,networking,networked"
第二級,niece,n.,nieces
第二級,nod,n./v.,"nods,nodding,nodded"
第二級,none,pron./adv.,
第二級,noodle,n.,noodles
第二級,nor,conj.,
第二級,northern,adj.,
第二級,notebook,n.,notebooks
第二級,novel,n./adj.,novels
第二級,nut,n.,nuts
第二級,obey,v.,"obeys,obeying,obeyed"
第二級,object,n./v.,"objects,objecting,objected"
第二級,obvious,adj.,
第二級,occur,v.,"occurs,occurring,occurred"
第二級,ocean,n.,oceans
第二級,offer,v./n.,"offers,offering,offered"
第二級,official,adj./n.,officials
第二級,operate,v.,"operates,operating,operated"
第二級,operator,n.,operators
第二級,opinion,n.,opinions
第二級,ordinary,adj.,
第二級,organ,n.,organs
第二級,organization,n.,organizations
第二級,origin,n.,origins
第二級,owner,n.,owners
第二級,pain,n./v.,"pains,paining,pained"
第二級,painful,adj.,
第二級,painting,n.,paintings
第二級,pajamas,n.,pajamases
第二級,pale,adj.,"paler,palest"
第二級,pan,n.,pans
第二級,panda,n.,pandas
第二級,papaya,n.,papayas
第二級,pardon,n./v.,"pardons,pardoning,pardoned"
第二級,participate,v.,"participates,participating,participated"
第二級,particular,adj.,
第二級,partner,n.,partners
第二級,password,n.,passwords
第二級,paste,n./v.,"pastes,pasting,pasted"
第二級,path,n.,paths
第二級,patient,n./adj.,patients
第二級,pattern,n./v.,"patterns,patterning,patterned"
第二級,peace,n.,
第二級,peaceful,adj.,
第二級,peach,n.,peaches
第二級,peak,n./v.,"peaks,peaking,peaked"
第二級,pear,n.,pears
第二級,per,prep.,
第二級,perfect,adj./v./n.,"perfects,perfecting,perfected"
第二級,period,n.,periods
第二級,personal,adj.,
第二級,personality,n.,personalities
第二級,phrase,n./v.,"phrases,phrasing,phrased"
第二級,pillow,n.,pillows
第二級,pizza,n.,pizzas
第二級,plain,adj./n.,"plains,plainer,plainest"
第二級,platform,n.,platforms
第二級,playground,n.,playgrounds
第二級,pleasant,adj.,
第二級,plus,prep./n./adj.,
第二級,poem,n.,poems
第二級,poet,n.,poets
第二級,poetry,n.,poetries
第二級,poison,n./v.,"poisons,poisoning,poisoned"
第二級,policeman/cop,n.,"policemen,cops"
第二級,policy,n.,policies
第二級,pop,n./adj.,
第二級,population,n.,populations
第二級,pork,n.,porks
第二級,port,n.,ports
第二級,pose,v./n.,"poses,posing,posed"
第二級,position,n./v.,"positions,positioning,positioned"
第二級,positive,adj./n.,positives
第二級,possibility,n.,possibilities
第二級,post,n./v./adv.,"posts,posting,posted"
第二級,postcard,n.,postcards
第二級,pound,n.,pounds
第二級,powerful,adj.,
第二級,praise,n./v.,"praises,praising,praised"
第二級,pray,v.,"prays,praying,prayed"
第二級,prayer,n.,prayers
第二級,prefer,v.,"prefers,preferring,preferred"
第二級,president,n.,presidents
第二級,press,n./v.,"presses,pressing,pressed"
第二級,pressure,n./v.,"pressures,pressuring,pressured"
第二級,pride,n./v.,"prides,priding,prided"
第二級,priest,n.,priests
第二級,primary,adj.,
第二級,prince/princess,n.,"princes,princesses"
第二級,principal,adj./n.,principals
第二級,principle,n.,principles
第二級,print,n./v.,"prints,printing,printed"
第二級,printer,n.,printers
第二級,prison,n.,prisons
第二級,prisoner,n.,prisoners
第二級,private,adj.,
第二級,prize,n./v.,"prizes,prizing,prized"
第二級,produce,v./n.,"produces,producing,produced"
第二級,production,n.,productions
第二級,progress,n./v.,"progresses,progressing,progressed"
第二級,project,n.,projects
第二級,promise,n./v.,"promises,promising,promised"
第二級,proper,adj.,"properer,properest"
第二級,propose,v.,"proposes,proposing,proposed"
第二級,protect,v.,"protects,protecting,protected"
第二級,protective,adj.,
第二級,prove,v.,"proves,proving,proved,proven"
第二級,provide,v.,"provides,providing,provided"
第二級,pudding,n.,puddings
第二級,pumpkin,n.,pumpkins
第二級,punish(ment),v.,"punishes,punishing,punished"
第二級,pupil,n.,pupils
第二級,puppy,n.,puppies
第二級,purple,adj./n.,"purples,purpler,purplest"
第二級,purpose,n.,purposes
第二級,puzzle,n./v.,"puzzles,puzzling,puzzled"
第二級,quality,n.,qualities
第二級,quantity,n.,quantities
第二級,quiz,n.,quizes
第二級,railroad/railway,n.,"railroads,railways"
第二級,raincoat,n.,raincoats
第二級,range,n./v.,"ranges,ranging,ranged"
第二級,rapid,adj.,
第二級,rare,adj.,"rarer,rarest"
第二級,rat,n.,rats
第二級,rather,adv.,
第二級,reality,n.,realities
第二級,realize,v.,"realizes,realizing,realized"
第二級,receive,v.,"receives,receiving,received"
第二級,recent,adj.,
第二級,record,n./v.,"records,recording,recorded"
第二級,recover,v.,"recovers,recovering,recovered"
第二級,refrigerator/fridge,n.,"refrigerators,fridges"
第二級,refuse,v.,"refuses,refusing,refused"
第二級,regard,n./v.,"regards,regarding,regarded"
第二級,region,n.,regions
第二級,regular,adj./n.,regulars
第二級,reject,v.,"rejects,rejecting,rejected"
第二級,relate,v.,"relates,relating,related"
第二級,relation,n.,relations
第二級,relationship,n.,relationships
第二級,religion,n.,religions
第二級,remove,v.,"removes,removing,removed"
第二級,rent,n./v.,"rents,renting,rented"
第二級,repair,n./v.,"repairs,repairing,repaired"
第二級,reply,n./v.,"replies,replying,replied"
第二級,require(ment),v.,"requires,requiring,required"
第二級,respect,n./v.,"respects,respecting,respected"
第二級,respond,v.,"responds,responding,responded"
第二級,responsible,adj.,
第二級,restroom,n.,restrooms
第二級,result,n./v.,"results,resulting,resulted"
第二級,return,v./n.,"returns,returning,returned"
第二級,review,n./v.,"reviews,reviewing,reviewed"
第二級,riches,n.,richeses
第二級,rocky,adj.,"rockier,rockiest"
第二級,role,n.,roles
第二級,roof,n./v.,"roofs,roofing,roofed"
第二級,rooster,n.,roosters
第二級,royal,adj.,"royaller,royallest"
第二級,rub,v./n.,"rubs,rubbing,rubbed"
第二級,rubber,n.,rubbers
第二級,rude,adj.,"ruder,rudest"
第二級,runner,n.,runners
第二級,safety,n.,
第二級,sail,v./n.,"sails,sailing,sailed"
第二級,sailor,n.,sailors
第二級,salesperson/salesman/saleswoman,n.,"salespersons,salesmen,saleswomen"
第二級,salty,adj.,"saltier,saltiest"
第二級,sample,n./v.,"samples,sampling,sampled"
第二級,sand,n./v.,"sands,sanding,sanded"
第二級,sandwich,n./v.,"sandwiches,sandwiching,sandwiched"
第二級,satisfy,v.,"satisfies,satisfying,satisfied"
第二級,saw,v./n.,"saws,sawing,sawed,sawn/sawed"
第二級,scare,v./n.,"scares,scaring,scared"
第二級,scared,adj.,
第二級,scene,n.,scenes
第二級,schedule,n./v.,"schedules,scheduling,scheduled"
第二級,scooter,n.,scooters
第二級,score,n./v.,"scores,scoring,scored"
第二級,screen,n.,screens
第二級,seafood,n.,seafoods
第二級,search,n./v.,"searches,searching,searched"
第二級,secondary,adj.,
第二級,secret,adj./n.,secrets
第二級,section,n.,sections
第二級,seek,v.,"seeks,seeking,sought"
第二級,seem,v.,"seems,seeming,seemed"
第二級,seesaw,n.,seesaws
第二級,seldom,adv.,
第二級,select,v./adj.,"selects,selecting,selected"
第二級,selection,n.,selections
第二級,self,n.,selves
第二級,selfish,adj.,
第二級,sense,n./v.,"senses,sensing,sensed"
第二級,sensitive,adj.,
第二級,separate,adj./v.,"separates,separating,separated"
第二級,servant,n.,servants
第二級,serve,v.,"serves,serving,served"
第二級,settle(ment),v.,"settles,settling,settled"
第二級,sex,n.,sexes
第二級,shame,n./v.,"shames,shaming,shamed"
第二級,shark,n.,sharks
第二級,sheet,n.,sheets
第二級,shelf,n.,shelves
第二級,shell,n.,shells
第二級,shine,v./n.,"shines,shining,shone"
第二級,shock,n./v.,"shocks,shocking,shocked"
第二級,shoot,v./n.,"shoots,shooting,shot"
第二級,shopkeeper,n.,shopkeepers
第二級,shore,n.,shores
第二級,shot,n.,shots
第二級,shut,v./adj.,"shuts,shutting,shut"
第二級,shy,adj.,"shier,shiest"
第二級,sidewalk,n.,sidewalks
第二級,silence,n./v.,"silences,silencing,silenced"
第二級,silent,adj.,
第二級,silly,adj.,"sillier,silliest"
第二級,silver,n./adj.,"silverer,silverest"
第二級,similar,adj.,
第二級,simply,adv.,
第二級,single,adj./n./v.,"singles,singling,singled,singler,singlest"
第二級,skill,n.,skills
第二級,skilled,adj.,
第二級,skin,n.,skins
第二級,sleepy,adj.,"sleepier,sleepiest"
第二級,slide,n./v.,"slides,sliding,slid"
第二級,slip,v./n.,"slips,slipping,slipped"
第二級,slipper(s),n.,slippers
第二級,smooth,adj./v.,"smooths,smoothing,smoothed,smoother,smoothest"
第二級,snack,n./v.,"snacks,snacking,snacked"
第二級,snail,n.,snails
第二級,snowy,adj.,"snowier,snowiest"
第二級,soap,n./v.,"soaps,soaping,soaped"
第二級,soccer,n.,soccers
第二級,social,adj.,
第二級,society,n.,societies
第二級,sock(s),n.,socks
第二級,soda,n.,sodas
第二級,soft,adj.,"softer,softest"
第二級,soil,n.,soils
第二級,solution,n.,solutions
第二級,solve,v.,"solves,solving,solved"
第二級,somewhat,adv.,
第二級,sort,n./v.,"sorts,sorting,sorted"
第二級,soul,n.,souls
第二級,sour,adj./n./v.,"sours,souring,soured,sourer,sourest"
第二級,source,n.,sources
第二級,southern,adj.,
第二級,soybean,n.,soybeans
第二級,speaker,n.,speakers
第二級,speech,n.,speeches
第二級,speed,n./v.,"speeds,speeding,sped,speeded"
第二級,spelling,n.,spellings
第二級,spider,n.,spiders
第二級,spirit,n.,spirits
第二級,spoon,n.,spoons
第二級,sport,n./v.,"sports,sporting,sported"
第二級,spot,n./v.,"spots,spotting,spotted"
第二級,spread,v./n.,"spreads,spreading,spread"
第二級,stage,n./v.,"stages,staging,staged"
第二級,stamp,n./v.,"stamps,stamping,stamped"
第二級,standard,adj./n.,standards
第二級,state(ment),v.,"states,stating,stated"
第二級,steak,n.,steaks
第二級,steel,n./v.,"steels,steeling,steeled"
第二級,step,n./v.,"steps,stepping,stepped"
第二級,stick,v./n.,"sticks,sticking,stuck"
第二級,stomachache,n.,stomachaches
第二級,stone,n./v.,"stones,stoning,stoned"
第二級,storm,n./v.,"storms,storming,stormed"
第二級,stranger,n.,strangers
第二級,strawberry,n.,strawberries
第二級,stream,n./v.,"streams,streaming,streamed"
第二級,stress,n./v.,"stresses,stressing,stressed"
第二級,stretch,n./v.,"stretches,stretching,stretched"
第二級,strict,adj.,"stricter,strictest"
第二級,strike,n./v.,"strikes,striking,struck"
第二級,struggle,n./v.,"struggles,struggling,struggled"
第二級,style,n./v.,"styles,styling,styled"
第二級,subway/underground/metro,n.,"subways,undergrounds,metroes"
第二級,succeed,v.,"succeeds,succeeding,succeeded"
第二級,success,n.,successes
第二級,such,adj./pron.,
第二級,sudden,adj./n.,suddens
第二級,suggest,v.,"suggests,suggesting,suggested"
第二級,suit,n./v.,"suits,suiting,suited"
第二級,suitable,adj.,
第二級,super,adj./adv.,"superer,superest"
第二級,supper,n.,suppers
第二級,supply,n./v.,"supplies,supplying,supplied"
第二級,support,n./v.,"supports,supporting,supported"
第二級,suppose,v.,"supposes,supposing,supposed"
第二級,surf,v.,"surfs,surfing,surfed"
第二級,surface,n./v.,"surfaces,surfacing,surfaced"
第二級,survival,n.,survivals
第二級,survive,v.,"survives,surviving,survived"
第二級,swallow,v./n.,"swallows,swallowing,swallowed"
第二級,sweater,n.,sweaters
第二級,sweep,v.,"sweeps,sweeping,swept"
第二級,swim,v./n.,"swims,swimming,swam,swum"
第二級,swimsuit,n.,swimsuits
第二級,swing,n./v.,"swings,swinging,swung"
第二級,switch,n./v.,"switches,switching,switched"
第二級,symbol,n.,symbols
第二級,system,n.,systems
第二級,tale,n.,tales
第二級,target,n./v.,"targets,targeting,targeted"
第二級,task,n./v.,"tasks,tasking,tasked"
第二級,tax,n./v.,"taxes,taxing,taxed"
第二級,teapot,n.,teapots
第二級,tear,n./v.,"tears,tearing,tore,torn"
第二級,technology,n.,technologies
第二級,teens,n.,teenses
第二級,temperature,n.,temperatures
第二級,term,n./v.,"terms,terming,termed"
第二級,terrorism,n.,terrorisms
第二級,terrorist,adj.,
第二級,text,n.,texts
第二級,textbook,n.,textbooks
第二級,therefore,adv.,
第二級,thief,n.,thieves
第二級,thirsty,adj.,"thirstier,thirstiest"
第二級,thought,n.,thoughts
第二級,throughout,prep./adv.,
第二級,thunder,n./v.,"thunders,thundering,thundered"
第二級,thus,adv.,
第二級,till,conj./prep.,
第二級,tiny,adj.,"tinier,tiniest"
第二級,tire,v./n.,"tires,tiring,tired"
第二級,tissue,n.,tissues
第二級,title,n./v.,"titles,titling,titled"
第二級,toast,n./v.,"toasts,toasting,toasted"
第二級,tofu,n.,tofus
第二級,tone,n.,tones
第二級,tongue,n.,tongues
第二級,toothache,n.,toothaches
第二級,toothbrush,n.,toothbrushes
第二級,tour,n./v.,"tours,touring,toured"
第二級,toward/towards,prep.,
第二級,track,n./v.,"tracks,tracking,tracked"
第二級,trade,n./v.,"trades,trading,traded"
第二級,tradition,n.,traditions
第二級,traditional,adj.,
第二級,trap,n./v.,"traps,trapping,trapped"
第二級,trash,n./v.,"trashes,trashing,trashed"
第二級,travel,n./v.,"travels,traveling,traveled"
第二級,treasure,n./v.,"treasures,treasuring,treasured"
第二級,trial,n.,trials
第二級,triangle,n.,triangles
第二級,trick,n./v.,"tricks,tricking,tricked"
第二級,true,adj./adv./v.,"trues,truing,trued,truer,truest"
第二級,trust,v./n.,"trusts,trusting,trusted"
第二級,truth,n.,truths
第二級,tube,n.,tubes
第二級,turtle,n.,turtles
第二級,typhoon,n.,typhoons
第二級,typical,adj.,
第二級,ugly,adj.,"uglier,ugliest"
第二級,umbrella,n.,umbrellas
第二級,unit,n.,units
第二級,universe,n.,universes
第二級,university,n.,universities
第二級,unless,conj.,
第二級,upload,v.,"uploads,uploading,uploaded"
第二級,upon,prep.,
第二級,upper,adj.,"upperer,upperest"
第二級,upset,adj./v./n.,"upsets,upsetting,upset"
第二級,upstairs,adv./adj./n.,upstairses
第二級,used,adj.,
第二級,user,n.,users
第二級,usual,adj.,
第二級,vacation,n./v.,"vacations,vacationing,vacationed"
第二級,valley,n.,valleys
第二級,valuable,adj.,
第二級,value,n./v.,"values,valuing,valued"
第二級,victory,n.,victories
第二級,view,n./v.,"views,viewing,viewed"
第二級,village,n.,villages
第二級,vote,n./v.,"votes,voting,voted"
第二級,waist,n.,waists
第二級,waiter/waitress,n.,"waiters,waitresses"
第二級,wallet,n.,wallets
第二級,war,n.,wars
第二級,wash,v./n.,"washes,washing,washed"
第二級,waste,n./v.,"wastes,wasting,wasted"
第二級,watermelon,n.,watermelons
第二級,wealth,n.,
第二級,wedding,n.,weddings
第二級,weekday,n.,weekdays
第二級,weigh,v.,"weighs,weighing,weighed"
第二級,weight,n.,weights
第二級,western,adj./n.,westerns
第二級,whale,n.,whales
第二級,whatever,adj./pron.,
第二級,wheel,n.,wheels
第二級,whenever,conj./adv.,
第二級,wherever,adv./conj.,
第二級,whisper,n./v.,"whispers,whispering,whispered"
第二級,whoever,pron.,
第二級,whole,adj./n.,
第二級,whom,pron.,
第二級,width,n.,widths
第二級,wild,adj./adv./n.,"wilds,wilder,wildest"
第二級,willing,adj.,
第二級,windy,adj.,"windier,windiest"
第二級,wine,n.,wines
第二級,wing,n.,wings
第二級,wire,n.,wires
第二級,within,prep./adv.,
第二級,wolf,n.,wolves
第二級,wonder,v./n.,"wonders,wondering,wondered"
第二級,wood(s),n.,woods
第二級,wooden,adj.,
第二級,wool,n.,wools
第二級,workbook,n.,workbooks
第二級,worm,n./v.,"worms,worming,wormed"
第二級,worse,adj./adv./n.,
第二級,worst,adj./adv./n.,
第二級,worth,adj./n.,"worths,worther,worthest"
第二級,wound,n./v.,"wounds,wounding,wounded"
第二級,yam,n.,yams
第二級,youth,n.,youths
第二級,zebra,n.,zebras
第三級,aboard,prep./adv.,
第三級,acceptable,adj.,
第三級,accurate,adj.,
第三級,ache,n./v.,"aches,aching,ached"
第三級,achieve(ment),v./(n.),"achieves,achieving,achieved,achievements"
第三級,additional,adj.,
第三級,admire,v.,"admires,admiring,admired"
第三級,advanced,adj.,
第三級,advantage,n.,advantages
第三級,adventure,n.,adventures
第三級,advertise(ment)/ad,v./(n.),"advertises,advertising,advertised,advertisements"
第三級,advise,v.,"advises,advising,advised"
第三級,adviser/advisor,n.,"advisers,advisors"
第三級,afford,v.,"affords,affording,afforded"
第三級,afterward/afterwards,adv.,
第三級,agriculture,n.,agricultures
第三級,airline,n.,airlines
第三級,alley,n.,alleys
第三級,almond,n.,almonds
第三級,alphabet,n.,alphabets
第三級,amaze(ment),v./(n.),"amazes,amazing,amazed,amazements"
第三級,ambassador,n.,ambassadors
第三級,ambition,n.,ambitions
第三級,ambulance,n.,ambulances
第三級,angel,n.,angels
第三級,announce(ment),v./(n.),"announces,announcing,announced,announcements"
第三級,anxious,adj.,
第三級,anyhow,adv.,
第三級,apart,adv.,
第三級,apologize,v.,"apologizes,apologizing,apologized"
第三級,appeal,n./v.,"appeals,appealing,appealed"
第三級,approve,v.,"approves,approving,approved"
第三級,apron,n.,aprons
第三級,armed,adj.,
第三級,arrest,n./v.,"arrests,arresting,arrested"
第三級,ash,n.,ashes
第三級,aside,adv.,
第三級,assist,v.,"assists,assisting,assisted"
第三級,assistant,n.,assistants
第三級,assume,v.,"assumes,assuming,assumed"
第三級,athlete,n.,athletes
第三級,attitude,n.,attitudes
第三級,attract,v.,"attracts,attracting,attracted"
第三級,attractive,adj.,
第三級,audience,n.,audiences
第三級,automatic,adj.,
第三級,automobile/auto,n.,"automobiles,autos"
第三級,avenue,n.,avenues
第三級,awake,adj./v.,"awakes,awaking,awoke,awoken"
第三級,awaken,v.,"awakens,awakening,awakened"
第三級,award,n./v.,"awards,awarding,awarded"
第三級,aware,adj.,
第三級,awful,adj.,
第三級,awkward,adj.,
第三級,background,n.,backgrounds
第三級,bacon,n.,bacons
第三級,bacteria,n.,bacterium
第三級,badly,adv.,
第三級,baggage,n.,
第三級,bait,n./v.,"baits,baiting,baited"
第三級,bamboo,n.,bamboos
第三級,bang,n./v./adv.,"bangs,banging,banged"
第三級,banker,n.,bankers
第三級,bare,adj./v.,"bares,baring,bared,barer,barest"
第三級,barely,adv.,
第三級,barn,n.,barns
第三級,barrel,n.,barrels
第三級,basement,n.,basements
第三級,bay,n.,bays
第三級,bead,n.,beads
第三級,beam,n./v.,"beams,beaming,beamed"
第三級,beast,n.,beasts
第三級,beetle,n.,beetles
第三級,beneath,prep.,
第三級,benefit,n./v.,"benefits,benefiting,benefited"
第三級,berry,n.,berries
第三級,besides,adv./prep.,
第三級,bet,v./n.,"bets,betting,bet"
第三級,bind,v.,"binds,binding,bound"
第三級,bitter,adj.,"bitterer,bitterest"
第三級,bleed,v.,"bleeds,bleeding,bled"
第三級,bless,v.,"blesses,blessing,blessed"
第三級,bloody,adj.,"bloodier,bloodiest"
第三級,blouse,n.,blouses
第三級,bold,adj.,"bolder,boldest"
第三級,bomb,n./v.,"bombs,bombing,bombed"
第三級,bookcase,n.,bookcases
第三級,boot,n./v.,"boots,booting,booted"
第三級,bore,v./n.,"bores,boring,bored"
第三級,bowling,n.,bowlings
第三級,brake,n./v.,"brakes,braking,braked"
第三級,brass,n./adj.,"brasses,brasser,brassest"
第三級,bravery,n.,braveries
第三級,breast,n.,breasts
第三級,breath,n.,breaths
第三級,breathe,v.,"breathes,breathing,breathed"
第三級,breeze,n./v.,"breezes,breezing,breezed"
第三級,brick,n.,bricks
第三級,bride,n.,brides
第三級,broadcast,n./v.,"broadcasts,broadcasting,broadcast"
第三級,brunch,n.,brunches
第三級,bubble,n./v.,"bubbles,bubbling,bubbled"
第三級,bucket,n.,buckets
第三級,bud,n./v.,"buds,budding,budded"
第三級,budget,n./v.,"budgets,budgeting,budgeted"
第三級,buffalo,n.,buffaloes
第三級,buffet,n.,buffets
第三級,bulb,n.,bulbs
第三級,bull,n.,bulls
第三級,bullet,n.,bullets
第三級,bump,n./v.,"bumps,bumping,bumped"
第三級,bunch,n.,bunches
第三級,bundle,n.,bundles
第三級,bury,v.,"buries,burying,buried"
第三級,bush,n.,bushes
第三級,buzz,n./v.,"buzzes,buzzing,buzzed"
第三級,cabin,n.,cabins
第三級,cable,n./v.,"cables,cabling,cabled"
第三級,cafeteria,n.,cafeterias
第三級,campus,n.,campuses
第三級,canyon,n.,canyons
第三級,capable,adj.,
第三級,captain,n.,captains
第三級,capture,v.,"captures,capturing,captured"
第三級,career,n.,careers
第三級,carpenter,n.,carpenters
第三級,carpet,n./v.,"carpets,carpeting,carpeted"
第三級,carriage,n.,carriages
第三級,cart,n./v.,"carts,carting,carted"
第三級,cast,v./n.,"casts,casting,cast"
第三級,casual,adj.,
第三級,cattle,n.,cattles
第三級,cave,n./v.,"caves,caving,caved"
第三級,champion,n.,champions
第三級,charm,n./v.,"charms,charming,charmed"
第三級,chat,n./v.,"chats,chatting,chatted"
第三級,cheek,n.,cheeks
第三級,cheerful,adj.,
第三級,cherry,n./adj.,"cherries,cherrier,cherriest"
第三級,chest,n.,chests
第三級,chill,n./v./adj.,"chills,chilling,chilled,chiller,chillest"
第三級,chilly,adj.,"chillier,chilliest"
第三級,chimney,n.,chimneys
第三級,chin,n.,chins
第三級,chip,n./v.,"chips,chipping,chipped"
第三級,chop,n./v.,"chops,chopping,chopped"
第三級,cigarette,n.,cigarettes
第三級,cinema,n.,cinemas
第三級,circus,n.,circuses
第三級,citizen,n.,citizens
第三級,civil,adj.,
第三級,clay,n.,clays
第三級,cleaner,n.,cleaners
第三級,client,n.,clients
第三級,clinic,n.,clinics
第三級,clip,n./v.,"clips,clipping,clipped"
第三級,closet,n.,closets
第三級,clothe,v.,"clothes,clothing,clothed"
第三級,clown,n./v.,"clowns,clowning,clowned"
第三級,clue,n.,clues
第三級,coach,n./v.,"coaches,coaching,coached"
第三級,cock,n.,cocks
第三級,cocktail,n.,cocktails
第三級,coconut,n.,coconuts
第三級,collar,n.,collars
第三級,collection,n.,collections
第三級,colony,n.,colonies
第三級,colorful,adj.,
第三級,column,n.,columns
第三級,comfort,n./v.,"comforts,comforting,comforted"
第三級,comma,n.,commas
第三級,committee,n.,committees
第三級,communicate,v.,"communicates,communicating,communicated"
第三級,comparison,n.,comparisons
第三級,compete,v.,"competes,competing,competed"
第三級,complain,v.,"complains,complaining,complained"
第三級,complaint,n.,complaints
第三級,concert,n.,concerts
第三級,conclusion,n.,conclusions
第三級,cone,n.,cones
第三級,confirm,v.,"confirms,confirming,confirmed"
第三級,confuse,v.,"confuses,confusing,confused"
第三級,connect,v.,"connects,connecting,connected"
第三級,conscious,adj.,
第三級,considerable,adj.,
第三級,constant,adj./n.,constants
第三級,continent,n.,continents
第三級,controller,n.,controllers
第三級,cooker,n.,cookers
第三級,costly,adj.,"costlier,costliest"
第三級,cotton,n.,cottons
第三級,cough,n./v.,"coughs,coughing,coughed"
第三級,countable,adj.,
第三級,county,n.,counties
第三級,crab,n.,crabs
第三級,cradle,n./v.,"cradles,cradling,cradled"
第三級,crane,n./v.,"cranes,craning,craned"
第三級,crash,n./v.,"crashes,crashing,crashed"
第三級,crawl,v./n.,"crawls,crawling,crawled"
第三級,creative,adj.,
第三級,creator,n.,creators
第三級,creature,n.,creatures
第三級,credit,n./v.,"credits,crediting,credited"
第三級,crew,n.,crews
第三級,cricket,n.,crickets
第三級,criminal,adj./n.,criminals
第三級,crispy,adj.,"crispier,crispiest"
第三級,crop,n./v.,"crops,cropping,cropped"
第三級,crown,n./v.,"crowns,crowning,crowned"
第三級,cruel,adj.,"crueler,cruelest"
第三級,cupboard,n.,cupboards
第三級,dairy,n.,dairies
第三級,dam,n./v.,"dams,damming,dammed"
第三級,dare,aux./v.,"dares,daring,dared"
第三級,darling,n./adj.,darlings
第三級,dash,n./v.,"dashes,dashing,dashed"
第三級,database,n.,databases
第三級,dawn,n./v.,"dawns,dawning,dawned"
第三級,dealer,n.,dealers
第三級,decade,n.,decades
第三級,deck,n.,decks
第三級,decorate,v.,"decorates,decorating,decorated"
第三級,decrease,v./n.,"decreases,decreasing,decreased"
第三級,deed,n.,deeds
第三級,deepen,v.,"deepens,deepening,deepened"
第三級,definition,n.,definitions
第三級,democracy,n.,democracies
第三級,democratic,adj.,
第三級,deposit,n./v.,"deposits,depositing,deposited"
第三級,designer,n.,designers
第三級,desirable,adj.,
第三級,desire,n./v.,"desires,desiring,desired"
第三級,dessert,n.,desserts
第三級,destroy,v.,"destroys,destroying,destroyed"
第三級,detect,v.,"detects,detecting,detected"
第三級,determine,v.,"determines,determining,determined"
第三級,devil,n.,devils
第三級,dim,adj./v.,"dims,dimming,dimmed,dimmer,dimmest"
第三級,dime,n.,dimes
第三級,dine,v.,"dines,dining,dined"
第三級,dinosaur,n.,dinosaurs
第三級,dip,v./n.,"dips,dipping,dipped"
第三級,dirt,n.,dirts
第三級,discount,n./v.,"discounts,discounting,discounted"
第三級,dishonest,adj.,
第三級,disk/disc,n.,"disks,discs"
第三級,dislike,v./n.,"dislikes,disliking,disliked"
第三級,ditch,n./v.,"ditches,ditching,ditched"
第三級,dive,n./v.,"dives,diving,dove,dived"
第三級,dizzy,adj.,"dizzier,dizziest"
第三級,dock,n./v.,"docks,docking,docked"
第三級,dolphin,n.,dolphins
第三級,donkey,n.,donkeys
第三級,dose,n./v.,"doses,dosing,dosed"
第三級,doubtful,adj.,
第三級,doughnut,n.,doughnuts
第三級,downtown,adj./adv./n.,downtowns
第三級,drag,v./n.,"drags,dragging,dragged"
第三級,dragonfly,n.,dragonflies
第三級,drain,v./n.,"drains,draining,drained"
第三級,dramatic,adj.,
第三級,drip,n./v.,"drips,dripping,dripped"
第三級,drown,v.,"drowns,drowning,drowned"
第三級,drugstore,n.,drugstores
第三級,drunk,adj./n.,"drunks,drunker,drunkest"
第三級,dumb,adj.,"dumber,dumbest"
第三級,dump,v./n.,"dumps,dumping,dumped"
第三級,dumpling,n.,dumplings
第三級,dust,n./v.,"dusts,dusting,dusted"
第三級,eager,adj.,"eagerer,eagerest"
第三級,echo,n./v.,"echoes,echoing,echoed"
第三級,edit,v.,"edits,editing,edited"
第三級,editor,n.,editors
第三級,educate,v.,"educates,educating,educated"
第三級,educational,adj.,
第三級,efficient,adj.,
第三級,elbow,n./v.,"elbows,elbowing,elbowed"
第三級,elderly,adj.,
第三級,elect,v./adj.,"elects,electing,elected"
第三級,election,n.,elections
第三級,electricity,n.,
第三級,electronic,adj.,
第三級,element,n.,elements
第三級,elevator,n.,elevators
第三級,emergency,n.,emergencies
第三級,emotional,adj.,
第三級,emperor,n.,emperors
第三級,enable,v.,"enables,enabling,enabled"
第三級,energetic,adj.,
第三級,engage(ment),v./(n.),"engages,engaging,engaged,engagements"
第三級,enjoyable,adj.,
第三級,entry,n.,entries
第三級,envy,n./v.,"envies,envying,envied"
第三級,erase,v.,"erases,erasing,erased"
第三級,excellence,n.,excellences
第三級,exchange,n./v.,"exchanges,exchanging,exchanged"
第三級,exhibition,n.,exhibitions
第三級,expectation,n.,expectations
第三級,experiment,n./v.,"experiments,experimenting,experimented"
第三級,explode,v.,"explodes,exploding,exploded"
第三級,explore,v.,"explores,exploring,explored"
第三級,export,n./v.,"exports,exporting,exported"
第三級,expressive,adj.,
第三級,extreme,adj./n.,extremes
第三級,fade,v.,"fades,fading,faded"
第三級,faint,adj./v./n.,"faints,fainting,fainted,fainter,faintest"
第三級,fairly,adv.,
第三級,fairy,n./adj.,"fairies,fairier,fairiest"
第三級,faith,n.,faiths
第三級,fake,adj./v./n.,"fakes,faking,faked,faker,fakest"
第三級,familiar,adj.,
第三級,fancy,adj./n./v.,"fancies,fancying,fancied,fancier,fanciest"
第三級,fare,n.,fares
第三級,farther,adv./adj.,
第三級,fashionable,adj.,
第三級,faucet,n.,faucets
第三級,fearful,adj.,
第三級,feather,n.,feathers
第三級,fence,n.,fences
第三級,fighter,n.,fighters
第三級,firework,n.,fireworks
第三級,fist,n./v.,"fists,fisting,fisted"
第三級,flame,n./v.,"flames,flaming,flamed"
第三級,flash,n./v.,"flashes,flashing,flashed"
第三級,flashlight,n.,flashlights
第三級,flavor,n./v.,"flavors,flavoring,flavored"
第三級,flesh,n.,fleshes
第三級,float,v./n.,"floats,floating,floated"
第三級,flock,n./v.,"flocks,flocking,flocked"
第三級,flood,n./v.,"floods,flooding,flooded"
第三級,flour,n.,flours
第三級,flute,n.,flutes
第三級,foggy,adj.,"foggier,foggiest"
第三級,fold,v./n.,"folds,folding,folded"
第三級,follower,n.,followers
第三級,fond,adj.,"fonder,fondest"
第三級,forever,adv.,
第三級,fortune,n.,fortunes
第三級,fountain,n.,fountains
第三級,frank,adj.,"franker,frankest"
第三級,freeze,v./n.,"freezes,freezing,froze,frozen"
第三級,freezer,n.,freezers
第三級,frequent,adj./v.,"frequents,frequenting,frequented"
第三級,fright,n.,frights
第三級,frighten,v.,"frightens,frightening,frightened"
第三級,fuel,n./v.,"fuels,fueling,fueled"
第三級,fund,n./v.,"funds,funding,funded"
第三級,fur,n.,furs
第三級,gallon,n.,gallons
第三級,gamble,n./v.,"gambles,gambling,gambled"
第三級,gang,n./v.,"gangs,ganging,ganged"
第三級,gap,n.,gaps
第三級,garage,n.,garages
第三級,gasoline/gas,n.,gasolines
第三級,geography,n.,geographies
第三級,gesture,n./v.,"gestures,gesturing,gestured"
第三級,glance,n./v.,"glances,glancing,glanced"
第三級,global,adj.,
第三級,glory,n.,glories
第三級,glow,n./v.,"glows,glowing,glowed"
第三級,golf,n./v.,"golves,golfs,golfing,golfed"
第三級,gossip,n./v.,"gossips,gossiping,gossiped"
第三級,governor,n.,governors
第三級,grab,n./v.,"grabs,grabbing,grabbed"
第三級,graduate,n./v.,"graduates,graduating,graduated"
第三級,grasp,v./n.,"grasps,grasping,grasped"
第三級,grasshopper,n.,grasshoppers
第三級,grassy,adj.,"grassier,grassiest"
第三級,greedy,adj.,"greedier,greediest"
第三級,greenhouse,n.,greenhouses
第三級,grin,n./v.,"grins,grinning,grinned"
第三級,grocery,n.,groceries
第三級,guidance,n.,guidances
第三級,gum,n.,gums
第三級,hairdresser,n.,hairdressers
第三級,hallway,n.,hallways
第三級,hammer,n./v.,"hammers,hammering,hammered"
第三級,handful,n.,handfuls
第三級,handkerchief,n.,handkerchiefs
第三級,handy,adj.,"handier,handiest"
第三級,hanger,n.,hangers
第三級,harbor,n./v.,"harbors,harboring,harbored"
第三級,harm,n./v.,"harms,harming,harmed"
第三級,harmful,adj.,
第三級,harvest,n./v.,"harvests,harvesting,harvested"
第三級,hasty,adj.,"hastier,hastiest"
第三級,hatch,n./v.,"hatches,hatching,hatched"
第三級,hateful,adj.,
第三級,hay,n.,hays
第三級,headline,n./v.,"headlines,headlining,headlined"
第三級,headquarters,n.,headquarterses
第三級,heal,v.,"heals,healing,healed"
第三級,heap,n./v.,"heaps,heaping,heaped"
第三級,heater,n.,heaters
第三級,heel,n./v.,"heels,heeling,heeled"
第三級,hell,n.,hells
第三級,helmet,n.,helmets
第三級,hesitate,v.,"hesitates,hesitating,hesitated"
第三級,hint,n./v.,"hints,hinting,hinted"
第三級,hire,v./n.,"hires,hiring,hired"
第三級,historian,n.,historians
第三級,historic,adj.,
第三級,holder,n.,holders
第三級,hollow,adj./n./v.,"hollows,hollowing,hollowed,hollower,hollowest"
第三級,holy,adj.,"holier,holiest"
第三級,homesick,adj.,
第三級,hometown,n.,hometowns
第三級,honesty,n.,
第三級,honor,n./v.,"honors,honoring,honored"
第三級,hopeful,adj.,
第三級,horn,n.,horns
第三級,horrible,adj.,
第三級,horror,n.,horrors
第三級,hourly,adj./adv.,"hourlier,hourliest"
第三級,housekeeper,n.,housekeepers
第三級,hug,n./v.,"hugs,hugging,hugged"
第三級,hum,v.,"hums,humming,hummed"
第三級,humid,adj.,
第三級,humor,n.,humors
第三級,humorous,adj.,
第三級,hunger,n.,hungers
第三級,hut,n.,huts
第三級,icy,adj.,"icier,iciest"
第三級,imagination,n.,imaginations
第三級,immediate,adj.,
第三級,import,n./v.,"imports,importing,imported"
第三級,impress,v.,"impresses,impressing,impressed"
第三級,indoor,adj.,
第三級,indoors,adv.,
第三級,industrial,adj.,
第三級,inferior,adj./n.,inferiors
第三級,inform,v.,"informs,informing,informed"
第三級,information,n.,
第三級,injury,n.,injuries
第三級,inn,n.,inns
第三級,inner,adj.,"innerer,innerest"
第三級,innocent,adj.,
第三級,inspect,v.,"inspects,inspecting,inspected"
第三級,inspector,n.,inspectors
第三級,intelligent,adj.,
第三級,interrupt,v.,"interrupts,interrupting,interrupted"
第三級,invent,v.,"invents,inventing,invented"
第三級,inventor,n.,inventors
第三級,investigate,v.,"investigates,investigating,investigated"
第三級,invitation,n.,invitations
第三級,ivory,n./adj.,ivories
第三級,jail,n./v.,"jails,jailing,jailed"
第三級,jar,n.,jars
第三級,jaw,n.,jaws
第三級,jazz,n.,jazzes
第三級,jealous,adj.,
第三級,jeep,n.,jeeps
第三級,jelly,n.,jellies
第三級,jet,n./v.,"jets,jetting,jetted"
第三級,jewel,n.,jewels
第三級,jewelry,n.,jewelries
第三級,journey,n./v.,"journeys,journeying,journeyed"
第三級,joyful,adj.,
第三級,juicy,adj.,"juicier,juiciest"
第三級,jungle,n.,jungles
第三級,junior,adj./n.,juniors
第三級,junk,n./v.,"junks,junking,junked"
第三級,kangaroo,n.,kangaroos
第三級,keyboard,n.,keyboards
第三級,kidney,n.,kidneys
第三級,kilometer,n.,kilometers
第三級,kindergarten,n.,kindergartens
第三級,kingdom,n.,kingdoms
第三級,kit,n.,kits
第三級,knight,n.,knights
第三級,knit,v./n.,"knits,knitting,knit"
第三級,knot,n./v.,"knots,knotting,knotted"
第三級,koala,n.,koalas
第三級,label,n./v.,"labels,labeling,labeled"
第三級,lace,n./v.,"laces,lacing,laced"
第三級,ladder,n.,ladders
第三級,lately,adv.,
第三級,laughter,n.,laughters
第三級,laundry,n.,laundries
第三級,lawn,n.,lawns
第三級,leak,n./v.,"leaks,leaking,leaked"
第三級,leap,n./v.,"leaps,leaping,leapt"
第三級,learning,n.,learnings
第三級,leather,n.,leathers
第三級,leisure,n.,leisures
第三級,lemonade,n.,lemonades
第三級,leopard,n.,leopards
第三級,lettuce,n.,lettuces
第三級,liberty,n.,liberties
第三級,lick,v./n.,"licks,licking,licked"
第三級,lifetime,n.,lifetimes
第三級,lighthouse,n.,lighthouses
第三級,lightning,n.,lightnings
第三級,lily,n.,lilies
第三級,limb,n.,limbs
第三級,litter,n./v.,"litters,littering,littered"
第三級,lively,adj.,
第三級,loaf,n.,loaves
第三級,lobby,n.,lobbies
第三級,locate,v.,"locates,locating,located"
第三級,location,n.,locations
第三級,lock,n./v.,"locks,locking,locked"
第三級,log,n./v.,"logs,logging,logged"
第三級,lollipop,n.,lollipops
第三級,loose,adj.,"looser,loosest"
第三級,lord,n.,lords
第三級,loser,n.,losers
第三級,lover,n.,lovers
第三級,luggage,n.,
第三級,lung,n.,lungs
第三級,magical,adj.,
第三級,magician,n.,magicians
第三級,magnet,n.,magnets
第三級,maid,n.,maids
第三級,majority,n.,majorities
第三級,mall,n.,malls
第三級,mankind/humankind,n.,humankinds
第三級,marble,n.,marbles
第三級,march,n./v.,"marches,marching,marched"
第三級,marker,n.,markers
第三級,marvelous,adj.,
第三級,mathematical,adj.,
第三級,mayor,n.,mayors
第三級,meadow,n.,meadows
第三級,meaningful,adj.,
第三級,meanwhile,n./adv.,meanwhiles
第三級,medal,n.,medals
第三級,medium/media,n.,"media,medias"
第三級,melon,n.,melons
第三級,melt,v.,"melts,melting,melted"
第三級,mend,v.,"mends,mending,mended"
第三級,mental,adj.,
第三級,merry,adj.,"merrier,merriest"
第三級,mess,n./v.,"messes,messing,messed"
第三級,microphone/mike,n.,"microphones,mikes"
第三級,microwave,n./v.,"microwaves,microwaving,microwaved"
第三級,mighty,adj.,"mightier,mightiest"
第三級,minus,prep./n./adj.,minuses
第三級,miracle,n.,miracles
第三級,misery,n.,miseries
第三級,missile,n.,missiles
第三級,missing,adj.,
第三級,mission,n.,missions
第三級,mist,n./v.,"mists,misting,misted"
第三級,mob,n./v.,"mobs,mobbing,mobbed"
第三級,mobile,adj.,
第三級,moist,adj.,"moister,moistest"
第三級,moisture,n.,moistures
第三級,monk,n.,monks
第三級,monster,n.,monsters
第三級,monthly,adj./adv./n.,"monthlies,monthlier,monthliest"
第三級,moral,adj./n.,morals
第三級,mosquito,n.,mosquitoes
第三級,mostly,adv.,
第三級,motel,n.,motels
第三級,moth,n.,moths
第三級,motor,n.,motors
第三級,multiply,v.,"multiplies,multiplying,multiplied"
第三級,murder,n./v.,"murders,murdering,murdered"
第三級,muscle,n.,muscles
第三級,mushroom,n./v.,"mushrooms,mushrooming,mushroomed"
第三級,mystery,n.,mysteries
第三級,naked,adj.,
第三級,nap,n./v.,"naps,napping,napped"
第三級,napkin,n.,napkins
第三級,native,adj./n.,natives
第三級,navy,n.,navies
第三級,neat,adj.,"neater,neatest"
第三級,necessity,n.,necessities
第三級,necktie,n.,neckties
第三級,neighborhood,n.,neighborhoods
第三級,nest,n./v.,"nests,nesting,nested"
第三級,nickname,n./v.,"nicknames,nicknaming,nicknamed"
第三級,normal,adj.,
第三級,novelist,n.,novelists
第三級,nun,n.,nuns
第三級,oak,n.,oaks
第三級,observe,v.,"observes,observing,observed"
第三級,occasion,n.,occasions
第三級,odd,adj.,"odder,oddest"
第三級,omit,v.,"omits,omitting,omitted"
第三級,ongoing,adj.,
第三級,onion,n.,onions
第三級,onto,prep.,
第三級,operation,n.,operations
第三級,opportunity,n.,opportunities
第三級,opposite,adj./n./prep./adv.,opposites
第三級,optimistic,adj.,
第三級,oral,adj./n.,orals
第三級,organic,adj.,
第三級,organize,v.,"organizes,organizing,organized"
第三級,original,adj./n.,originals
第三級,outdoor,adj.,
第三級,outdoors,adv.,
第三級,outer,adj.,"outerer,outerest"
第三級,outline,n./v.,"outlines,outlining,outlined"
第三級,oven,n.,ovens
第三級,overseas,adv./adj.,
第三級,owe,v.,"owes,owing,owed"
第三級,owl,n.,owls
第三級,ownership,n.,ownerships
第三級,ox,n.,oxen
第三級,pad,n./v.,"pads,padding,padded"
第三級,painter,n.,painters
第三級,pal,n.,pals
第三級,palace,n.,palaces
第三級,palm,n.,palms
第三級,pancake,n.,pancakes
第三級,panic,n./v.,"panics,panicking,panicked"
第三級,parade,n./v.,"parades,parading,paraded"
第三級,paradise,n.,paradises
第三級,parcel,n./v.,"parcels,parceling,parceled"
第三級,parrot,n./v.,"parrots,parroting,parroted"
第三級,passage,n.,passages
第三級,passenger,n.,passengers
第三級,passion,n.,passions
第三級,passport,n.,passports
第三級,pat,v./n.,"pats,patting,patted"
第三級,patience,n.,patiences
第三級,pause,n./v.,"pauses,pausing,paused"
第三級,pave(ment),v./(n.),"paves,paving,paved,pavements"
第三級,pea,n.,peas
第三級,peanut,n.,peanuts
第三級,pearl,n.,pearls
第三級,peel,v./n.,"peels,peeling,peeled"
第三級,penguin,n.,penguins
第三級,penny,n.,pennies
第三級,pepper,n.,peppers
第三級,perform,v.,"performs,performing,performed"
第三級,performance,n.,performances
第三級,permission,n.,permissions
第三級,permit,v./n.,"permits,permitting,permitted"
第三級,persuade,v.,"persuades,persuading,persuaded"
第三級,photographer,n.,photographers
第三級,pigeon,n.,pigeons
第三級,pile,n./v.,"piles,piling,piled"
第三級,pill,n.,pills
第三級,pilot,n./v.,"pilots,piloting,piloted"
第三級,pine,n.,pines
第三級,pineapple,n.,pineapples
第三級,pint,n.,pints
第三級,pit,n.,pits
第三級,pitch,n./v.,"pitches,pitching,pitched"
第三級,pity,n./v.,"pities,pitying,pitied"
第三級,plastic,n./adj.,plastics
第三級,playful,adj.,
第三級,plenty,pron./n./adv.,plenties
第三級,plug,n./v.,"plugs,plugging,plugged"
第三級,pole,n.,poles
第三級,political,adj.,
第三級,politician,n.,politicians
第三級,politics,n.,
第三級,poll,n./v.,"polls,polling,polled"
第三級,pollute,v.,"pollutes,polluting,polluted"
第三級,pollution,n.,pollutions
第三級,porcelain,n.,porcelains
第三級,portion,n./v.,"portions,portioning,portioned"
第三級,portrait,n.,portraits
第三級,poster,n.,posters
第三級,postpone(ment),v./(n.),"postpones,postponing,postponed,postponements"
第三級,pottery,n.,potteries
第三級,pour,v.,"pours,pouring,poured"
第三級,poverty,n.,
第三級,powder,n./v.,"powders,powdering,powdered"
第三級,practical,adj.,
第三級,precious,adj.,
第三級,preparation,n.,preparations
第三級,presence,n.,presences
第三級,pretend,v.,"pretends,pretending,pretended"
第三級,prevent,v.,"prevents,preventing,prevented"
第三級,previous,adj.,
第三級,probable,adj.,
第三級,process,n./v.,"processes,processing,processed"
第三級,producer,n.,producers
第三級,product,n.,products
第三級,professor,n.,professors
第三級,profit,n./v.,"profits,profiting,profited"
第三級,promote,v.,"promotes,promoting,promoted"
第三級,pronounce,v.,"pronounces,pronouncing,pronounced"
第三級,proof,n.,proofs
第三級,property,n.,properties
第三級,protection,n.,protections
第三級,pub,n.,pubs
第三級,pump,n./v.,"pumps,pumping,pumped"
第三級,punch,n./v.,"punches,punching,punched"
第三級,puppet,n.,puppets
第三級,pure,adj.,"purer,purest"
第三級,purse,n.,purses
第三級,queer,adj.,"queerer,queerest"
第三級,quit,v.,"quits,quitting,quit"
第三級,quote,v./n.,"quotes,quoting,quoted"
第三級,racial,adj.,
第三級,rag,n.,rags
第三級,rank,n./v.,"ranks,ranking,ranked"
第三級,rate,n./v.,"rates,rating,rated"
第三級,raw,adj.,"rawer,rawest"
第三級,ray,n.,rays
第三級,razor,n.,razors
第三級,react,v.,"reacts,reacting,reacted"
第三級,reaction,n.,reactions
第三級,reasonable,adj.,
第三級,receipt,n.,receipts
第三級,receiver,n.,receivers
第三級,recognize,v.,"recognizes,recognizing,recognized"
第三級,recorder,n.,recorders
第三級,rectangle,n.,rectangles
第三級,reduce,v.,"reduces,reducing,reduced"
第三級,regional,adj.,
第三級,regret,v./n.,"regrets,regretting,regretted"
第三級,relax,v.,"relaxes,relaxing,relaxed"
第三級,release,n./v.,"releases,releasing,released"
第三級,reliable,adj.,
第三級,relief,n.,reliefs
第三級,religious,adj.,
第三級,rely,v.,"relies,relying,relied"
第三級,remain,v.,"remains,remaining,remained"
第三級,remind,v.,"reminds,reminding,reminded"
第三級,remote,adj.,
第三級,replace(ment),v./(n.),"replaces,replacing,replaced,replacements"
第三級,represent,v.,"represents,representing,represented"
第三級,representative,adj./n.,representatives
第三級,republic,n.,republics
第三級,request,n./v.,"requests,requesting,requested"
第三級,reserve,n./v.,"reserves,reserving,reserved"
第三級,resist,v.,"resists,resisting,resisted"
第三級,resource,n.,resources
第三級,response,n.,responses
第三級,responsibility,n.,responsibilities
第三級,restrict,v.,"restricts,restricting,restricted"
第三級,reveal,v.,"reveals,revealing,revealed"
第三級,ribbon,n.,ribbons
第三級,rid,adj./v.,"rids,ridding,rid"
第三級,ripe,adj.,"riper,ripest"
第三級,risk,n./v.,"risks,risking,risked"
第三級,roar,n./v.,"roars,roaring,roared"
第三級,roast,adj./n./v.,"roasts,roasting,roasted,roaster,roastest"
第三級,rob,v.,"robs,robbing,robbed"
第三級,robbery,n.,robberies
第三級,robe,n.,robes
第三級,rocket,n.,rockets
第三級,romantic,adj./n.,romantics
第三級,rot,v./n.,"rots,rotting,rotted"
第三級,rotten,adj.,
第三級,rough,adj./adv./n.,"roughs,rougher,roughest"
第三級,roughly,adv.,
第三級,routine,n./adj.,routines
第三級,rug,n.,rugs
第三級,rumor,n./v.,"rumors,rumoring,rumored"
第三級,rush,n./v.,"rushes,rushing,rushed"
第三級,rust,n./v.,"rusts,rusting,rusted"
第三級,sack,n.,sacks
第三級,sake,n.,sakes
第三級,salary,n.,salaries
第三級,satisfactory,adj.,
第三級,sauce,n.,sauces
第三級,saucer,n.,saucers
第三級,sausage,n.,sausages
第三級,saving(s),n.,savings
第三級,scale(s),n.,scales
第三級,scarce,adj.,"scarcer,scarcest"
第三級,scarf,n.,scarves
第三級,scary,adj.,"scarier,scariest"
第三級,scatter,v./n.,"scatters,scattering,scattered"
第三級,scholar,n.,scholars
第三級,scholarship,n.,scholarships
第三級,scientific,adj.,
第三級,scientist,n.,scientists
第三級,scissors,n.,scissorses
第三級,scout,n./v.,"scouts,scouting,scouted"
第三級,scream,v./n.,"screams,screaming,screamed"
第三級,screw,v./n.,"screws,screwing,screwed"
第三級,scrub,n./v.,"scrubs,scrubbing,scrubbed"
第三級,seal,n./v.,"seals,sealing,sealed"
第三級,security,n.,securities
第三級,semester,n.,semesters
第三級,senior,adj./n.,seniors
第三級,sensible,adj.,
第三級,separation,n.,separations
第三級,sexual,adj.,
第三級,sexy,adj.,"sexier,sexiest"
第三級,shadow,n./v.,"shadows,shadowing,shadowed"
第三級,shallow,adj.,"shallower,shallowest"
第三級,shampoo,n./v.,"shampoos,shampooing,shampooed"
第三級,shepherd,n.,shepherds
第三級,shiny,adj.,"shinier,shiniest"
第三級,shorten,v.,"shortens,shortening,shortened"
第三級,shortly,adv.,
第三級,shovel,n./v.,"shovels,shoveling,shoveled"
第三級,shrimp,n.,shrimps
第三級,shrink,v.,"shrinks,shrinking,shrank,shrunk"
第三級,sigh,n./v.,"sighs,sighing,sighed"
第三級,signal,n./v.,"signals,signaling,signaled"
第三級,significant,adj.,
第三級,silk,n.,silks
第三級,similarity,n.,similarities
第三級,sin,n./v.,"sins,sinning,sinned"
第三級,sincere,adj.,
第三級,sink,n./v.,"sinks,sinking,sank,sunk"
第三級,sip,v./n.,"sips,sipping,sipped"
第三級,situation,n.,situations
第三級,skate,v./n.,"skates,skating,skated"
第三級,ski,n./v.,"skis,skiing,skied"
第三級,skillful,adj.,
第三級,skinny,adj.,"skinnier,skinniest"
第三級,skip,v./n.,"skips,skipping,skipped"
第三級,slave,n./v.,"slaves,slaving,slaved"
第三級,sleeve,n.,sleeves
第三級,slender,adj.,"slenderer,slenderest"
第三級,slice,n./v.,"slices,slicing,sliced"
第三級,slippery,adj.,
第三級,slope,n.,slopes
第三級,snap,v./n.,"snaps,snapping,snapped"
第三級,solid,adj.,
第三級,someday,adv.,
第三級,somehow,adv.,
第三級,sometime,adv.,
第三級,sorrow,n.,sorrows
第三級,spaghetti,n.,
第三級,specific,adj.,
第三級,spice,n./v.,"spices,spicing,spiced"
第三級,spill,v./n.,"spills,spilling,spilled"
第三級,spin,n./v.,"spins,spinning,spun"
第三級,spinach,n.,spinaches
第三級,spit,v./n.,"spits,spitting,spat,spit"
第三級,spite,n.,spites
第三級,splash,n./v.,"splashes,splashing,splashed"
第三級,spoil,v.,"spoils,spoiling,spoiled"
第三級,spray,n./v.,"sprays,spraying,sprayed"
第三級,spy,n./v.,"spies,spying,spied"
第三級,squeeze,v./n.,"squeezes,squeezing,squeezed"
第三級,squirrel,n.,squirrels
第三級,stable,adj.,"stabler,stablest"
第三級,stadium,n.,stadiums
第三級,staff,n./v.,"staffs,staffing,staffed"
第三級,stale,adj.,"staler,stalest"
第三級,stare,v./n.,"stares,staring,stared"
第三級,starve,v.,"starves,starving,starved"
第三級,statue,n.,statues
第三級,steady,adj./v./adv./n.,"steadies,steadying,steadied,steadier,steadiest"
第三級,steal,v.,"steals,stealing,stole,stolen"
第三級,steam,n./v.,"steams,steaming,steamed"
第三級,steep,adj.,"steeper,steepest"
第三級,sticky,adj.,"stickier,stickiest"
第三級,stiff,adj.,"stiffer,stiffest"
第三級,sting,n./v.,"stings,stinging,stung"
第三級,stir,v./n.,"stirs,stirring,stirred"
第三級,stitch,n./v.,"stitches,stitching,stitched"
第三級,stomach,n.,stomaches
第三級,stool,n.,stools
第三級,stormy,adj.,"stormier,stormiest"
第三級,stove,n.,stoves
第三級,strategy,n.,strategies
第三級,straw,n.,straws
第三級,strength,n.,strengths
第三級,strip,n./v.,"strips,stripping,stripped"
第三級,structure,n.,structures
第三級,stubborn,adj.,
第三級,studio,n.,studios
第三級,stuff,n./v.,"stuffs,stuffing,stuffed"
第三級,substance,n.,substances
第三級,subtract,v.,"subtracts,subtracting,subtracted"
第三級,suburb,n.,suburbs
第三級,suck,v./n.,"sucks,sucking,sucked"
第三級,suffer,v.,"suffers,suffering,suffered"
第三級,sufficient,adj.,
第三級,suicide,n.,suicides
第三級,sum,n./v.,"sums,summing,summed"
第三級,summary,n.,summaries
第三級,summit,n.,summits
第三級,superior,adj./n.,superiors
第三級,surround,v.,"surrounds,surrounding,surrounded"
第三級,survey,n./v.,"surveys,surveying,surveyed"
第三級,survivor,n.,survivors
第三級,suspect,v./n./adj.,"suspects,suspecting,suspected"
第三級,suspicion,n.,suspicions
第三級,swan,n.,swans
第三級,swear,v.,"swears,swearing,swore,sworn"
第三級,sweat,n./v.,"sweats,sweating,sweated"
第三級,swell,v./n.,"swells,swelling,swelled,swollen"
第三級,swift,adj.,"swifter,swiftest"
第三級,sword,n.,swords
第三級,tablet,n.,tablets
第三級,tag,n./v.,"tags,tagging,tagged"
第三級,tailor,n.,tailors
第三級,talent,n.,talents
第三級,talkative,adj.,
第三級,tame,adj./v.,"tames,taming,tamed,tamer,tamest"
第三級,tangerine,n.,tangerines
第三級,tank,n.,tanks
第三級,tap,v./n.,"taps,tapping,tapped"
第三級,tasty,adj.,"tastier,tastiest"
第三級,tease,v.,"teases,teasing,teased"
第三級,technical,adj.,
第三級,technique,n.,techniques
第三級,teenage,adj.,
第三級,temper,n.,tempers
第三級,temporary,adj.,
第三級,tend,v.,"tends,tending,tended"
第三級,tender,adj.,"tenderer,tenderest"
第三級,tent,n.,tents
第三級,terrific,adj.,
第三級,territory,n.,territories
第三級,thankful,adj.,
第三級,theory,n.,theories
第三級,thirst,n.,thirsts
第三級,thread,n./v.,"threads,threading,threaded"
第三級,threat,n.,threats
第三級,threaten,v.,"threatens,threatening,threatened"
第三級,thumb,n./v.,"thumbs,thumbing,thumbed"
第三級,tide,n.,tides
第三級,tight,adj./adv.,"tighter,tightest"
第三級,tighten,v.,"tightens,tightening,tightened"
第三級,timber,n.,timbers
第三級,tobacco,n.,tobaccoes
第三級,ton,n.,tons
第三級,toss,v./n.,"tosses,tossing,tossed"
第三級,tough,adj.,"tougher,toughest"
第三級,tourism,n.,tourisms
第三級,tourist,n.,tourists
第三級,tow,n./v.,"tows,towing,towed"
第三級,tower,n.,towers
第三級,trace,n./v.,"traces,tracing,traced"
第三級,trader,n.,traders
第三級,trail,n./v.,"trails,trailing,trailed"
第三級,transport,n./v.,"transports,transporting,transported"
第三級,traveler,n.,travelers
第三級,tray,n.,trays
第三級,trend,n.,trends
第三級,tribe,n.,tribes
第三級,tricky,adj.,"trickier,trickiest"
第三級,troop,n.,troops
第三級,tropical,adj.,
第三級,trumpet,n.,trumpets
第三級,trunk,n.,trunks
第三級,truthful,adj.,
第三級,tub,n.,tubs
第三級,tug,n./v.,"tugs,tugging,tugged"
第三級,tune,n./v.,"tunes,tuning,tuned"
第三級,tunnel,n./v.,"tunnels,tunneling,tunneled"
第三級,tutor,n./v.,"tutors,tutoring,tutored"
第三級,twin,n.,twins
第三級,twist,n./v.,"twists,twisting,twisted"
第三級,underlying,v.,"underlyings,underlyinging,underlyinged"
第三級,underwear,n.,underwears
第三級,union,n.,unions
第三級,unique,adj./n.,uniques
第三級,unite,v.,"unites,uniting,united"
第三級,unity,n.,unities
第三級,urban,adj.,
第三級,vacant,adj.,
第三級,van,n.,vans
第三級,vanish,v.,"vanishes,vanishing,vanished"
第三級,variety,n.,varieties
第三級,various,adj.,
第三級,vary,v.,"varies,varying,varied"
第三級,vase,n.,vases
第三級,vehicle,n.,vehicles
第三級,verse,n.,verses
第三級,vest,n.,vests
第三級,victim,n.,victims
第三級,violence,n.,violences
第三級,violent,adj.,
第三級,violet,adj./n.,violets
第三級,visible,adj.,
第三級,vision,n.,visions
第三級,vitamin,n.,vitamins
第三級,vivid,adj.,
第三級,vocabulary,n.,vocabularies
第三級,volleyball,n.,volleyballs
第三級,volume,n.,volumes
第三級,voter,n.,voters
第三級,wage(s),n.,wages
第三級,wagon,n.,wagons
第三級,wander,v./n.,"wanders,wandering,wandered"
第三級,warmth,n.,warmths
第三級,warn,v.,"warns,warning,warned"
第三級,waterfall,n.,waterfalls
第三級,wax,n./v.,"waxes,waxing,waxed"
第三級,weaken,v.,"weakens,weakening,weakened"
第三級,wealthy,adj.,"wealthier,wealthiest"
第三級,weapon,n.,weapons
第三級,weave,v./n.,"weaves,weaving,wove,woven"
第三級,web,n.,webs
第三級,wed,v.,"weds,wedding,wed/wedded"
第三級,weed,n./v.,"weeds,weeding,weeded"
第三級,weekly,adj./adv./n.,"weeklies,weeklier,weekliest"
第三級,weep,v.,"weeps,weeping,wept"
第三級,wheat,n.,wheats
第三級,whip,n./v.,"whips,whipping,whipped"
第三級,whistle,n./v.,"whistles,whistling,whistled"
第三級,wicked,adj.,
第三級,widen,v.,"widens,widening,widened"
第三級,wipe,v./n.,"wipes,wiping,wiped"
第三級,wisdom,n.,
第三級,wrap,v./n.,"wraps,wrapping,wrapped"
第三級,wrist,n.,wrists
第三級,yearly,adj./adv.,"yearlier,yearliest"
第三級,yell,v./n.,"yells,yelling,yelled"
第三級,yolk,n.,yolks
第三級,youngster,n.,youngsters
第三級,zipper,n./v.,"zippers,zippering,zippered"
第三級,zone,n./v.,"zones,zoning,zoned"
第四級,abandon,v.,"abandons,abandoning,abandoned"
第四級,absolute,adj.,
第四級,absorb,v.,"absorbs,absorbing,absorbed"
第四級,abstract,adj.,
第四級,academic,adj.,
第四級,accent,n.,accents
第四級,acceptance,n.,acceptances
第四級,access,n./v.,"accesses,accessing,accessed"
第四級,accidental,adj.,
第四級,accompany,v.,"accompanies,accompanying,accompanied"
第四級,accomplish(ment),v./(n.),"accomplishes,accomplishing,accomplished,accomplishments"
第四級,accountant,n.,accountants
第四級,accuracy,n.,accuracies
第四級,accuse,v.,"accuses,accusing,accused"
第四級,acid,n./adj.,acids
第四級,acquaintance,n.,acquaintances
第四級,acquire,v.,"acquires,acquiring,acquired"
第四級,adapt,v.,"adapts,adapting,adapted"
第四級,addict,n./v.,"addicts,addicting,addicted"
第四級,adequate,adj.,
第四級,adjust(ment),v./(n.),"adjusts,adjusting,adjusted,adjustments"
第四級,admirable,adj.,
第四級,admiration,n.,admirations
第四級,admission,n.,admissions
第四級,adopt,v.,"adopts,adopting,adopted"
第四級,agency,n.,agencies
第四級,agent,n.,agents
第四級,aggressive,adj.,
第四級,agreeable,adj.,
第四級,alcohol,n.,alcohols
第四級,alert,adj./v./n.,"alerts,alerting,alerted"
第四級,allowance,n.,allowances
第四級,alternative,adj./n.,alternatives
第四級,amateur,adj./n.,amateurs
第四級,ambiguous,adj.,
第四級,ambitious,adj.,
第四級,amuse(ment),v./(n.),"amuses,amusing,amused,amusements"
第四級,analysis,n.,analyses
第四級,analyze,v.,"analyzes,analyzing,analyzed"
第四級,ancestor,n.,ancestors
第四級,anniversary,n.,anniversaries
第四級,annoy,v.,"annoys,annoying,annoyed"
第四級,annual,adj.,
第四級,anxiety,n.,anxieties
第四級,apology,n.,apologies
第四級,apparent,adj.,
第四級,applicant,n.,applicants
第四級,application,n.,applications
第四級,appoint(ment),v./(n.),"appoints,appointing,appointed,appointments"
第四級,appreciation,n.,appreciations
第四級,appropriate,adj.,
第四級,approval,n.,approvals
第四級,aquarium,n.,aquariums
第四級,arch,n./v.,"arches,arching,arched"
第四級,arise,v.,"arises,arising,arose,arisen"
第四級,arms,n.,armses
第四級,artificial,adj.,
第四級,artistic,adj.,
第四級,ashamed,adj.,
第四級,aspect,n.,aspects
第四級,aspirin,n.,aspirins
第四級,assemble,v.,"assembles,assembling,assembled"
第四級,assembly,n.,assemblies
第四級,assign(ment),v./(n.),"assigns,assigning,assigned,assignments"
第四級,assistance,n.,assistances
第四級,associate,adj./n./v.,"associates,associating,associated"
第四級,association,n.,associations
第四級,assurance,n.,assurances
第四級,assure,v.,"assures,assuring,assured"
第四級,athletic,adj.,
第四級,atmosphere,n.,atmospheres
第四級,atom,n.,atoms
第四級,atomic,adj.,
第四級,attach(ment),v./(n.),"attaches,attaching,attached,attachments"
第四級,attraction,n.,attractions
第四級,audio,adj.,
第四級,authentic,adj.,
第四級,authority,n.,authorities
第四級,autobiography,n.,autobiographies
第四級,autograph,n./v.,"autographs,autographing,autographed"
第四級,await,v.,"awaits,awaiting,awaited"
第四級,bald,adj.,
第四級,ballet,n.,ballets
第四級,bandage,n./v.,"bandages,bandaging,bandaged"
第四級,bankrupt,adj./v./n.,"bankrupts,bankrupting,bankrupted"
第四級,bargain,n./v.,"bargains,bargaining,bargained"
第四級,barrier,n.,barriers
第四級,basin,n.,basins
第四級,battery,n.,batteries
第四級,beggar,n.,beggars
第四級,behavior,n.,behaviors
第四級,bin,n.,bins
第四級,biography,n.,biographies
第四級,biology,n.,biologies
第四級,blade,n.,blades
第四級,blend,v./n.,"blends,blending,blended"
第四級,blessing,n.,blessings
第四級,blink,v./n.,"blinks,blinking,blinked"
第四級,bloom,n./v.,"blooms,blooming,bloomed"
第四級,blossom,n./v.,"blossoms,blossoming,blossomed"
第四級,boast,v./n.,"boasts,boasting,boasted"
第四級,bond,n./v.,"bonds,bonding,bonded"
第四級,bounce,v./n.,"bounces,bouncing,bounced"
第四級,bracelet,n.,bracelets
第四級,breed,n./v.,"breeds,breeding,bred"
第四級,bridegroom/groom,n.,"bridegrooms,grooms"
第四級,broke,adj.,"broker,brokest"
第四級,broom,n.,brooms
第四級,brutal,adj.,
第四級,bulletin,n.,bulletins
第四級,burglar,n.,burglars
第四級,cabinet,n.,cabinets
第四級,calculate,v.,"calculates,calculating,calculated"
第四級,calculation,n.,calculations
第四級,calorie,n.,calories
第四級,campaign,n./v.,"campaigns,campaigning,campaigned"
第四級,candidate,n.,candidates
第四級,cane,n.,canes
第四級,canoe,n./v.,"canoes,canoeing,canoed"
第四級,capacity,n.,capacities
第四級,capital(ism),n.,capitals
第四級,capitalist,n.,capitalists
第四級,cargo,n.,cargoes
第四級,carrier,n.,carriers
第四級,carve,v.,"carves,carving,carved"
第四級,catalogue,n./v.,"catalogues,cataloguing,catalogued"
第四級,category,n.,categories
第四級,cease,v./n.,"ceases,ceasing,ceased"
第四級,celebration,n.,celebrations
第四級,chamber,n.,chambers
第四級,championship,n.,championships
第四級,characteristic,n./adj.,characteristics
第四級,charity,n.,charities
第四級,chemistry,n.,chemistries
第四級,cherish,v.,"cherishes,cherishing,cherished"
第四級,chew,v./n.,"chews,chewing,chewed"
第四級,choke,v./n.,"chokes,choking,choked"
第四級,chorus,n.,choruses
第四級,circular,adj.,
第四級,circulate,v.,"circulates,circulating,circulated"
第四級,circulation,n.,circulations
第四級,circumstance,n.,circumstances
第四級,civilian,adj./n.,civilians
第四級,civilization,n.,civilizations
第四級,clarify,v.,"clarifies,clarifying,clarified"
第四級,clash,n./v.,"clashes,clashing,clashed"
第四級,classification,n.,classifications
第四級,classify,v.,"classifies,classifying,classified"
第四級,claw,n./v.,"claws,clawing,clawed"
第四級,cliff,n.,cliffs
第四級,clumsy,adj.,"clumsier,clumsiest"
第四級,coarse,adj.,"coarser,coarsest"
第四級,code,n./v.,"codes,coding,coded"
第四級,collapse,n./v.,"collapses,collapsing,collapsed"
第四級,colleague,n.,colleagues
第四級,combination,n.,combinations
第四級,comedy,n.,comedies
第四級,commander,n.,commanders
第四級,comment,n./v.,"comments,commenting,commented"
第四級,commerce,n.,commerces
第四級,commit,v.,"commits,committing,committed"
第四級,communication,n.,communications
第四級,community,n.,communities
第四級,companion,n.,companions
第四級,competition,n.,competitions
第四級,competitive,adj.,
第四級,competitor,n.,competitors
第四級,complicate,v.,"complicates,complicating,complicated"
第四級,compose,v.,"composes,composing,composed"
第四級,composer,n.,composers
第四級,composition,n.,compositions
第四級,concentrate,v.,"concentrates,concentrating,concentrated"
第四級,concentration,n.,concentrations
第四級,concept,n.,concepts
第四級,concerning,prep.,
第四級,concrete,adj./n./v.,"concretes,concreting,concreted"
第四級,conductor,n.,conductors
第四級,conference,n.,conferences
第四級,confess,v.,"confesses,confessing,confessed"
第四級,confidence,n.,confidences
第四級,confusion,n.,confusions
第四級,congratulate,v.,"congratulates,congratulating,congratulated"
第四級,congress,n.,congresses
第四級,conquer,v.,"conquers,conquering,conquered"
第四級,conscience,n.,consciences
第四級,consequence,n.,consequences
第四級,consequent,adj.,
第四級,conservative,adj./n.,conservatives
第四級,consist,v.,"consists,consisting,consisted"
第四級,consistent,adj.,
第四級,constitute,v.,"constitutes,constituting,constituted"
第四級,constitution,n.,constitutions
第四級,construct,v.,"constructs,constructing,constructed"
第四級,construction,n.,constructions
第四級,constructive,adj.,
第四級,consult,v.,"consults,consulting,consulted"
第四級,consultant,n.,consultants
第四級,consume,v.,"consumes,consuming,consumed"
第四級,consumer,n.,consumers
第四級,container,n.,containers
第四級,content,n./adj.,contents
第四級,content(ment),v./(n.),"contents,contenting,contented,contentments"
第四級,contest,n./v.,"contests,contesting,contested"
第四級,context,n.,contexts
第四級,continual,adj.,
第四級,continuous,adj.,
第四級,contrary,n./adj.,contraries
第四級,contrast,n./v.,"contrasts,contrasting,contrasted"
第四級,contribute,v.,"contributes,contributing,contributed"
第四級,contribution,n.,contributions
第四級,convenience,n.,conveniences
第四級,convention,n.,conventions
第四級,conventional,adj.,
第四級,converse,v.,"converses,conversing,conversed"
第四級,convey,v.,"conveys,conveying,conveyed"
第四級,convince,v.,"convinces,convincing,convinced"
第四級,cooperate,v.,"cooperates,cooperating,cooperated"
第四級,cooperation,n.,cooperations
第四級,cooperative,adj./n.,cooperatives
第四級,cope,v.,"copes,coping,coped"
第四級,copper,n./adj.,"coppers,copperer,copperest"
第四級,cord,n.,cords
第四級,correspond,v.,"corresponds,corresponding,corresponded"
第四級,costume,n.,costumes
第四級,cottage,n.,cottages
第四級,council,n.,councils
第四級,counter,n./v./adj./adv.,"counters,countering,countered,counterer,counterest"
第四級,courageous,adj.,
第四級,courtesy,n.,courtesies
第四級,coward,n.,cowards
第四級,crack,n./v.,"cracks,cracking,cracked"
第四級,craft,n.,crafts
第四級,creation,n.,creations
第四級,creativity,n.,creativities
第四級,creep,v.,"creeps,creeping,crept"
第四級,critic,n.,critics
第四級,critical,adj.,
第四級,criticism,n.,criticisms
第四級,criticize,v.,"criticizes,criticizing,criticized"
第四級,cruelty,n.,cruelties
第四級,crunchy,adj.,"crunchier,crunchiest"
第四級,crush,n./v.,"crushes,crushing,crushed"
第四級,cube,n./v.,"cubes,cubing,cubed"
第四級,cue,n./v.,"cues,cuing,cued"
第四級,cunning,adj./n.,cunnings
第四級,curiosity,n.,curiosities
第四級,curl,n./v.,"curls,curling,curled"
第四級,curse,n./v.,"curses,cursing,cursed"
第四級,curve,n./v.,"curves,curving,curved"
第四級,cushion,n./v.,"cushions,cushioning,cushioned"
第四級,damp,adj./n./v.,"damps,damping,damped,damper,dampest"
第四級,deadline,n.,deadlines
第四級,declare,v.,"declares,declaring,declared"
第四級,decoration,n.,decorations
第四級,defeat,n./v.,"defeats,defeating,defeated"
第四級,defend,v.,"defends,defending,defended"
第四級,defense,n.,defenses
第四級,defensible,adj.,
第四級,defensive,adj.,
第四級,definite,adj.,
第四級,delicate,adj.,
第四級,delight,n./v.,"delights,delighting,delighted"
第四級,delightful,adj.,
第四級,demand,n./v.,"demands,demanding,demanded"
第四級,demonstrate,v.,"demonstrates,demonstrating,demonstrated"
第四級,demonstration,n.,demonstrations
第四級,dense,adj.,"denser,densest"
第四級,depart,v.,"departs,departing,departed"
第四級,departure,n.,departures
第四級,dependent,adj./n.,dependents
第四級,depression,n.,depressions
第四級,deserve,v.,"deserves,deserving,deserved"
第四級,desperate,adj.,
第四級,despite,prep.,
第四級,destruction,n.,destructions
第四級,detective,n./adj.,detectives
第四級,determination,n.,determinations
第四級,device,n.,devices
第四級,devise,v.,"devises,devising,devised"
第四級,devote,v.,"devotes,devoting,devoted"
第四級,dew,n.,dews
第四級,diagram,n./v.,"diagrams,diagraming,diagramed"
第四級,differ,v.,"differs,differing,differed"
第四級,digest,n./v.,"digests,digesting,digested"
第四級,digital,adj.,
第四級,dignity,n.,dignities
第四級,diligence,n.,diligences
第四級,diligent,adj.,
第四級,diploma,n.,diplomas
第四級,diplomat,n.,diplomats
第四級,disability,n.,disabilities
第四級,disadvantage,n./v.,"disadvantages,disadvantaging,disadvantaged"
第四級,disappoint(ment),v./(n.),"disappoints,disappointing,disappointed,disappointments"
第四級,disaster,n.,disasters
第四級,discipline,n./v.,"disciplines,disciplining,disciplined"
第四級,discourage(ment),v./(n.),"discourages,discouraging,discouraged,discouragements"
第四級,disguise,v./n.,"disguises,disguising,disguised"
第四級,disgust,n./v.,"disgusts,disgusting,disgusted"
第四級,dismiss,v.,"dismisses,dismissing,dismissed"
第四級,disorder,n./v.,"disorders,disordering,disordered"
第四級,dispute,n./v.,"disputes,disputing,disputed"
第四級,distinct,adj.,
第四級,distinguish,v.,"distinguishes,distinguishing,distinguished"
第四級,distinguished,adj.,
第四級,distribute,v.,"distributes,distributing,distributed"
第四級,distribution,n.,distributions
第四級,district,n.,districts
第四級,disturb,v.,"disturbs,disturbing,disturbed"
第四級,diverse,adj.,
第四級,diversity,n.,diversities
第四級,divine,adj.,
第四級,divorce,n./v.,"divorces,divorcing,divorced"
第四級,dodge,v./n.,"dodges,dodging,dodged"
第四級,dominant,adj.,
第四級,dominate,v.,"dominates,dominating,dominated"
第四級,draft,n./v.,"drafts,drafting,drafted"
第四級,dread,n./v.,"dreads,dreading,dreaded"
第四級,drift,v./n.,"drifts,drifting,drifted"
第四級,drill,n./v.,"drills,drilling,drilled"
第四級,drowsy,adj.,"drowsier,drowsiest"
第四級,durable,adj.,
第四級,dusty,adj.,"dustier,dustiest"
第四級,dye,n./v.,"dyes,dyeing,dyed"
第四級,dynamic,adj.,
第四級,dynasty,n.,dynasties
第四級,earnest,adj./n.,earnests
第四級,earphone,n.,earphones
第四級,economic,adj.,
第四級,economical,adj.,
第四級,economics,n.,
第四級,economist,n.,economists
第四級,economy,n.,economies
第四級,efficiency,n.,efficiencies
第四級,elastic,adj./n.,elastics
第四級,electronics,n.,electronicses
第四級,elegant,adj.,
第四級,elementary,adj.,
第四級,eliminate,v.,"eliminates,eliminating,eliminated"
第四級,elsewhere,adv.,
第四級,embarrass(ment),v./(n.),"embarrasses,embarrassing,embarrassed,embarrassments"
第四級,embassy,n.,embassies
第四級,emerge,v.,"emerges,emerging,emerged"
第四級,emphasis,n.,emphases
第四級,empire,n.,empires
第四級,enclose,v.,"encloses,enclosing,enclosed"
第四級,encounter,n./v.,"encounters,encountering,encountered"
第四級,endanger,v.,"endangers,endangering,endangered"
第四級,endure,v.,"endures,enduring,endured"
第四級,enforce(ment),v./(n.),"enforces,enforcing,enforced,enforcements"
第四級,engineering,n.,engineerings
第四級,enlarge(ment),v./(n.),"enlarges,enlarging,enlarged,enlargements"
第四級,enormous,adj.,
第四級,ensure,v.,"ensures,ensuring,ensured"
第四級,entertain(ment),v./(n.),"entertains,entertaining,entertained,entertainments"
第四級,enthusiasm,n.,enthusiasms
第四級,equality,n.,equalities
第四級,equip(ment),v./(n.),"equips,equipping,equipped"
第四級,era,n.,eras
第四級,essential,adj./n.,essentials
第四級,establish(ment),v./(n.),"establishes,establishing,established,establishments"
第四級,estimate,n./v.,"estimates,estimating,estimated"
第四級,ethnic,adj./n.,ethnics
第四級,evaluate,v.,"evaluates,evaluating,evaluated"
第四級,evaluation,n.,evaluations
第四級,eventual,adj.,
第四級,evidence,n./v.,"evidences,evidencing,evidenced"
第四級,evident,adj.,
第四級,exaggerate,v.,"exaggerates,exaggerating,exaggerated"
第四級,exception,n.,exceptions
第四級,exhaust,n./v.,"exhausts,exhausting,exhausted"
第四級,exhibit,n./v.,"exhibits,exhibiting,exhibited"
第四級,expand,v.,"expands,expanding,expanded"
第四級,expansion,n.,expansions
第四級,experimental,adj.,
第四級,explanation,n.,explanations
第四級,explosion,n.,explosions
第四級,explosive,adj./n.,explosives
第四級,expose,v.,"exposes,exposing,exposed"
第四級,exposure,n.,exposures
第四級,extend,v.,"extends,extending,extended"
第四級,extent,n.,extents
第四級,facial,adj.,
第四級,facility,n.,facilities
第四級,faithful,adj.,
第四級,fame,n.,fames
第四級,fantastic,adj.,
第四級,fantasy,n.,fantasies
第四級,farewell,n.,farewells
第四級,fasten,v.,"fastens,fastening,fastened"
第四級,fatal,adj.,
第四級,favorable,adj.,
第四級,fax,n./v.,"faxes,faxing,faxed"
第四級,feast,n./v.,"feasts,feasting,feasted"
第四級,feedback,n.,feedbacks
第四級,ferry,n./v.,"ferries,ferrying,ferried"
第四級,fertile,adj.,
第四級,fetch,v./n.,"fetches,fetching,fetched"
第四級,fiction,n.,fictions
第四級,fierce,adj.,"fiercer,fiercest"
第四級,finance,n./v.,"finances,financing,financed"
第四級,financial,adj.,
第四級,fireplace,n.,fireplaces
第四級,flatter,v.,"flatters,flattering,flattered"
第四級,flea,n.,fleas
第四級,flee,v.,"flees,fleeing,fled"
第四級,flexible,adj.,
第四級,fluent,adj.,"fluenter,fluentest"
第四級,flush,v./n.,"flushes,flushing,flushed"
第四級,foam,n./v.,"foams,foaming,foamed"
第四級,forbid,v.,"forbids,forbidding,forbade,forbidden"
第四級,forecast,n./v.,"forecasts,forecasting,forecast"
第四級,formation,n.,formations
第四級,formula,n.,"formulas,formulae"
第四級,fort,n.,forts
第四級,fortunate,adj.,
第四級,fossil,n./adj.,fossils
第四級,foundation,n.,foundations
第四級,founder,n.,founders
第四級,fragile,adj.,
第四級,frame,n./v.,"frames,framing,framed"
第四級,frequency,n.,frequencies
第四級,freshman,n.,freshmen
第四級,frost,n./v.,"frosts,frosting,frosted"
第四級,frown,n./v.,"frowns,frowning,frowned"
第四級,frustrate,v.,"frustrates,frustrating,frustrated"
第四級,frustration,n.,frustrations
第四級,fulfill(ment),v./(n.),"fulfills,fulfilling,fulfilled,fulfillments"
第四級,functional,adj.,
第四級,fundamental,adj./n.,fundamentals
第四級,funeral,n.,funerals
第四級,furious,adj.,
第四級,furnish,v.,"furnishes,furnishing,furnished"
第四級,furthermore,adv.,
第四級,gallery,n.,galleries
第四級,gaze,n./v.,"gazes,gazing,gazed"
第四級,gear,n./v.,"gears,gearing,geared"
第四級,gender,n.,genders
第四級,gene,n.,genes
第四級,generation,n.,generations
第四級,generosity,n.,generosities
第四級,genius,n.,geniuses
第四級,genuine,adj.,
第四級,germ,n.,germs
第四級,gifted,adj.,
第四級,gigantic,adj.,
第四級,giggle,n./v.,"giggles,giggling,giggled"
第四級,ginger,n.,gingers
第四級,glimpse,n./v.,"glimpses,glimpsing,glimpsed"
第四級,globe,n.,globes
第四級,glorious,adj.,
第四級,goods,n.,goodses
第四級,gown,n.,gowns
第四級,grace,n./v.,"graces,gracing,graced"
第四級,graceful,adj.,
第四級,gracious,adj.,
第四級,graduation,n.,graduations
第四級,grammar,n.,grammars
第四級,grammatical,adj.,
第四級,graph,n./v.,"graphs,graphing,graphed"
第四級,grateful,adj.,
第四級,gratitude,n.,gratitudes
第四級,grave,n./adj.,"graves,graver,gravest"
第四級,greasy,adj.,"greasier,greasiest"
第四級,greeting(s),n.,greetings
第四級,grief,n.,griefs
第四級,grind,v./n.,"grinds,grinding,ground"
第四級,guarantee,v./n.,"guarantees,guaranteeing,guaranteed"
第四級,guardian,n.,guardians
第四級,guilt,n.,guilts
第四級,guilty,adj.,"guiltier,guiltiest"
第四級,gulf,n.,gulves
第四級,habitual,adj.,
第四級,halt,n./v.,"halts,halting,halted"
第四級,handwriting,n.,handwritings
第四級,hardship,n.,hardships
第四級,hardware,n.,hardwares
第四級,harmony,n.,harmonies
第四級,harsh,adj.,"harsher,harshest"
第四級,haste,n.,hastes
第四級,hasten,v.,"hastens,hastening,hastened"
第四級,hatred,n.,hatreds
第四級,hawk,n.,hawks
第四級,helicopter,n.,helicopters
第四級,herd,n./v.,"herds,herding,herded"
第四級,hesitation,n.,hesitations
第四級,hive,n.,hives
第四級,homeland,n.,homelands
第四級,honeymoon,n./v.,"honeymoons,honeymooning,honeymooned"
第四級,hook,n./v.,"hooks,hooking,hooked"
第四級,horizon,n.,horizons
第四級,horrify,v.,"horrifies,horrifying,horrified"
第四級,hose,n./v.,"hoses,hosing,hosed"
第四級,household,n.,households
第四級,housework,n.,
第四級,humanity,n.,humanities
第四級,humidity,n.,humidities
第四級,hurricane,n.,hurricanes
第四級,hush,n./v.,"hushes,hushing,hushed"
第四級,hydrogen,n.,hydrogens
第四級,identical,adj.,
第四級,identification,n.,identifications
第四級,identify,v.,"identifies,identifying,identified"
第四級,idiom,n.,idioms
第四級,idle,adj./v.,"idles,idling,idled,idler,idlest"
第四級,idol,n.,idols
第四級,ignorance,n.,ignorances
第四級,ignorant,adj.,
第四級,illustrate,v.,"illustrates,illustrating,illustrated"
第四級,illustration,n.,illustrations
第四級,imaginary,adj.,
第四級,imaginative,adj.,
第四級,imitate,v.,"imitates,imitating,imitated"
第四級,imitation,n.,imitations
第四級,immigrant,n.,immigrants
第四級,immigrate,v.,"immigrates,immigrating,immigrated"
第四級,immigration,n.,immigrations
第四級,impact,n./v.,"impacts,impacting,impacted"
第四級,imply,v.,"implies,implying,implied"
第四級,impose,v.,"imposes,imposing,imposed"
第四級,impression,n.,impressions
第四級,incident,n.,incidents
第四級,including,prep.,
第四級,incredible,adj.,
第四級,indication,n.,indications
第四級,infant,n.,infants
第四級,infection,n.,infections
第四級,inflation,n.,inflations
第四級,influential,adj.,
第四級,informative,adj.,
第四級,ingredient,n.,ingredients
第四級,initial,adj./n./v.,"initials,initialing,initialed"
第四級,injure,v.,"injures,injuring,injured"
第四級,innocence,n.,innocences
第四級,input,n./v.,"inputs,inputing,inputed"
第四級,insert,v./n.,"inserts,inserting,inserted"
第四級,inspection,n.,inspections
第四級,inspiration,n.,inspirations
第四級,inspire,v.,"inspires,inspiring,inspired"
第四級,install,v.,"installs,installing,installed"
第四級,instinct,n.,instincts
第四級,instruct,v.,"instructs,instructing,instructed"
第四級,instructor,n.,instructors
第四級,insult,n./v.,"insults,insulting,insulted"
第四級,insurance,n.,insurances
第四級,intellectual,adj./n.,intellectuals
第四級,intelligence,n.,intelligences
第四級,intend,v.,"intends,intending,intended"
第四級,intense,adj.,
第四級,intensity,n.,intensities
第四級,intensive,adj.,
第四級,intention,n.,intentions
第四級,interact,v.,"interacts,interacting,interacted"
第四級,interaction,n.,interactions
第四級,interfere,v.,"interferes,interfering,interfered"
第四級,intermediate,adj./n./v.,"intermediates,intermediating,intermediated"
第四級,interpret,v.,"interprets,interpreting,interpreted"
第四級,interruption,n.,interruptions
第四級,intimate,adj./n.,intimates
第四級,intuition,n.,intuitions
第四級,invade,v.,"invades,invading,invaded"
第四級,invasion,n.,invasions
第四級,invention,n.,inventions
第四級,invest(ment),v./(n.),"invests,investing,invested,investments"
第四級,investigation,n.,investigations
第四級,involve(ment),v./(n.),"involves,involving,involved,involvements"
第四級,isolate,v.,"isolates,isolating,isolated"
第四級,isolation,n.,isolations
第四級,issue,n./v.,"issues,issuing,issued"
第四級,jealousy,n.,jealousies
第四級,keen,adj.,"keener,keenest"
第四級,kettle,n.,kettles
第四級,kneel,v.,"kneels,kneeling,knelt"
第四級,knob,n.,knobs
第四級,labor,n./v.,"labors,laboring,labored"
第四級,laboratory/lab,n.,"laboratories,labs"
第四級,lag,n./v.,"lags,lagging,lagged"
第四級,landmark,n.,landmarks
第四級,landscape,n./v.,"landscapes,landscaping,landscaped"
第四級,largely,adv.,
第四級,launch,v./n.,"launches,launching,launched"
第四級,lawful,adj.,
第四級,lean,v./adj.,"leans,leaning,leaned,leant,leaner,leanest"
第四級,learned,adj.,
第四級,lecture,n./v.,"lectures,lecturing,lectured"
第四級,lecturer,n.,lecturers
第四級,legend,n.,legends
第四級,leisurely,adj./adv.,
第四級,lengthen,v.,"lengthens,lengthening,lengthened"
第四級,liar,n.,liars
第四級,librarian,n.,librarians
第四級,license,n./v.,"licenses,licensing,licensed"
第四級,lifeguard,n.,lifeguards
第四級,limitation,n.,limitations
第四級,linen,n.,linens
第四級,lipstick,n.,lipsticks
第四級,liquor,n.,liquors
第四級,literary,adj.,
第四級,literature,n.,literatures
第四級,loan,n./v.,"loans,loaning,loaned"
第四級,lobster,n.,lobsters
第四級,logic,n.,logics
第四級,logical,adj.,
第四級,loosen,v.,"loosens,loosening,loosened"
第四級,lousy,adj.,"lousier,lousiest"
第四級,loyal,adj.,"loyaller,loyallest"
第四級,loyalty,n.,loyalties
第四級,luxurious,adj.,
第四級,luxury,n.,luxuries
第四級,machinery,n.,
第四級,magnetic,adj.,
第四級,magnificent,adj.,
第四級,makeup,n.,makeups
第四級,manual,n./adj.,manuals
第四級,manufacture,n./v.,"manufactures,manufacturing,manufactured"
第四級,manufacturer,n.,manufacturers
第四級,marathon,n.,marathons
第四級,margin,n.,margins
第四級,maturity,n.,maturities
第四級,maximum,adj./n.,maximums
第四級,measurable,adj.,
第四級,measure(s),n.,measures
第四級,mechanic,n.,mechanics
第四級,mechanical,adj.,
第四級,memorable,adj.,
第四級,memorial,adj./n.,memorials
第四級,memorize,v.,"memorizes,memorizing,memorized"
第四級,merchant,n.,merchants
第四級,mercy,n.,mercies
第四級,mere,adj.,
第四級,merit,n.,merits
第四級,messenger,n.,messengers
第四級,messy,adj.,"messier,messiest"
第四級,microscope,n.,microscopes
第四級,mild,adj.,"milder,mildest"
第四級,mill,n./v.,"mills,milling,milled"
第四級,millionaire,n.,millionaires
第四級,miner,n.,miners
第四級,mineral,n.,minerals
第四級,minimum,adj./n.,minimums
第四級,minister,n.,ministers
第四級,ministry,n.,ministries
第四級,mischief,n.,mischiefs
第四級,miserable,adj.,
第四級,misfortune,n.,misfortunes
第四級,mislead,v.,"misleads,misleading,misled"
第四級,misunderstand,v.,"misunderstands,misunderstanding,misunderstood"
第四級,moderate,adj.,
第四級,modest,adj.,
第四級,modesty,n.,modesties
第四級,monitor,n./v.,"monitors,monitoring,monitored"
第四級,monument,n.,monuments
第四級,moreover,adv.,
第四級,motivate,v.,"motivates,motivating,motivated"
第四級,motivation,n.,motivations
第四級,mountainous,adj.,
第四級,muddy,adj.,"muddier,muddiest"
第四級,mule,n.,mules
第四級,multiple,adj.,
第四級,murderer,n.,murderers
第四級,murmur,n./v.,"murmurs,murmuring,murmured"
第四級,mutual,adj.,
第四級,mysterious,adj.,
第四級,namely,adv.,
第四級,nationality,n.,nationalities
第四級,needy,adj.,"needier,neediest"
第四級,neglect,n./v.,"neglects,neglecting,neglected"
第四級,negotiate,v.,"negotiates,negotiating,negotiated"
第四級,nevertheless,adv.,
第四級,nightmare,n.,nightmares
第四級,noble,adj./n.,"nobles,nobler,noblest"
第四級,nonsense,n.,nonsenses
第四級,nowadays,adv.,
第四級,nuclear,adj.,
第四級,numerous,adj.,
第四級,nursery,n.,nurseries
第四級,nutritious,adj.,
第四級,obedience,n.,obediences
第四級,obedient,adj.,
第四級,objection,n.,objections
第四級,objective,n./adj.,objectives
第四級,observation,n.,observations
第四級,obstacle,n.,obstacles
第四級,obtain,v.,"obtains,obtaining,obtained"
第四級,occasional,adj.,
第四級,occupation,n.,occupations
第四級,occupy,v.,"occupies,occupying,occupied"
第四級,offend,v.,"offends,offending,offended"
第四級,offense,n.,offenses
第四級,offensive,adj.,
第四級,opera,n.,operas
第四級,oppose,v.,"opposes,opposing,opposed"
第四級,option,n.,options
第四級,orbit,n./v.,"orbits,orbiting,orbited"
第四級,orchestra,n.,orchestras
第四級,orientation,n.,orientations
第四級,orphan,n./v.,"orphans,orphaning,orphaned"
第四級,otherwise,adv.,
第四級,outcome,n.,outcomes
第四級,outstanding,adj.,
第四級,oval,adj./n.,ovals
第四級,overcoat,n.,overcoats
第四級,overcome,v.,"overcomes,overcoming,overcame,overcome"
第四級,overlook,v.,"overlooks,overlooking,overlooked"
第四級,overnight,adv./adj.,
第四級,overthrow,v.,"overthrows,overthrowing,overthrew,overthrown"
第四級,oxygen,n.,oxygens
第四級,pace,n./v.,"paces,pacing,paced"
第四級,panel,n.,panels
第四級,parachute,n./v.,"parachutes,parachuting,parachuted"
第四級,paragraph,n.,paragraphs
第四級,partial,adj.,
第四級,participation,n.,participations
第四級,partnership,n.,partnerships
第四級,passive,adj.,
第四級,pasta,n.,pastas
第四級,paw,n./v.,"paws,pawing,pawed"
第四級,peculiar,adj.,
第四級,peep,n./v.,"peeps,peeping,peeped"
第四級,peer,n./v.,"peers,peering,peered"
第四級,penalty,n.,penalties
第四級,percent,n.,percents
第四級,percentage,n.,percentages
第四級,perfection,n.,perfections
第四級,perfume,n./v.,"perfumes,perfuming,perfumed"
第四級,permanent,adj.,
第四級,persuasion,n.,persuasions
第四級,persuasive,adj.,
第四級,pessimistic,adj.,
第四級,pest,n.,pests
第四級,phenomenon,n.,phenomena
第四級,philosopher,n.,philosophers
第四級,philosophical,adj.,
第四級,philosophy,n.,philosophies
第四級,photography,n.,photographies
第四級,physical,adj.,
第四級,physician,n.,physicians
第四級,physicist,n.,physicists
第四級,physics,n.,
第四級,pickle,n.,pickles
第四級,pioneer,n./v.,"pioneers,pioneering,pioneered"
第四級,plentiful,adj.,
第四級,plot,n./v.,"plots,plotting,plotted"
第四級,plum,n.,plums
第四級,plumber,n.,plumbers
第四級,poisonous,adj.,
第四級,polish,n./v.,"polishes,polishing,polished"
第四級,popularity,n.,popularities
第四級,portable,adj.,
第四級,portray,v.,"portrays,portraying,portrayed"
第四級,possess,v.,"possesses,possessing,possessed"
第四級,possession,n.,possessions
第四級,postage,n.,postages
第四級,potential,adj./n.,potentials
第四級,precise,adj.,
第四級,predict,v.,"predicts,predicting,predicted"
第四級,prediction,n.,predictions
第四級,pregnancy,n.,pregnancies
第四級,pregnant,adj.,
第四級,presentation,n.,presentations
第四級,preservation,n.,preservations
第四級,preserve,v.,"preserves,preserving,preserved"
第四級,prevention,n.,preventions
第四級,prime,adj./n.,"primes,primer,primest"
第四級,primitive,adj.,
第四級,priority,n.,priorities
第四級,privacy,n.,privacies
第四級,privilege,n./v.,"privileges,privileging,privileged"
第四級,procedure,n.,procedures
第四級,proceed,v.,"proceeds,proceeding,proceeded"
第四級,productive,adj.,
第四級,profession,n.,professions
第四級,professional,adj./n.,professionals
第四級,profitable,adj.,
第四級,prominent,adj.,
第四級,promising,adj.,
第四級,promotion,n.,promotions
第四級,prompt,v./adj./n.,"prompts,prompting,prompted,prompter,promptest"
第四級,pronunciation,n.,pronunciations
第四級,proposal,n.,proposals
第四級,prosper,v.,"prospers,prospering,prospered"
第四級,prosperity,n.,prosperities
第四級,prosperous,adj.,
第四級,protein,n.,proteins
第四級,protest,n./v.,"protests,protesting,protested"
第四級,psychological,adj.,
第四級,psychologist,n.,psychologists
第四級,psychology,n.,psychologies
第四級,publication,n.,publications
第四級,publicity,n.,publicities
第四級,publish,v.,"publishes,publishing,published"
第四級,publisher,n.,publishers
第四級,pursue,v.,"pursues,pursuing,pursued"
第四級,pursuit,n.,pursuits
第四級,quarrel,n./v.,"quarrels,quarreling,quarreled"
第四級,quilt,n./v.,"quilts,quilting,quilted"
第四級,quotation,n.,quotations
第四級,radar,n.,radars
第四級,rage,n./v.,"rages,raging,raged"
第四級,rainfall,n.,rainfalls
第四級,raisin,n.,raisins
第四級,realistic,adj.,
第四級,rebel,n./v.,"rebels,rebelling,rebelled"
第四級,recall,v./n.,"recalls,recalling,recalled"
第四級,reception,n.,receptions
第四級,recipe,n.,recipes
第四級,recognition,n.,recognitions
第四級,recovery,n.,recoveries
第四級,recreation,n.,recreations
第四級,recycle,v.,"recycles,recycling,recycled"
第四級,reduction,n.,reductions
第四級,refer,v.,"refers,referring,referred"
第四級,reference,n.,references
第四級,reflect,v.,"reflects,reflecting,reflected"
第四級,reflection,n.,reflections
第四級,reform,n./v.,"reforms,reforming,reformed"
第四級,refugee,n.,refugees
第四級,refund,n./v.,"refunds,refunding,refunded"
第四級,refusal,n.,refusals
第四級,regarding,prep.,
第四級,register,v./n.,"registers,registering,registered"
第四級,registration,n.,registrations
第四級,regulate,v.,"regulates,regulating,regulated"
第四級,regulation,n.,regulations
第四級,rejection,n.,rejections
第四級,relaxation,n.,relaxations
第四級,relevant,adj.,
第四級,relieve,v.,"relieves,relieving,relieved"
第四級,reluctant,adj.,
第四級,remark,n./v.,"remarks,remarking,remarked"
第四級,remarkable,adj.,
第四級,remedy,n./v.,"remedies,remedying,remedied"
第四級,renew,v.,"renews,renewing,renewed"
第四級,repetition,n.,repetitions
第四級,representation,n.,representations
第四級,reputation,n.,reputations
第四級,rescue,n./v.,"rescues,rescuing,rescued"
第四級,research,n./v.,"researches,researching,researched"
第四級,researcher,n.,researchers
第四級,resemble,v.,"resembles,resembling,resembled"
第四級,reservation,n.,reservations
第四級,resign,v.,"resigns,resigning,resigned"
第四級,resignation,n.,resignations
第四級,resistance,n.,resistances
第四級,resolution,n.,resolutions
第四級,resolve,v./n.,"resolves,resolving,resolved"
第四級,respectable,adj.,
第四級,respectful,adj.,
第四級,restore,v.,"restores,restoring,restored"
第四級,restriction,n.,restrictions
第四級,retain,v.,"retains,retaining,retained"
第四級,retire(ment),v./(n.),"retires,retiring,retired,retirements"
第四級,retreat,n./v.,"retreats,retreating,retreated"
第四級,reunion,n.,reunions
第四級,revenge,n./v.,"revenges,revenging,revenged"
第四級,revise,v.,"revises,revising,revised"
第四級,revision,n.,revisions
第四級,revolution,n.,revolutions
第四級,revolutionary,adj./n.,revolutionaries
第四級,reward,n./v.,"rewards,rewarding,rewarded"
第四級,rhyme,n./v.,"rhymes,rhyming,rhymed"
第四級,rhythm,n.,rhythms
第四級,riddle,n.,riddles
第四級,robber,n.,robbers
第四級,romance,n.,romances
第四級,route,n./v.,"routes,routing,routed"
第四級,ruin,v./n.,"ruins,ruining,ruined"
第四級,rural,adj.,
第四級,rusty,adj.,"rustier,rustiest"
第四級,sacrifice,n./v.,"sacrifices,sacrificing,sacrificed"
第四級,satellite,n.,satellites
第四級,satisfaction,n.,satisfactions
第四級,scarcely,adv.,
第四級,scenery,n.,
第四級,scold,v./n.,"scolds,scolding,scolded"
第四級,scoop,n./v.,"scoops,scooping,scooped"
第四級,scratch,n./v.,"scratches,scratching,scratched"
第四級,sculpture,n./v.,"sculptures,sculpturing,sculptured"
第四級,secure,v./adj.,"secures,securing,secured"
第四級,seize,v.,"seizes,seizing,seized"
第四級,settler,n.,settlers
第四級,severe,adj.,
第四級,sew,v.,"sews,sewing,sewed,sewn"
第四級,shade,n./v.,"shades,shading,shaded"
第四級,shady,adj.,"shadier,shadiest"
第四級,shameful,adj.,
第四級,shave,v./n.,"shaves,shaving,shaved,shaved/shaven"
第四級,shelter,n./v.,"shelters,sheltering,sheltered"
第四級,shift,n./v.,"shifts,shifting,shifted"
第四級,sightseeing,n.,sightseeings
第四級,signature,n./adj.,signatures
第四級,significance,n.,significances
第四級,sincerity,n.,sincerities
第四級,singular,adj./n.,singulars
第四級,site,n./v.,"sites,siting,sited"
第四級,sketch,n./v.,"sketches,sketching,sketched"
第四級,skyscraper,n.,skyscrapers
第四級,slight,adj./n./v.,"slights,slighting,slighted,slighter,slightest"
第四級,slogan,n.,slogans
第四級,socket,n.,sockets
第四級,software,n.,softwares
第四級,solar,adj.,
第四級,spade,n.,spades
第四級,spare,adj./v./n.,"spares,sparing,spared,sparer,sparest"
第四級,spark,n./v.,"sparks,sparking,sparked"
第四級,spear,n./v.,"spears,spearing,speared"
第四級,species,n.,
第四級,spiritual,adj.,
第四級,splendid,adj.,
第四級,split,v./n.,"splits,splitting,split"
第四級,sprinkle,v./n.,"sprinkles,sprinkling,sprinkled"
第四級,stab,n./v.,"stabs,stabbing,stabbed"
第四級,statistic(s),n.,statistics
第四級,status,n.,statuses
第四級,stem,n./v.,"stems,stemming,stemmed"
第四級,stereo,n.,stereos
第四級,stingy,adj.,"stingier,stingiest"
第四級,stocking(s),n.,stockings
第四級,strengthen,v.,"strengthens,strengthening,strengthened"
第四級,stripe,n.,stripes
第四級,strive,v.,"strives,striving,strove,striven"
第四級,stroke,n./v.,"strokes,stroking,stroked"
第四級,submarine,n./adj.,submarines
第四級,sue,v.,"sues,suing,sued"
第四級,suggestion,n.,suggestions
第四級,summarize,v.,"summarizes,summarizing,summarized"
第四級,surgeon,n.,surgeons
第四級,surgery,n.,surgeries
第四級,surrender,v./n.,"surrenders,surrendering,surrendered"
第四級,surroundings,n.,surroundingses
第四級,suspicious,adj.,
第四級,sway,n./v.,"sways,swaying,swayed"
第四級,syllable,n.,syllables
第四級,sympathetic,adj.,
第四級,sympathy,n.,sympathies
第四級,systematic,adj.,
第四級,technician,n.,technicians
第四級,technological,adj.,
第四級,telegraph,n./v.,"telegraphs,telegraphing,telegraphed"
第四級,telescope,n.,telescopes
第四級,tendency,n.,tendencies
第四級,tense,adj./v.,"tenses,tensing,tensed,tenser,tensest"
第四級,tension,n.,tensions
第四級,terror,n.,terrors
第四級,theme,n.,themes
第四級,thorough,adj.,
第四級,thoughtful,adj.,
第四級,tickle,v./n.,"tickles,tickling,tickled"
第四級,timetable,n.,timetables
第四級,timid,adj.,
第四級,tolerable,adj.,
第四級,tolerance,n.,tolerances
第四級,tolerant,adj.,
第四級,tolerate,v.,"tolerates,tolerating,tolerated"
第四級,tomb,n.,tombs
第四級,tortoise,n.,tortoises
第四級,torture,n./v.,"tortures,torturing,tortured"
第四級,tragedy,n.,tragedies
第四級,tragic,adj.,
第四級,transfer,n./v.,"transfers,transferring,transferred"
第四級,transform,v.,"transforms,transforming,transformed"
第四級,translate,v.,"translates,translating,translated"
第四級,translation,n.,translations
第四級,translator,n.,translators
第四級,transportation,n.,
第四級,tremble,v./n.,"trembles,trembling,trembled"
第四級,tremendous,adj.,
第四級,tribal,adj.,
第四級,triumph,n./v.,"triumphs,triumphing,triumphed"
第四級,troublesome,adj.,
第四級,tumble,v./n.,"tumbles,tumbling,tumbled"
第四級,twig,n.,twigs
第四級,universal,adj./n.,universals
第四級,urge,n./v.,"urges,urging,urged"
第四級,urgent,adj.,
第四級,usage,n.,usages
第四級,vacancy,n.,vacancies
第四級,vain,adj.,"vainer,vainest"
第四級,vast,adj.,"vaster,vastest"
第四級,vegetarian,n.,vegetarians
第四級,vessel,n.,vessels
第四級,violate,v.,"violates,violating,violated"
第四級,violation,n.,violations
第四級,virtue,n.,virtues
第四級,virus,n.,viruses
第四級,visual,adj.,
第四級,vital,adj.,
第四級,voluntary,adj.,
第四級,volunteer,n./v.,"volunteers,volunteering,volunteered"
第四級,voyage,n./v.,"voyages,voyaging,voyaged"
第四級,waken,v.,"wakens,wakening,wakened"
第四級,website,n.,websites
第四級,welfare,n.,welfares
第四級,wink,n./v.,"winks,winking,winked"
第四級,wit,n.,wits
第四級,witch/wizard,n.,"witches,wizards"
第四級,withdraw,v.,"withdraws,withdrawing,withdrew,withdrawn"
第四級,witness,n./v.,"witnesses,witnessing,witnessed"
第四級,workout,n.,workouts
第四級,workplace,n.,workplaces
第四級,wreck,n./v.,"wrecks,wrecking,wrecked"
第四級,yawn,n./v.,"yawns,yawning,yawned"
第四級,youthful,adj.,
第五級,abnormal,adj.,
第五級,abolish,v.,"abolishes,abolishing,abolished"
第五級,abortion,n.,abortions
第五級,abrupt,adj.,
第五級,absurd,adj.,
第五級,abundant,adj.,
第五級,abuse,n./v.,"abuses,abusing,abused"
第五級,accelerate,v.,"accelerates,accelerating,accelerated"
第五級,accessible,adj.,
第五級,accommodate,v.,"accommodates,accommodating,accommodated"
第五級,accommodation,n.,accommodations
第五級,accord,n./v.,"accords,according,accorded"
第五級,accounting,n.,accountings
第五級,acknowledge(ment),v./(n.),"acknowledges,acknowledging,acknowledged,acknowledgements"
第五級,acquaint,v.,"acquaints,acquainting,acquainted"
第五級,acquisition,n.,acquisitions
第五級,activist,n.,activists
第五級,acute,adj.,
第五級,administration,n.,administrations
第五級,administrative,adj.,
第五級,administrator,n.,administrators
第五級,adolescent,adj./n.,adolescents
第五級,adore,v.,"adores,adoring,adored"
第五級,adverse,adj.,
第五級,advocate,n./v.,"advocates,advocating,advocated"
第五級,affection,n.,affections
第五級,agenda,n.,agendas
第五級,aggression,n.,aggressions
第五級,agony,n.,agonies
第五級,agricultural,adj.,
第五級,aisle,n.,aisles
第五級,alcoholic,adj./n.,alcoholics
第五級,alien,adj./n.,aliens
第五級,allergic,adj.,
第五級,allergy,n.,allergies
第五級,alliance,n.,alliances
第五級,allocate,v.,"allocates,allocating,allocated"
第五級,ally,n./v.,"allies,allying,allied"
第五級,alongside,prep./adv.,
第五級,alter,v.,"alters,altering,altered"
第五級,alternate,adj./v./n.,"alternates,alternating,alternated"
第五級,amend,v.,"amends,amending,amended"
第五級,ample,adj.,"ampler,amplest"
第五級,analyst,n.,analysts
第五級,anonymous,adj.,
第五級,anticipate,v.,"anticipates,anticipating,anticipated"
第五級,antique,adj./n.,antiques
第五級,applause,n.,applauses
第五級,appliance,n.,appliances
第五級,apt,adj.,"apter,aptest"
第五級,architect,n.,architects
第五級,architecture,n.,architectures
第五級,arena,n.,arenas
第五級,arouse,v.,"arouses,arousing,aroused"
第五級,array,n.,arrays
第五級,arrogant,adj.,
第五級,articulate,v./adj.,"articulates,articulating,articulated"
第五級,ass,n.,asses
第五級,assault,n./v.,"assaults,assaulting,assaulted"
第五級,assert,v.,"asserts,asserting,asserted"
第五級,assess(ment),v./(n.),"assesses,assessing,assessed,assessments"
第五級,asset,n.,assets
第五級,assumption,n.,assumptions
第五級,astonish(ment),v./(n.),"astonishes,astonishing,astonished,astonishments"
第五級,athletics,n.,
第五級,attendance,n.,attendances
第五級,attic,n.,attics
第五級,attorney,n.,attorneys
第五級,attribute,v.,"attributes,attributing,attributed"
第五級,auction,n./v.,"auctions,auctioning,auctioned"
第五級,authorize,v.,"authorizes,authorizing,authorized"
第五級,autonomy,n.,autonomies
第五級,awe,n./v.,"awes,awing,awed"
第五級,backyard,n.,backyards
第五級,ballot,n./v.,"ballots,balloting,balloted"
第五級,ban,n./v.,"bans,banning,banned"
第五級,banner,n.,banners
第五級,barren,adj.,
第五級,batch,n.,batches
第五級,behalf,n.,behalves
第五級,belongings,n.,belongingses
第五級,beloved,adj./n.,beloveds
第五級,beneficial,adj.,
第五級,betray,v.,"betrays,betraying,betrayed"
第五級,beware,v.,"bewares,bewaring,bewared"
第五級,bias,n./v.,"biases,biasing,biased"
第五級,bid,n./v.,"bids,bidding,bidded"
第五級,biological,adj.,
第五級,bizarre,adj.,
第五級,blast,n./v.,"blasts,blasting,blasted"
第五級,blur,n./v.,"blurs,blurring,blurred"
第五級,blush,n./v.,"blushes,blushing,blushed"
第五級,bodyguard,n.,bodyguards
第五級,bolt,n./v.,"bolts,bolting,bolted"
第五級,bonus,n.,bonuses
第五級,boom,n./v.,"booms,booming,boomed"
第五級,boost,v./n.,"boosts,boosting,boosted"
第五級,booth,n.,booths
第五級,boredom,n.,
第五級,bound,v./n.,"bounds,bounding,bounded"
第五級,boundary,n.,boundaries
第五級,boxer,n.,boxers
第五級,breakthrough,n.,breakthroughs
第五級,briefcase,n.,briefcases
第五級,bronze,n./adj.,"bronzes,bronzer,bronzest"
第五級,browse,v./n.,"browses,browsing,browsed"
第五級,bruise,n./v.,"bruises,bruising,bruised"
第五級,bulk,n.,bulks
第五級,bully,n./v.,"bullies,bullying,bullied"
第五級,bureau,n.,"bureaus,bureaux"
第五級,bureaucracy,n.,bureaucracies
第五級,burial,n.,burials
第五級,butcher,n./v.,"butchers,butchering,butchered"
第五級,cactus,n.,cacti
第五級,calcium,n.,calciums
第五級,canal,n.,canals
第五級,canvas,n./v.,"canvases,canvasing,canvased"
第五級,capability,n.,capabilities
第五級,carbon,n.,carbons
第五級,carnival,n.,carnivals
第五級,casino,n.,casinoes
第五級,cathedral,n.,cathedrals
第五級,caution,n./v.,"cautions,cautioning,cautioned"
第五級,cautious,adj.,
第五級,celebrity,n.,celebrities
第五級,cemetery,n.,cemeteries
第五級,ceremony,n.,ceremonies
第五級,certainty,n.,certainties
第五級,certificate,n./v.,"certificates,certificating,certificated"
第五級,chaos,n.,chaoses
第五級,chapel,n.,chapels
第五級,characterize,v.,"characterizes,characterizing,characterized"
第五級,chef,n.,cheves
第五級,choir,n.,choirs
第五級,chord,n.,chords
第五級,chore,n.,chores
第五級,chronic,adj.,
第五級,chubby,adj.,"chubbier,chubbiest"
第五級,chunk,n.,chunks
第五級,circuit,n.,circuits
第五級,cite,v.,"cites,citing,cited"
第五級,citizenship,n.,citizenships
第五級,civic,adj.,
第五級,clarity,n.,clarities
第五級,clause,n.,clauses
第五級,cling,v.,"clings,clinging,clung"
第五級,clinical,adj.,
第五級,cluster,n./v.,"clusters,clustering,clustered"
第五級,cocaine,n.,cocaines
第五級,coffin,n.,coffins
第五級,cognitive,adj.,
第五級,coherent,adj.,
第五級,coincidence,n.,coincidences
第五級,collaboration,n.,collaborations
第五級,collective,adj./n.,collectives
第五級,collector,n.,collectors
第五級,colonial,adj./n.,colonials
第五級,columnist,n.,columnists
第五級,combat,n./v.,"combats,combating,combated"
第五級,comedian,n.,comedians
第五級,commentary,n.,commentaries
第五級,commentator,n.,commentators
第五級,commission,n./v.,"commissions,commissioning,commissioned"
第五級,commitment,n.,commitments
第五級,commodity,n.,commodities
第五級,communism,n.,communisms
第五級,communist,adj./n.,communists
第五級,commute,v.,"commutes,commuting,commuted"
第五級,commuter,n.,commuters
第五級,compact,adj./n./v.,"compacts,compacting,compacted"
第五級,comparable,adj.,
第五級,compassion,n.,compassions
第五級,compassionate,adj.,
第五級,compatible,adj.,
第五級,compel,v.,"compels,compelling,compelled"
第五級,compensate,v.,"compensates,compensating,compensated"
第五級,compensation,n.,compensations
第五級,competence,n.,competences
第五級,competent,adj.,
第五級,complexity,n.,complexities
第五級,compliance,n.,compliances
第五級,complication,n.,complications
第五級,compliment,n./v.,"compliments,complimenting,complimented"
第五級,comply,v.,"complies,complying,complied"
第五級,component,n./adj.,components
第五級,compound,n./v./adj.,"compounds,compounding,compounded"
第五級,comprehend,v.,"comprehends,comprehending,comprehended"
第五級,comprehension,n.,comprehensions
第五級,comprise,v.,"comprises,comprising,comprised"
第五級,compromise,n./v.,"compromises,compromising,compromised"
第五級,compulsory,adj.,
第五級,conceal,v.,"conceals,concealing,concealed"
第五級,concede,v.,"concedes,conceding,conceded"
第五級,conceive,v.,"conceives,conceiving,conceived"
第五級,conception,n.,conceptions
第五級,condemn,v.,"condemns,condemning,condemned"
第五級,conduct,v./n.,"conducts,conducting,conducted"
第五級,confession,n.,confessions
第五級,confidential,adj.,
第五級,confine,v.,"confines,confining,confined"
第五級,conform,v.,"conforms,conforming,conformed"
第五級,confront,v.,"confronts,confronting,confronted"
第五級,confrontation,n.,confrontations
第五級,consecutive,adj.,
第五級,consensus,n.,consensuses
第五級,consent,n./v.,"consents,consenting,consented"
第五級,conservation,n.,conservations
第五級,considerate,adj.,
第五級,constitutional,adj./n.,constitutionals
第五級,constraint,n.,constraints
第五級,consultation,n.,consultations
第五級,consumption,n.,consumptions
第五級,contagious,adj.,
第五級,contaminate,v.,"contaminates,contaminating,contaminated"
第五級,contemplate,v.,"contemplates,contemplating,contemplated"
第五級,contemporary,adj./n.,contemporaries
第五級,contempt,n.,contempts
第五級,contend,v.,"contends,contending,contended"
第五級,continental,adj.,
第五級,contractor,n.,contractors
第五級,contradiction,n.,contradictions
第五級,controversial,adj.,
第五級,controversy,n.,controversies
第五級,conversion,n.,conversions
第五級,convert,v.,"converts,converting,converted"
第五級,convict,v./n.,"convicts,convicting,convicted"
第五級,conviction,n.,convictions
第五級,coordinate,v./n./adj.,"coordinates,coordinating,coordinated"
第五級,copyright,n./v.,"copyrights,copyrighting,copyrighted"
第五級,core,n.,cores
第五級,corporate,adj.,
第五級,corporation,n.,corporations
第五級,correlation,n.,correlations
第五級,correspondent,n.,correspondents
第五級,corridor,n.,corridors
第五級,corrupt,adj./v.,"corrupts,corrupting,corrupted"
第五級,corruption,n.,corruptions
第五級,counsel,n./v.,"counsels,counseling,counseled"
第五級,counselor,n.,counselors
第五級,courteous,adj.,
第五級,coverage,n.,coverages
第五級,credibility,n.,credibilities
第五級,creek,n.,creeks
第五級,cripple,v./n.,"cripples,crippling,crippled"
第五級,criterion/criteria,n.,"criteria,criterias"
第五級,crucial,adj.,
第五級,crude,adj.,"cruder,crudest"
第五級,cruise,n./v.,"cruises,cruising,cruised"
第五級,crystal,n./adj.,crystals
第五級,cuisine,n.,cuisines
第五級,currency,n.,currencies
第五級,curriculum,n.,curricula
第五級,custody,n.,custodies
第五級,customs,n.,customses
第五級,deadly,adj./adv.,"deadlier,deadliest"
第五級,debris,n.,debrises
第五級,debut,n.,debuts
第五級,decay,n./v.,"decays,decaying,decayed"
第五級,deceive,v.,"deceives,deceiving,deceived"
第五級,decent,adj.,
第五級,declaration,n.,declarations
第五級,decline,n./v.,"declines,declining,declined"
第五級,dedicate,v.,"dedicates,dedicating,dedicated"
第五級,defendant,n.,defendants
第五級,deficit,n.,deficits
第五級,defy,v.,"defies,defying,defied"
第五級,delegate,n./v.,"delegates,delegating,delegated"
第五級,delegation,n.,delegations
第五級,deliberate,adj./v.,"deliberates,deliberating,deliberated"
第五級,democrat,n.,democrats
第五級,denial,n.,denials
第五級,density,n.,densities
第五級,depict,v.,"depicts,depicting,depicted"
第五級,deploy,v.,"deploys,deploying,deployed"
第五級,depress,v.,"depresses,depressing,depressed"
第五級,deputy,n.,deputies
第五級,derive,v.,"derives,deriving,derived"
第五級,descend,v.,"descends,descending,descended"
第五級,descriptive,adj.,
第五級,despair,n./v.,"despairs,despairing,despaired"
第五級,destination,n.,destinations
第五級,destiny,n.,destinies
第五級,destructive,adj.,
第五級,devotion,n.,devotions
第五級,diagnose,v.,"diagnoses,diagnosing,diagnosed"
第五級,diagnosis,n.,diagnoses
第五級,dialect,n.,dialects
第五級,diameter,n.,diameters
第五級,diaper,n.,diapers
第五級,digestion,n.,digestions
第五級,dilemma,n.,dilemmas
第五級,dimension,n.,dimensions
第五級,diminish,v.,"diminishes,diminishing,diminished"
第五級,diplomatic,adj.,
第五級,directory,n.,directories
第五級,disapprove,v.,"disapproves,disapproving,disapproved"
第五級,disclose,v.,"discloses,disclosing,disclosed"
第五級,disconnect,v.,"disconnects,disconnecting,disconnected"
第五級,discourse,n.,discourses
第五級,discriminate,v.,"discriminates,discriminating,discriminated"
第五級,discrimination,n.,discriminations
第五級,disrupt,v.,"disrupts,disrupting,disrupted"
第五級,dissolve,v.,"dissolves,dissolving,dissolved"
第五級,distinction,n.,distinctions
第五級,distinctive,adj.,
第五級,distract,v.,"distracts,distracting,distracted"
第五級,doctrine,n.,doctrines
第五級,document,n./v.,"documents,documenting,documented"
第五級,documentary,n./adj.,documentaries
第五級,domain,n.,domains
第五級,dome,n./v.,"domes,doming,domed"
第五級,donate,v.,"donates,donating,donated"
第五級,donation,n.,donations
第五級,donor,n.,donors
第五級,doorway,n.,doorways
第五級,dough,n.,doughs
第五級,dreadful,adj.,
第五級,driveway,n.,driveways
第五級,drought,n.,droughts
第五級,ecological,adj.,
第五級,ecology,n.,ecologies
第五級,ecosystem,n.,ecosystems
第五級,ego,n.,egoes
第五級,elaborate,adj./v.,"elaborates,elaborating,elaborated"
第五級,eligible,adj.,
第五級,eloquent,adj.,
第五級,embrace,v./n.,"embraces,embracing,embraced"
第五級,emission,n.,emissions
第五級,endorse(ment),v./(n.),"endorses,endorsing,endorsed,endorsements"
第五級,enterprise,n.,enterprises
第五級,enthusiastic,adj.,
第五級,entitle,v.,"entitles,entitling,entitled"
第五級,entity,n.,entities
第五級,entrepreneur,n.,entrepreneurs
第五級,envious,adj.,
第五級,envision,v.,"envisions,envisioning,envisioned"
第五級,epidemic,n./adj.,epidemics
第五級,episode,n.,episodes
第五級,equation,n.,equations
第五級,equity,n.,equities
第五級,equivalent,n./adj.,equivalents
第五級,erect,v./adj.,"erects,erecting,erected"
第五級,errand,n.,errands
第五級,erupt,v.,"erupts,erupting,erupted"
第五級,escalator,n.,escalators
第五級,essence,n.,essences
第五級,estate,n.,estates
第五級,eternal,adj.,
第五級,ethic(s),n.,ethics
第五級,ethical,adj.,
第五級,evolution,n.,evolutions
第五級,evolve,v.,"evolves,evolving,evolved"
第五級,exaggeration,n.,exaggerations
第五級,exceed,v.,"exceeds,exceeding,exceeded"
第五級,exceptional,adj.,
第五級,excessive,adj.,
第五級,exclaim,v.,"exclaims,exclaiming,exclaimed"
第五級,exclude,v.,"excludes,excluding,excluded"
第五級,exclusive,adj.,
第五級,execute,v.,"executes,executing,executed"
第五級,execution,n.,executions
第五級,executive,n./adj.,executives
第五級,exile,n./v.,"exiles,exiling,exiled"
第五級,exotic,adj./n.,exotics
第五級,expedition,n.,expeditions
第五級,expertise,n.,expertises
第五級,explicit,adj.,
第五級,exploit,v./n.,"exploits,exploiting,exploited"
第五級,exploration,n.,explorations
第五級,extension,n.,extensions
第五級,extensive,adj.,
第五級,exterior,n./adj.,exteriors
第五級,external,adj./n.,externals
第五級,extinct,adj.,
第五級,extraordinary,adj.,
第五級,fabric,n.,fabrics
第五級,fabulous,adj.,
第五級,facilitate,v.,"facilitates,facilitating,facilitated"
第五級,faculty,n.,faculties
第五級,fascinate,v.,"fascinates,fascinating,fascinated"
第五級,fatigue,n./v.,"fatigues,fatiguing,fatigued"
第五級,federal,adj.,
第五級,fiber,n.,fibers
第五級,filter,n./v.,"filters,filtering,filtered"
第五級,fiscal,adj.,
第五級,fleet,n.,fleets
第五級,flexibility,n.,flexibilities
第五級,flip,v./n.,"flips,flipping,flipped"
第五級,fluency,n.,fluencies
第五級,fluid,n./adj.,"fluids,fluider,fluidest"
第五級,forge,v.,"forges,forging,forged"
第五級,format,n./v.,"formats,formatting,formatted"
第五級,forum,n.,forums
第五級,foster,adj./v.,"fosters,fostering,fostered,fosterer,fosterest"
第五級,foul,adj./n./v./adv.,"fouls,fouling,fouled,fouler,foulest"
第五級,fraction,n.,fractions
第五級,fragment,n./v.,"fragments,fragmenting,fragmented"
第五級,framework,n.,frameworks
第五級,franchise,n.,franchises
第五級,fraud,n.,frauds
第五級,freight,n./v.,"freights,freighting,freighted"
第五級,frontier,n.,frontiers
第五級,galaxy,n.,galaxies
第五級,gasp,n./v.,"gasps,gasping,gasped"
第五級,gathering,n.,gatherings
第五級,generate,v.,"generates,generating,generated"
第五級,generator,n.,generators
第五級,genetic,adj.,
第五級,genetics,n.,geneticses
第五級,genre,n.,genres
第五級,glare,n./v.,"glares,glaring,glared"
第五級,gloomy,adj.,"gloomier,gloomiest"
第五級,gorgeous,adj.,
第五級,grant,n./v.,"grants,granting,granted"
第五級,graphic,adj./n.,graphics
第五級,gravity,n.,gravities
第五級,greed,n.,greeds
第五級,grieve,v.,"grieves,grieving,grieved"
第五級,grill,n./v.,"grills,grilling,grilled"
第五級,grim,adj.,"grimmer,grimmest"
第五級,grip,n./v.,"grips,gripping,gripped"
第五級,gross,adj./v./n.,"grosses,grossing,grossed,grosser,grossest"
第五級,guideline,n.,guidelines
第五級,gut,n./v.,"guts,gutting,gutted"
第五級,habitat,n.,habitats
第五級,haul,v./n.,"hauls,hauling,hauled"
第五級,hazard,n./v.,"hazards,hazarding,hazarded"
第五級,heir,n.,heirs
第五級,hence,adv.,
第五級,herb,n.,herbs
第五級,heritage,n.,heritages
第五級,highlight,v./n.,"highlights,highlighting,highlighted"
第五級,hockey,n.,hockeys
第五級,honorable,adj.,
第五級,horizontal,adj./n.,horizontals
第五級,hormone,n.,hormones
第五級,hostage,n.,hostages
第五級,hostile,adj.,
第五級,hostility,n.,hostilities
第五級,housing,n.,housings
第五級,howl,n./v.,"howls,howling,howled"
第五級,hypothesis,n.,hypotheses
第五級,icon,n.,icons
第五級,ideology,n.,ideologies
第五級,idiot,n.,idiots
第五級,illusion,n.,illusions
第五級,immense,adj.,
第五級,immune,adj.,
第五級,implement,v./n.,"implements,implementing,implemented"
第五級,implication,n.,implications
第五級,impulse,n.,impulses
第五級,incentive,n./adj.,incentives
第五級,incorporate,v.,"incorporates,incorporating,incorporated"
第五級,index,n./v.,"indices,indexes,indexing,indexed"
第五級,indifferent,adj.,
第五級,indigenous,adj.,
第五級,indispensable,adj.,
第五級,indulge,v.,"indulges,indulging,indulged"
第五級,inevitable,adj.,
第五級,infect,v.,"infects,infecting,infected"
第五級,infinite,adj.,
第五級,infrastructure,n.,infrastructures
第五級,inherent,adj.,
第五級,inherit,v.,"inherits,inheriting,inherited"
第五級,initiate,v./adj./n.,"initiates,initiating,initiated"
第五級,initiative,n./adj.,initiatives
第五級,inject,v.,"injects,injecting,injected"
第五級,injection,n.,injections
第五級,inning,n.,innings
第五級,innovation,n.,innovations
第五級,innovative,adj.,
第五級,inquiry,n.,inquiries
第五級,insane,adj.,
第五級,insight,n.,insights
第五級,installation,n.,installations
第五級,institute,n./v.,"institutes,instituting,instituted"
第五級,institution,n.,institutions
第五級,intact,adj.,
第五級,integrate,v.,"integrates,integrating,integrated"
第五級,integration,n.,integrations
第五級,integrity,n.,integrities
第五級,intensify,v.,"intensifies,intensifying,intensified"
第五級,intent,n./adj.,intents
第五級,interference,n.,interferences
第五級,interior,adj./n.,interiors
第五級,interpretation,n.,interpretations
第五級,interval,n.,intervals
第五級,intervention,n.,interventions
第五級,investigator,n.,investigators
第五級,irony,n.,ironies
第五級,journalism,n.,journalisms
第五級,journalist,n.,journalists
第五級,judicial,adj.,
第五級,jug,n./v.,"jugs,jugging,jugged"
第五級,jury,n.,juries
第五級,justify,v.,"justifies,justifying,justified"
第五級,juvenile,adj./n.,juveniles
第五級,kidnap,v.,"kidnaps,kidnapping,kidnapped"
第五級,landlord,n.,landlords
第五級,laser,n.,lasers
第五級,lawmaker,n.,lawmakers
第五級,lawsuit,n.,lawsuits
第五級,layer,n./v.,"layers,layerring,layerred"
第五級,league,n./v.,"leagues,leaguing,leagued"
第五級,legacy,n.,legacies
第五級,legendary,adj.,
第五級,legislation,n.,legislations
第五級,legislative,adj.,
第五級,legitimate,adj./v.,"legitimates,legitimating,legitimated"
第五級,lest,conj.,
第五級,liability,n.,liabilities
第五級,likelihood,n.,likelihoods
第五級,likewise,adv.,
第五級,loop,n.,loops
第五級,lounge,n./v.,"lounges,lounging,lounged"
第五級,lump,n./v.,"lumps,lumping,lumped"
第五級,mainstream,n.,mainstreams
第五級,maintenance,n.,maintenances
第五級,mammal,n.,mammals
第五級,mandate,n.,mandates
第五級,manifest,v./adj.,"manifests,manifesting,manifested"
第五級,manipulate,v.,"manipulates,manipulating,manipulated"
第五級,mansion,n.,mansions
第五級,marine,adj./n.,marines
第五級,masculine,adj./n.,masculines
第五級,massage,n./v.,"massages,massaging,massaged"
第五級,massive,adj.,
第五級,masterpiece,n.,masterpieces
第五級,mattress,n.,mattresses
第五級,meantime,n./adv.,meantimes
第五級,mechanism,n.,mechanisms
第五級,medication,n.,medications
第五級,mentor,n.,mentors
第五級,merge,v.,"merges,merging,merged"
第五級,metaphor,n.,metaphors
第五級,metropolitan,adj./n.,metropolitans
第五級,midst,n./prep.,midsts
第五級,migration,n.,migrations
第五級,milestone,n.,milestones
第五級,miniature,adj./n.,miniatures
第五級,minimal,adj.,
第五級,minimize,v.,"minimizes,minimizing,minimized"
第五級,mint,n.,mints
第五級,missionary,n./adj.,missionaries
第五級,moan,n./v.,"moans,moaning,moaned"
第五級,mock,adj./v./n.,"mocks,mocking,mocked,mocker,mockest"
第五級,mode,n.,modes
第五級,modify,v.,"modifies,modifying,modified"
第五級,molecule,n.,molecules
第五級,monopoly,n.,monopolies
第五級,morality,n.,moralities
第五級,mortality,n.,mortalities
第五級,mortgage,n.,mortgages
第五級,motive,n.,motives
第五級,mount,n./v.,"mounts,mounting,mounted"
第五級,mumble,v./n.,"mumbles,mumbling,mumbled"
第五級,municipal,adj.,
第五級,muscular,adj.,
第五級,mustard,n.,mustards
第五級,myth,n.,myths
第五級,naive,adj.,"naiver,naivest"
第五級,narrative,n./adj.,narratives
第五級,nasty,adj.,"nastier,nastiest"
第五級,negotiation,n.,negotiations
第五級,neutral,adj./n.,neutrals
第五級,nominate,v.,"nominates,nominating,nominated"
第五級,nomination,n.,nominations
第五級,nominee,n.,nominees
第五級,nonprofit,adj.,
第五級,norm,n.,norms
第五級,noticeable,adj.,
第五級,notify,v.,"notifies,notifying,notified"
第五級,notion,n.,notions
第五級,nowhere,adv./pron.,
第五級,nutrient,n./adj.,nutrients
第五級,nutrition,n.,nutritions
第五級,obligation,n.,obligations
第五級,obscure,adj./v.,"obscures,obscuring,obscured"
第五級,observer,n.,observers
第五級,odds,n.,oddses
第五級,offering,n.,offerings
第五級,olive,adj./n.,olives
第五級,operational,adj.,
第五級,opponent,n.,opponents
第五級,opposition,n.,oppositions
第五級,opt,v.,"opts,opting,opted"
第五級,optimism,n.,optimisms
第五級,optional,adj.,
第五級,orchard,n.,orchards
第五級,organism,n.,organisms
第五級,originality,n.,originalities
第五級,outfit,n./v.,"outfits,outfiting,outfited"
第五級,outlet,n.,outlets
第五級,output,n./v.,"outputs,outputting,output/outputted"
第五級,outsider,n.,outsiders
第五級,overall,adj./adv./n.,overalls
第五級,overhead,adv./adj./n.,overheads
第五級,oversee,v.,"oversees,overseeing,oversaw,overseen"
第五級,overtake,v.,"overtakes,overtaking,overtook,overtaken"
第五級,overturn,v./n.,"overturns,overturning,overturned"
第五級,overwhelm,v.,"overwhelms,overwhelming,overwhelmed"
第五級,parallel,adj./n./v.,"parallels,paralleling,paralleled"
第五級,participant,n.,participants
第五級,particle,n.,particles
第五級,partly,adv.,
第五級,passionate,adj.,
第五級,pastry,n.,pastries
第五級,patch,n./v.,"patches,patching,patched"
第五級,patent,n./adj./v.,"patents,patenting,patented"
第五級,pathetic,adj.,
第五級,patrol,n./v.,"patrols,patrolling,patrolled"
第五級,patron,n.,patrons
第五級,peasant,n.,peasants
第五級,pedal,n./v.,"pedals,pedaling,pedaled"
第五級,pedestrian,n./adj.,pedestrians
第五級,penetrate,v.,"penetrates,penetrating,penetrated"
第五級,pension,n./v.,"pensions,pensioning,pensioned"
第五級,perceive,v.,"perceives,perceiving,perceived"
第五級,perception,n.,perceptions
第五級,performer,n.,performers
第五級,persist,v.,"persists,persisting,persisted"
第五級,personnel,n.,personnels
第五級,perspective,n./adj.,perspectives
第五級,pessimism,n.,pessimisms
第五級,petition,n.,petitions
第五級,petty,adj.,"pettier,pettiest"
第五級,phase,n./v.,"phases,phasing,phased"
第五級,photographic,adj.,
第五級,pickup,n.,pickups
第五級,pier,n.,piers
第五級,pillar,n.,pillars
第五級,pipeline,n.,pipelines
第五級,pirate,n./v.,"pirates,pirating,pirated"
第五級,pitcher,n.,pitchers
第五級,placement,n.,placements
第五級,plea,n.,pleas
第五級,plead,v.,"pleads,pleading,pleaded/pled"
第五級,pledge,n./v.,"pledges,pledging,pledged"
第五級,plunge,n./v.,"plunges,plunging,plunged"
第五級,plural,adj./n.,plurals
第五級,poetic,adj.,
第五級,poke,v./n.,"pokes,poking,poked"
第五級,porch,n.,porches
第五級,portfolio,n.,portfolios
第五級,practitioner,n.,practitioners
第五級,precaution,n.,precautions
第五級,predator,n.,predators
第五級,preference,n.,preferences
第五級,prejudice,n./v.,"prejudices,prejudicing,prejudiced"
第五級,preliminary,adj./n.,preliminaries
第五級,premature,adj.,
第五級,premier,adj./n.,"premiers,premierer,premierest"
第五級,premise,n.,premises
第五級,premium,n.,premiums
第五級,prescribe,v.,"prescribes,prescribing,prescribed"
第五級,prescription,n.,prescriptions
第五級,presidency,n.,presidencies
第五級,presidential,adj.,
第五級,presumably,adv.,
第五級,presume,v.,"presumes,presuming,presumed"
第五級,prevail,v.,"prevails,prevailing,prevailed"
第五級,prey,n./v.,"preys,preying,preyed"
第五級,prior,adj./adv./n.,"priors,priorer,priorest"
第五級,proclaim,v.,"proclaims,proclaiming,proclaimed"
第五級,productivity,n.,productivities
第五級,profile,n./v.,"profiles,profiling,profiled"
第五級,profound,adj.,
第五級,progressive,adj./n.,progressives
第五級,prohibit,v.,"prohibits,prohibiting,prohibited"
第五級,projection,n.,projections
第五級,prolong,v.,"prolongs,prolonging,prolonged"
第五級,prone,adj.,"proner,pronest"
第五級,propaganda,n.,propagandas
第五級,prophet,n.,prophets
第五級,proportion,n./v.,"proportions,proportioning,proportioned"
第五級,prosecution,n.,prosecutions
第五級,prospect,n./v.,"prospects,prospecting,prospected"
第五級,province,n.,provinces
第五級,provision,n.,provisions
第五級,provoke,v.,"provokes,provoking,provoked"
第五級,pulse,n./v.,"pulses,pulsing,pulsed"
第五級,purchase,n./v.,"purchases,purchasing,purchased"
第五級,pyramid,n.,pyramids
第五級,qualify,v.,"qualifies,qualifying,qualified"
第五級,quest,n.,quests
第五級,questionnaire,n.,questionnaires
第五級,quiver,n./v.,"quivers,quivering,quivered"
第五級,quota,n.,quotas
第五級,racism,n.,racisms
第五級,rack,n./v.,"racks,racking,racked"
第五級,radiation,n.,radiations
第五級,radical,adj./n.,radicals
第五級,ragged,adj.,
第五級,raid,n./v.,"raids,raiding,raided"
第五級,rail,n.,rails
第五級,rally,n./v.,"rallies,rallying,rallied"
第五級,ranch,n./v.,"ranches,ranching,ranched"
第五級,random,adj.,
第五級,ratio,n.,ratios
第五級,rational,adj.,
第五級,rattle,v./n.,"rattles,rattling,rattled"
第五級,realism,n.,realisms
第五級,realm,n.,realms
第五級,rear,adj./n.,"rears,rearer,rearest"
第五級,reassure,v.,"reassures,reassuring,reassured"
第五級,rebellion,n.,rebellions
第五級,recession,n.,recessions
第五級,recipient,n./adj.,recipients
第五級,recite,v.,"recites,reciting,recited"
第五級,recommend,v.,"recommends,recommending,recommended"
第五級,recommendation,n.,recommendations
第五級,recruit,v./n.,"recruits,recruiting,recruited"
第五級,refuge,n.,refuges
第五級,regardless,adj./adv.,
第五級,regime,n.,regimes
第五級,rehearsal,n.,rehearsals
第五級,reinforce,v.,"reinforces,reinforcing,reinforced"
第五級,reminder,n.,reminders
第五級,removal,n.,removals
第五級,render,v.,"renders,rendering,rendered"
第五級,rental,n.,rentals
第五級,repay,v.,"repays,repaying,repaid"
第五級,republican,n./adj.,republicans
第五級,resemblance,n.,resemblances
第五級,reservoir,n.,reservoirs
第五級,residence,n.,residences
第五級,resident,n./adj.,residents
第五級,residential,adj.,
第五級,resort,n./v.,"resorts,resorting,resorted"
第五級,respondent,n.,respondents
第五級,resume,v./n.,"resumes,resuming,resumed"
第五級,retail,n./adj./adv./v.,"retails,retailing,retailed"
第五級,revenue,n.,revenues
第五級,reverse,v./adj./n.,"reverses,reversing,reversed"
第五級,rhetoric,n.,rhetorics
第五級,rib,n./v.,"ribs,ribbing,ribbed"
第五級,ridge,n./v.,"ridges,ridging,ridged"
第五級,ridiculous,adj.,
第五級,rifle,n./v.,"rifles,rifling,rifled"
第五級,rigid,adj.,
第五級,rim,n./v.,"rims,rimming,rimmed"
第五級,riot,n./v.,"riots,rioting,rioted"
第五級,rip,v./n.,"rips,ripping,ripped"
第五級,risky,adj.,"riskier,riskiest"
第五級,ritual,n./adj.,rituals
第五級,rival,adj./n./v.,"rivals,rivaling,rivaled"
第五級,rod,n.,rods
第五級,sacred,adj.,
第五級,saddle,n./v.,"saddles,saddling,saddled"
第五級,saint,n./v.,"saints,sainting,sainted"
第五級,salmon,n./adj.,
第五級,salon,n.,salons
第五級,sandal,n.,sandals
第五級,scan,n./v.,"scans,scanning,scanned"
第五級,scandal,n.,scandals
第五級,scar,n./v.,"scars,scarring,scarred"
第五級,scenario,n.,scenarios
第五級,scent,n./v.,"scents,scenting,scented"
第五級,scheme,n./v.,"schemes,scheming,schemed"
第五級,scope,n.,scopes
第五級,scramble,v./n.,"scrambles,scrambling,scrambled"
第五級,scrap,n./v.,"scraps,scrapping,scrapped"
第五級,script,n./v.,"scripts,scripting,scripted"
第五級,sector,n.,sectors
第五級,segment,n./v.,"segments,segmenting,segmented"
第五級,seminar,n.,seminars
第五級,senator,n.,senators
第五級,sensation,n.,sensations
第五級,sensitivity,n.,sensitivities
第五級,sensor,n.,sensors
第五級,sentiment,n.,sentiments
第五級,sentimental,adj.,
第五級,sequence,n./v.,"sequences,sequencing,sequenced"
第五級,series,n.,
第五級,server,n.,servers
第五級,session,n.,sessions
第五級,setting,n.,settings
第五級,shareholder,n.,shareholders
第五級,shatter,v.,"shatters,shattering,shattered"
第五級,shed,v./n.,"sheds,shedding,shed"
第五級,sheer,adj./adv.,
第五級,sheriff,n.,sheriffs
第五級,shield,n./v.,"shields,shielding,shielded"
第五級,shiver,n./v.,"shivers,shivering,shivered"
第五級,shortage,n.,shortages
第五級,shove,v./n.,"shoves,shoving,shoved"
第五級,shrug,n./v.,"shrugs,shrugging,shrugged"
第五級,shuttle,n./v.,"shuttles,shuttling,shuttled"
第五級,sibling,n.,siblings
第五級,siege,n.,sieges
第五級,skeleton,n.,skeletons
第五級,skull,n.,skulls
第五級,slam,n./v.,"slams,slamming,slammed"
第五級,slap,n./v./adv.,"slaps,slapping,slapped"
第五級,slavery,n.,slaveries
第五級,slot,n./v.,"slots,slotting,slotted"
第五級,smash,v./n.,"smashes,smashing,smashed"
第五級,smog,n.,smogs
第五級,snatch,v./n.,"snatches,snatching,snatched"
第五級,sneak,v./n.,"sneaks,sneaking,sneaked/snuck"
第五級,sniff,v./n.,"sniffs,sniffing,sniffed"
第五級,soak,v./n.,"soaks,soaking,soaked"
第五級,soar,v.,"soars,soaring,soared"
第五級,sob,n./v.,"sobs,sobbing,sobbed"
第五級,sober,adj./v.,"sobers,sobering,sobered,soberer,soberest"
第五級,soften,v.,"softens,softening,softened"
第五級,sole,adj./n./v.,"soles,soling,soled"
第五級,solo,n./adv./adj.,solos
第五級,sophisticated,adj.,
第五級,sophomore,n.,sophomores
第五級,souvenir,n.,souvenirs
第五級,sovereignty,n.,sovereignties
第五級,sow,v.,"sows,sowing,sowed,sown"
第五級,spacious,adj.,
第五級,sparkle,v./n.,"sparkles,sparkling,sparkled"
第五級,specialist,n.,specialists
第五級,specialize,v.,"specializes,specializing,specialized"
第五級,specialty,n.,specialties
第五級,specify,v.,"specifies,specifying,specified"
第五級,specimen,n.,specimens
第五級,spectacular,adj./n.,spectaculars
第五級,spectator,n.,spectators
第五級,spectrum,n.,spectra
第五級,speculate,v.,"speculates,speculating,speculated"
第五級,sphere,n.,spheres
第五級,spicy,adj.,"spicier,spiciest"
第五級,spine,n.,spines
第五級,sponge,n./v.,"sponges,sponging,sponged"
第五級,sponsor,n./v.,"sponsors,sponsoring,sponsored"
第五級,sponsorship,n.,sponsorships
第五級,spouse,n.,spouses
第五級,squad,n.,squads
第五級,squash,n./v.,"squashes,squashing,squashed"
第五級,squat,adj./n./v.,"squats,squating,squated,squater,squatest"
第五級,stability,n.,stabilities
第五級,stack,n./v.,"stacks,stacking,stacked"
第五級,stain,n./v.,"stains,staining,stained"
第五級,stake,n./v.,"stakes,staking,staked"
第五級,stall,n./v.,"stalls,stalling,stalled"
第五級,stance,n.,stances
第五級,startle,v.,"startles,startling,startled"
第五級,statistical,adj.,
第五級,steer,v./n.,"steers,steering,steered"
第五級,stereotype,n./v.,"stereotypes,stereotyping,stereotyped"
第五級,stew,n./v.,"stews,stewing,stewed"
第五級,stimulate,v.,"stimulates,stimulating,stimulated"
第五級,stimulus,n.,stimuli
第五級,stink,n./v.,"stinks,stinking,stank,stunk,stunk"
第五級,stock,n.,stocks
第五級,storage,n.,storages
第五級,straighten,v.,"straightens,straightening,straightened"
第五級,straightforward,adj.,
第五級,strain,n./v.,"strains,straining,strained"
第五級,strand,v./n.,"strands,stranding,stranded"
第五級,strap,n./v.,"straps,strapping,strapped"
第五級,strategic,adj.,
第五級,striking,adj.,
第五級,structural,adj.,
第五級,stumble,v./n.,"stumbles,stumbling,stumbled"
第五級,sturdy,adj.,"sturdier,sturdiest"
第五級,submit,v.,"submits,submitting,submitted"
第五級,subsequent,adj.,
第五級,subsidy,n.,subsidies
第五級,substantial,adj.,
第五級,substitute,n./v.,"substitutes,substituting,substituted"
第五級,subtle,adj.,"subtler,subtlest"
第五級,suburban,adj.,
第五級,successor,n.,successors
第五級,suite,n.,suites
第五級,superb,adj.,
第五級,superstition,n.,superstitions
第五級,supervise,v.,"supervises,supervising,supervised"
第五級,supervision,n.,supervisions
第五級,supervisor,n.,supervisors
第五級,supposedly,adv.,
第五級,supreme,adj.,
第五級,surplus,n./adj.,surpluses
第五級,surveillance,n.,surveillances
第五級,suspend,v.,"suspends,suspending,suspended"
第五級,sustain,v.,"sustains,sustaining,sustained"
第五級,sustainable,adj.,
第五級,swap,v./n.,"swaps,swapping,swapped"
第五級,symbolic,adj.,
第五級,symptom,n.,symptoms
第五級,syndrome,n.,syndromes
第五級,tackle,v.,"tackles,tackling,tackled"
第五級,tactic(s),n.,tactics
第五級,tangle,n./v.,"tangles,tangling,tangled"
第五級,tempt,v.,"tempts,tempting,tempted"
第五級,temptation,n.,temptations
第五級,terminal,n./adj.,terminals
第五級,terrify,v.,"terrifies,terrifying,terrified"
第五級,testify,v.,"testifies,testifying,testified"
第五級,texture,n./v.,"textures,texturing,textured"
第五級,theft,n.,thefts
第五級,theology,n.,theologies
第五級,theoretical,adj.,
第五級,therapist,n.,therapists
第五級,therapy,n.,therapies
第五級,thereby,adv.,
第五級,thesis,n.,theses
第五級,thigh,n.,thighs
第五級,threshold,n.,thresholds
第五級,thrill,n./v.,"thrills,thrilling,thrilled"
第五級,thriller,n.,thrillers
第五級,thrive,v.,"thrives,thriving,thrived"
第五級,throne,n.,thrones
第五級,thrust,v./n.,"thrusts,thrusting,thrust"
第五級,tick,n./v.,"ticks,ticking,ticked"
第五級,tile,n./v.,"tiles,tiling,tiled"
第五級,tin,n./v.,"tins,tinning,tinned"
第五級,toll,n./v.,"tolls,tolling,tolled"
第五級,torch,n./v.,"torches,torching,torched"
第五級,torment,n./v.,"torments,tormenting,tormented"
第五級,tournament,n.,tournaments
第五級,toxic,adj.,
第五級,trait,n.,traits
第五級,traitor,n.,traitors
第五級,transaction,n.,transactions
第五級,transformation,n.,transformations
第五級,transit,n./v.,"transits,transiting,transited"
第五級,transition,n.,transitions
第五級,transmission,n.,transmissions
第五級,transparent,adj.,
第五級,trauma,n.,traumas
第五級,treaty,n.,treaties
第五級,tribute,n.,tributes
第五級,trigger,n./v.,"triggers,triggering,triggered"
第五級,trim,v./n./adj.,"trims,trimming,trimmed,trimmer,trimmest"
第五級,triple,adj./v./n.,"triples,tripling,tripled,tripler,triplest"
第五級,trivial,adj.,
第五級,trophy,n.,trophies
第五級,tuition,n.,tuitions
第五級,tumor,n.,tumors
第五級,tuna,n.,tunas
第五級,ultimate,adj./n.,ultimates
第五級,uncover,v.,"uncovers,uncovering,uncovered"
第五級,undergo,v.,"undergoes,undergoing,underwent,undergone"
第五級,undergraduate,n.,undergraduates
第五級,underline,v./n.,"underlines,underlining,underlined"
第五級,undermine,v.,"undermines,undermining,undermined"
第五級,undertake,v.,"undertakes,undertaking,undertook,undertaken"
第五級,undo,v.,"undoes,undoing,undid,undone"
第五級,undoubtedly,adv.,
第五級,unemployment,n.,unemployments
第五級,unfold,v.,"unfolds,unfolding,unfolded"
第五級,unlock,v.,"unlocks,unlocking,unlocked"
第五級,unprecedented,adj.,
第五級,update,n./v.,"updates,updating,updated"
第五級,upgrade,v./n.,"upgrades,upgrading,upgraded"
第五級,utility,n.,utilities
第五級,utilize,v.,"utilizes,utilizing,utilized"
第五級,vacuum,n./v.,"vacuums,vacuuming,vacuumed"
第五級,vague,adj.,"vaguer,vaguest"
第五級,valid,adj.,
第五級,variable,n./adj.,variables
第五級,variation,n.,variations
第五級,vein,n.,veins
第五級,vendor,n.,vendors
第五級,venture,n./v.,"ventures,venturing,ventured"
第五級,venue,n.,venues
第五級,verbal,adj./n.,verbals
第五級,verdict,n.,verdicts
第五級,version,n.,versions
第五級,versus,prep.,
第五級,vertical,adj./n.,verticals
第五級,veteran,n.,veterans
第五級,via,prep.,
第五級,viable,adj.,"viabler,viablest"
第五級,vicious,adj.,
第五級,viewer,n.,viewers
第五級,viewpoint,n.,viewpoints
第五級,vinegar,n.,vinegars
第五級,virtual,adj.,
第五級,visa,n.,visas
第五級,vocal,adj./n.,vocals
第五級,volcano,n.,volcanoes
第五級,vomit,n./v.,"vomits,vomiting,vomited"
第五級,voucher,n.,vouchers
第五級,vow,n./v.,"vows,vowing,vowed"
第五級,vulnerable,adj.,
第五級,warehouse,n./v.,"warehouses,warehousing,warehoused"
第五級,warrior,n.,warriors
第五級,wary,adj.,"warier,wariest"
第五級,weird,adj.,"weirder,weirdest"
第五級,whatsoever,adj./pron.,
第五級,wheelchair,n.,wheelchairs
第五級,whereabouts,n./adv.,whereaboutses
第五級,whereas,conj.,
第五級,whine,n./v.,"whines,whining,whined"
第五級,widespread,adj.,
第五級,wig,n.,wigs
第五級,wilderness,n.,wildernesses
第五級,wildlife,n.,wildlives
第五級,windshield,n.,windshields
第五級,wither,v.,"withers,withering,withered"
第五級,witty,adj.,"wittier,wittiest"
第五級,workshop,n.,workshops
第五級,worship,n./v.,"worships,worshiping,worshiped"
第五級,worthwhile,adj.,
第五級,worthy,adj.,"worthier,worthiest"
第五級,wreath,n.,wreaths
第五級,wring,v.,"wrung,wrung,wringing,wrings"
第五級,yacht,n./v.,"yachts,yachting,yachted"
第五級,yield,v./n.,"yields,yielding,yielded"
第六級,abbreviate,v.,"abbreviates,abbreviating,abbreviated"
第六級,abide,v.,"abides,abiding,abided"
第六級,aboriginal,adj./n.,aboriginals
第六級,abound,v.,"abounds,abounding,abounded"
第六級,abstraction,n.,abstractions
第六級,abundance,n.,abundances
第六級,academy,n.,academies
第六級,accessory,n./adj.,accessories
第六級,acclaim,n./v.,"acclaims,acclaiming,acclaimed"
第六級,accordance,n.,accordances
第六級,accordingly,adv.,
第六級,accountable,adj.,
第六級,accumulate,v.,"accumulates,accumulating,accumulated"
第六級,accumulation,n.,accumulations
第六級,accusation,n.,accusations
第六級,accustom,v.,"accustoms,accustoming,accustomed"
第六級,acne,n.,acnes
第六級,acre,n.,acres
第六級,adaptation,n.,adaptations
第六級,addiction,n.,addictions
第六級,administer/administrate,v.,"administers,administering,administered,administrates,administrating,administrated"
第六級,admiral,n.,admirals
第六級,adolescence,n.,
第六級,advisory,adj.,
第六級,aesthetic,adj.,
第六級,affectionate,adj.,
第六級,affiliate,n.,affiliates
第六級,affirm,v.,"affirms,affirming,affirmed"
第六級,airtight,adj.,
第六級,airway,n.,airways
第六級,algebra,n.,algebras
第六級,alienate,v.,"alienates,alienating,alienated"
第六級,align,v.,"aligns,aligning,aligned"
第六級,allege,v.,"alleges,alleging,alleged"
第六級,alligator,n.,alligators
第六級,altitude,n.,altitudes
第六級,aluminum,n.,aluminums
第六級,ambiguity,n.,ambiguities
第六級,amid/amidst,prep.,
第六級,amplify,v.,"amplifies,amplifying,amplified"
第六級,analogy,n.,analogies
第六級,analytical,adj.,
第六級,anchor,n./v.,"anchors,anchoring,anchored"
第六級,animate,v./adj.,"animates,animating,animated"
第六級,annoyance,n.,annoyances
第六級,anthem,n.,anthems
第六級,antibiotic,n./adj.,antibiotics
第六級,anticipation,n.,anticipations
第六級,antonym,n.,antonyms
第六級,applaud,v.,"applauds,applauding,applauded"
第六級,applicable,adj.,
第六級,apprentice,n.,apprentices
第六級,approximate,adj./v.,"approximates,approximating,approximated"
第六級,archaeology,n.,archaeologies
第六級,archive,n.,archives
第六級,arithmetic,n./adj.,arithmetics
第六級,ascend,v.,"ascends,ascending,ascended"
第六級,aspire,v.,"aspires,aspiring,aspired"
第六級,assassinate,v.,"assassinates,assassinating,assassinated"
第六級,asthma,n.,asthmas
第六級,astray,adv./adj.,"astrayer,astrayest"
第六級,astronaut,n.,astronauts
第六級,astronomer,n.,astronomers
第六級,astronomy,n.,astronomies
第六級,attain(ment),v./(n.),"attains,attaining,attained,attainments"
第六級,attendant,n.,attendants
第六級,audit,n.,audits
第六級,auditorium,n.,auditoriums
第六級,avert,v.,"averts,averting,averted"
第六級,aviation,n.,aviations
第六級,awesome,adj.,
第六級,awhile,adv.,
第六級,bachelor,n.,bachelors
第六級,backbone,n.,backbones
第六級,badge,n.,badges
第六級,banquet,n./v.,"banquets,banqueting,banqueted"
第六級,barbarian,adj./n.,barbarians
第六級,bass,n./adj.,
第六級,batter,n./v.,"batters,battering,battered"
第六級,beautify,v.,"beautifies,beautifying,beautified"
第六級,beep,n./v.,"beeps,beeping,beeped"
第六級,beforehand,adv.,
第六級,beverage,n.,beverages
第六級,bilateral,adj.,
第六級,blaze,n./v.,"blazes,blazing,blazed"
第六級,bleach,n./v.,"bleaches,bleaching,bleached"
第六級,blond/blonde,n./adj.,"blonds,blonder,blondest,blondes"
第六級,blot,v./n.,"blots,blotting,blotted"
第六級,blunt,adj./v.,"blunts,blunting,blunted,blunter,bluntest"
第六級,bodily,adj./adv.,
第六級,booklet,n.,booklets
第六級,bosom,n.,bosoms
第六級,boulevard,n.,boulevards
第六級,boxing,n.,boxings
第六級,boycott,n./v.,"boycotts,boycotting,boycotted"
第六級,brace,n./v.,"braces,bracing,braced"
第六級,brassiere/bra,n.,"brassieres,bras"
第六級,breadth,n.,breadths
第六級,breakdown,n.,breakdowns
第六級,breakup,n.,breakups
第六級,bribe,n./v.,"bribes,bribing,bribed"
第六級,brink,n.,brinks
第六級,broaden,v.,"broadens,broadening,broadened"
第六級,brochure,n.,brochures
第六級,broil,v.,"broils,broiling,broiled"
第六級,brook,n.,brooks
第六級,broth,n.,broths
第六級,brotherhood,n.,brotherhoods
第六級,bulky,adj.,"bulkier,bulkiest"
第六級,bureaucrat,n.,bureaucrats
第六級,bypass,n./v.,"bypasses,bypassing,bypassed"
第六級,caffeine,n.,caffeines
第六級,calculator,n.,calculators
第六級,calligraphy,n.,calligraphies
第六級,cape,n.,capes
第六級,capsule,n.,capsules
第六級,caption,n./v.,"captions,captioning,captioned"
第六級,captive,adj./n.,captives
第六級,captivity,n.,captivities
第六級,cardboard,n.,cardboards
第六級,cardinal,n./adj.,cardinals
第六級,carefree,adj.,
第六級,caretaker,n.,caretakers
第六級,carton,n.,cartons
第六級,cashier,n.,cashiers
第六級,casualty,n.,casualties
第六級,catastrophe,n.,catastrophes
第六級,cater,v.,"caters,catering,catered"
第六級,caterpillar,n.,caterpillars
第六級,cavity,n.,cavities
第六級,celery,n.,celeries
第六級,cellular,adj.,
第六級,Celsius,n.,Celsiuses
第六級,cement,n./v.,"cements,cementing,cemented"
第六級,census,n.,censuses
第六級,ceramic,adj./n.,ceramics
第六級,certify,v.,"certifies,certifying,certified"
第六級,chairperson/chair/chairman/chairwoman,n.,"chairpersons,chairs,chairmen,chairwomen"
第六級,champagne,n.,champagnes
第六級,chant,n./v.,"chants,chanting,chanted"
第六級,charitable,adj.,
第六級,checkup,n.,checkups
第六級,chemist,n.,chemists
第六級,chestnut,n./adj.,chestnuts
第六級,chili,n.,chilis
第六級,chimpanzee,n.,chimpanzees
第六級,chirp,n./v.,"chirps,chirping,chirped"
第六級,cholesterol,n.,cholesterols
第六級,cigar,n.,cigars
第六級,civilize,v.,"civilizes,civilizing,civilized"
第六級,clam,n.,clams
第六級,clasp,v./n.,"clasps,clasping,clasped"
第六級,clearance,n.,clearances
第六級,climax,n./v.,"climaxes,climaxing,climaxed"
第六級,clockwise,adv./adj.,
第六級,clone,n./v.,"clones,cloning,cloned"
第六級,closure,n.,closures
第六級,coalition,n.,coalitions
第六級,coastline,n.,coastlines
第六級,collision,n.,collisions
第六級,colloquial,adj.,
第六級,comet,n.,comets
第六級,commonplace,adj./n.,commonplaces
第六級,commonwealth,n.,commonwealths
第六級,communicative,adj.,
第六級,comparative,adj.,
第六級,compass,n./v.,"compasses,compassing,compassed"
第六級,compile,v.,"compiles,compiling,compiled"
第六級,complement,v./n.,"complements,complementing,complemented"
第六級,complexion,n.,complexions
第六級,comprehensive,adj.,
第六級,compute,v.,"computes,computing,computed"
第六級,computerize,v.,"computerizes,computerizing,computerized"
第六級,comrade,n.,comrades
第六級,concession,n.,concessions
第六級,concise,adj.,
第六級,condense,v.,"condenses,condensing,condensed"
第六級,confederation,n.,confederations
第六級,congressman/congresswoman,n.,"congressmen,congresswomen"
第六級,conquest,n.,conquests
第六級,conscientious,adj.,
第六級,conserve,v./n.,"conserves,conserving,conserved"
第六級,consolation,n.,consolations
第六級,console,n./v.,"consoles,consoling,consoled"
第六級,consonant,n.,consonants
第六級,conspiracy,n.,conspiracies
第六級,contention,n.,contentions
第六級,contestant,n.,contestants
第六級,continuity,n.,continuities
第六級,contradict,v.,"contradicts,contradicting,contradicted"
第六級,convene,v.,"convenes,convening,convened"
第六級,coral,n./adj.,corals
第六級,corpse,n.,corpses
第六級,correspondence,n.,correspondences
第六級,cosmetic,adj.,
第六級,cosmetics,n.,cosmeticses
第六級,counterpart,n.,counterparts
第六級,coupon,n.,coupons
第六級,courtyard,n.,courtyards
第六級,cowardly,adj.,
第六級,cozy,adj.,"cozier,coziest"
第六級,crackdown,n.,crackdowns
第六級,cracker,n.,crackers
第六級,cram,v.,"crams,cramming,crammed"
第六級,cramp,n./v.,"cramps,cramping,cramped"
第六級,crater,n./v.,"craters,cratering,cratered"
第六級,credible,adj.,
第六級,crocodile,n.,crocodiles
第六級,crossing,n.,crossings
第六級,crutch,n.,crutches
第六級,cub,n.,cubs
第六級,cucumber,n.,cucumbers
第六級,cultivate,v.,"cultivates,cultivating,cultivated"
第六級,cumulative,adj.,
第六級,curb,n./v.,"curbs,curbing,curbed"
第六級,curfew,n.,curfews
第六級,curry,n.,curries
第六級,customary,adj.,
第六級,cynical,adj.,
第六級,dazzle,v./n.,"dazzles,dazzling,dazzled"
第六級,deafen,v.,"deafens,deafening,deafened"
第六級,decisive,adj.,
第六級,dedication,n.,dedications
第六級,deduct,v.,"deducts,deducting,deducted"
第六級,deem,v.,"deems,deeming,deemed"
第六級,default,n./v.,"defaults,defaulting,defaulted"
第六級,defect,n./v.,"defects,defecting,defected"
第六級,defiance,n.,defiances
第六級,definitive,adj.,
第六級,dental,adj.,
第六級,deplete,v.,"depletes,depleting,depleted"
第六級,deprive,v.,"deprives,depriving,deprived"
第六級,descent,n.,descents
第六級,despise,v.,"despises,despising,despised"
第六級,destined,adj.,
第六級,detach,v.,"detaches,detaching,detached"
第六級,detain,v.,"detains,detaining,detained"
第六級,detention,n.,detentions
第六級,deter,v.,"deters,deterring,deterred"
第六級,detergent,n.,detergents
第六級,devour,v.,"devours,devouring,devoured"
第六級,diabetes,n.,diabeteses
第六級,dictate,v.,"dictates,dictating,dictated"
第六級,dictation,n.,dictations
第六級,dictator,n.,dictators
第六級,dictatorship,n.,dictatorships
第六級,diesel,n.,diesels
第六級,differentiate,v.,"differentiates,differentiating,differentiated"
第六級,diplomacy,n.,diplomacies
第六級,directive,n.,directives
第六級,disable,v.,"disables,disabling,disabled"
第六級,disastrous,adj.,
第六級,disbelief,n.,disbeliefs
第六級,discard,v./n.,"discards,discarding,discarded"
第六級,discharge,n./v.,"discharges,discharging,discharged"
第六級,disciple,n.,disciples
第六級,disciplinary,adj.,
第六級,disclosure,n.,disclosures
第六級,discomfort,n./v.,"discomforts,discomforting,discomforted"
第六級,discreet,adj.,
第六級,disgrace,n./v.,"disgraces,disgracing,disgraced"
第六級,dismay,n./v.,"dismays,dismaying,dismayed"
第六級,dispensable,adj.,
第六級,dispense,v.,"dispenses,dispensing,dispensed"
第六級,disposable,adj./n.,disposables
第六級,disposal,n.,disposals
第六級,dispose,v.,"disposes,disposing,disposed"
第六級,dissent,n.,dissents
第六級,distraction,n.,distractions
第六級,distress,n./v.,"distresses,distressing,distressed"
第六級,disturbance,n.,disturbances
第六級,diversify,v.,"diversifies,diversifying,diversified"
第六級,diversion,n.,diversions
第六級,divert,v.,"diverts,diverting,diverted"
第六級,dividend,n.,dividends
第六級,doom,n./v.,"dooms,dooming,doomed"
第六級,dormitory/dorm,n.,"dormitories,dorms"
第六級,downward,adj.,
第六級,downward/downwards,adv.,
第六級,doze,v./n.,"dozes,dozing,dozed"
第六級,drastic,adj.,
第六級,draught,n.,draughts
第六級,dresser,n.,dressers
第六級,dressing,n.,dressings
第六級,dual,adj.,
第六級,dubious,adj.,
第六級,duration,n.,durations
第六級,dusk,n.,dusks
第六級,dwarf,n./v.,"dwarves,dwarfs,dwarfing,dwarfed"
第六級,dwell,v.,"dwells,dwelling,dwelt"
第六級,dwelling,n.,dwellings
第六級,eccentric,adj./n.,eccentrics
第六級,eclipse,n./v.,"eclipses,eclipsing,eclipsed"
第六級,edible,adj.,
第六級,editorial,adj./n.,editorials
第六級,electrician,n.,electricians
第六級,elevate,v.,"elevates,elevating,elevated"
第六級,emigrant,n.,emigrants
第六級,emigrate,v.,"emigrates,emigrating,emigrated"
第六級,emigration,n.,emigrations
第六級,encyclopedia,n.,encyclopedias
第六級,endeavor,n./v.,"endeavors,endeavoring,endeavored"
第六級,endowment,n.,endowments
第六級,endurance,n.,endurances
第六級,enhance(ment),v./(n.),"enhances,enhancing,enhanced,enhancements"
第六級,enlighten(ment),v./(n.),"enlightens,enlightening,enlightened,enlightenments"
第六級,enrich(ment),v./(n.),"enriches,enriching,enriched,enrichments"
第六級,enroll(ment),v./(n.),"enrolls,enrolling,enrolled,enrollments"
第六級,equalize,v.,"equalizes,equalizing,equalized"
第六級,equate,v.,"equates,equating,equated"
第六級,escort,n./v.,"escorts,escorting,escorted"
第六級,esteem,n./v.,"esteems,esteeming,esteemed"
第六級,eternity,n.,eternities
第六級,evacuate,v.,"evacuates,evacuating,evacuated"
第六級,evergreen,adj./n.,evergreens
第六級,evoke,v.,"evokes,evoking,evoked"
第六級,examinee,n.,examinees
第六級,examiner,n.,examiners
第六級,excel,v.,"excels,exceling,exceled"
第六級,excerpt,n./v.,"excerpts,excerpting,excerpted"
第六級,excess,adj./n.,excesses
第六級,exclusion,n.,exclusions
第六級,exempt,adj.,
第六級,exert,v.,"exerts,exerting,exerted"
第六級,expenditure,n.,expenditures
第六級,expiration,n.,expirations
第六級,expire,v.,"expires,expiring,expired"
第六級,extract,n./v.,"extracts,extracting,extracted"
第六級,extracurricular,adj.,
第六級,eyelash/lash,n.,"eyelashes,lashes"
第六級,eyelid,n.,eyelids
第六級,eyesight,n.,eyesights
第六級,fable,n.,fables
第六級,faction,n.,factions
第六級,Fahrenheit,n.,Fahrenheits
第六級,falter,v.,"falters,faltering,faltered"
第六級,familiarity,n.,familiarities
第六級,fascination,n.,fascinations
第六級,feasible,adj.,
第六級,feeble,adj.,"feebler,feeblest"
第六級,feminine,adj./n.,feminines
第六級,fertility,n.,fertilities
第六級,fertilizer,n.,fertilizers
第六級,fianc./fiance,n.,fiances
第六級,fin,n.,fins
第六級,finite,adj.,
第六級,firecracker,n.,firecrackers
第六級,fireproof,adj.,
第六級,fishery,n.,fisheries
第六級,flake,n./v.,"flakes,flaking,flaked"
第六級,flaw,n./v.,"flaws,flawing,flawed"
第六級,flourish,v./n.,"flourishes,flourishing,flourished"
第六級,flunk,v./n.,"flunks,flunking,flunked"
第六級,foe,n.,foes
第六級,folklore,n.,folklores
第六級,formidable,adj.,
第六級,formulate,v.,"formulates,formulating,formulated"
第六級,forsake,v.,"forsakes,forsaking,forsook,forsaken"
第六級,forthcoming,adj.,
第六級,fortify,v.,"fortifies,fortifying,fortified"
第六級,fowl,n.,fowls
第六級,fracture,n./v.,"fractures,fracturing,fractured"
第六級,fragrance,n.,fragrances
第六級,fragrant,adj.,
第六級,frantic,adj.,
第六級,freak,n./v.,"freaks,freaking,freaked"
第六級,freeway,n.,freeways
第六級,friction,n.,frictions
第六級,fume,v./n.,"fumes,fuming,fumed"
第六級,fury,n.,furies
第六級,fuse,n./v.,"fuses,fusing,fused"
第六級,fuss,n./v.,"fusses,fussing,fussed"
第六級,gallop,n./v.,"gallops,galloping,galloped"
第六級,gangster,n.,gangsters
第六級,garment,n.,garments
第六級,gauge,n./v.,"gauges,gauging,gauged"
第六級,gay,adj./n.,"gays,gayer,gayest"
第六級,geographical,adj.,
第六級,geometry,n.,geometries
第六級,glacier,n.,glaciers
第六級,glamorous,adj.,
第六級,glamour,n.,glamours
第六級,gleam,n./v.,"gleams,gleaming,gleamed"
第六級,glide,v./n.,"glides,gliding,glided"
第六級,glitter,n./v.,"glitters,glittering,glittered"
第六級,gloom,n./v.,"glooms,glooming,gloomed"
第六級,goalkeeper,n.,goalkeepers
第六級,goodwill,n.,goodwills
第六級,gorilla,n.,gorillas
第六級,gospel,n.,gospels
第六級,grapefruit,n.,grapefruits
第六級,graze,v.,"grazes,grazing,grazed"
第六級,grease,n./v.,"greases,greasing,greased"
第六級,groan,n./v.,"groans,groaning,groaned"
第六級,growl,n./v.,"growls,growling,growled"
第六級,grumble,v./n.,"grumbles,grumbling,grumbled"
第六級,hacker,n.,hackers
第六級,hail,n./v.,"hails,hailing,hailed"
第六級,hamper,v.,"hampers,hampering,hampered"
第六級,handicap,n./v.,"handicaps,handicaping,handicaped"
第六級,handicraft,n.,handicrafts
第六級,harass(ment),v./(n.),"harasses,harassing,harassed,harassments"
第六級,harden,v.,"hardens,hardening,hardened"
第六級,harmonica,n.,harmonicas
第六級,harness,n./v.,"harnesses,harnessing,harnessed"
第六級,haunt,v./n.,"haunts,haunting,haunted"
第六級,headphone(s),n.,headphones
第六級,healthful,adj.,
第六級,hearty,adj.,"heartier,heartiest"
第六級,hedge,n./v.,"hedges,hedging,hedged"
第六級,heighten,v.,"heightens,heightening,heightened"
第六級,hemisphere,n.,hemispheres
第六級,heroic,adj./n.,heroics
第六級,heroin,n.,heroins
第六級,heterosexual,adj./n.,heterosexuals
第六級,hierarchy,n.,hierarchies
第六級,hijack,v./n.,"hijacks,hijacking,hijacked"
第六級,hoarse,adj.,"hoarser,hoarsest"
第六級,homosexual,adj./n.,homosexuals
第六級,honorary,adj.,
第六級,hospitable,adj.,
第六級,hospitality,n.,hospitalities
第六級,hospitalize,v.,"hospitalizes,hospitalizing,hospitalized"
第六級,hostel,n.,hostels
第六級,hover,v./n.,"hovers,hovering,hovered"
第六級,humiliate,v.,"humiliates,humiliating,humiliated"
第六級,hunch,n./v.,"hunches,hunching,hunched"
第六級,hurdle,n./v.,"hurdles,hurdling,hurdled"
第六級,hybrid,adj./n.,hybrids
第六級,hygiene,n.,hygienes
第六級,hypocrite,n.,hypocrites
第六級,iceberg,n.,icebergs
第六級,illuminate,v.,"illuminates,illuminating,illuminated"
第六級,imminent,adj.,
第六級,imperative,adj./n.,imperatives
第六級,imperial,adj.,
第六級,implicit,adj.,
第六級,imposing,adj.,
第六級,imprison(ment),v./(n.),"imprisons,imprisoning,imprisoned,imprisonments"
第六級,incline,v./n.,"inclines,inclining,inclined"
第六級,inclusive,adj.,
第六級,incur,v.,"incurs,incurring,incurred"
第六級,indifference,n.,indifferences
第六級,indignant,adj.,
第六級,induce,v.,"induces,inducing,induced"
第六級,industrialize,v.,"industrializes,industrializing,industrialized"
第六級,infectious,adj.,
第六級,infer,v.,"infers,inferring,inferred"
第六級,inflict,v.,"inflicts,inflicting,inflicted"
第六級,inhabit,v.,"inhabits,inhabiting,inhabited"
第六級,inhabitant,n.,inhabitants
第六級,injustice,n.,injustices
第六級,inland,adj./adv./n.,inlands
第六級,innumerable,adj.,
第六級,inquire,v.,"inquires,inquiring,inquired"
第六級,insistence,n.,insistences
第六級,instinctive,adj.,
第六級,intake,n.,intakes
第六級,intellect,n.,intellects
第六級,interpreter,n.,interpreters
第六級,intersection,n.,intersections
第六級,intervene,v.,"intervenes,intervening,intervened"
第六級,intimacy,n.,intimacies
第六級,intimidate,v.,"intimidates,intimidating,intimidated"
第六級,intonation,n.,intonations
第六級,intrigue,n./v.,"intrigues,intriguing,intrigued"
第六級,intrude,v.,"intrudes,intruding,intruded"
第六級,intruder,n.,intruders
第六級,invaluable,adv.,
第六級,invariably,adv.,
第六級,inventory,n./v.,"inventories,inventorying,inventoried"
第六級,ironic,adj.,
第六級,irritable,adj.,
第六級,irritate,v.,"irritates,irritating,irritated"
第六級,isle,n.,isles
第六級,itch,n./v.,"itches,itching,itched"
第六級,ivy,n.,ivies
第六級,jade,n.,jades
第六級,janitor,n.,janitors
第六級,jasmine,n.,jasmines
第六級,jingle,n./v.,"jingles,jingling,jingled"
第六級,jockey,n./v.,"jockeys,jockeying,jockeyed"
第六級,jolly,adj./adv./v./n.,"jollies,jollying,jollied,jollier,jolliest"
第六級,joyous,adj.,"joyouser,joyousest"
第六級,junction,n.,junctions
第六級,kin,n./adj.,
第六級,kindle,v.,"kindles,kindling,kindled"
第六級,knowledgeable,adj.,
第六級,lad,n.,lads
第六級,landlady,n.,landladies
第六級,landslide,n.,landslides
第六級,latitude,n.,latitudes
第六級,lavish,adj.,
第六級,layman,n.,laymen
第六級,layout,n.,layouts
第六級,lease,n.,leases
第六級,legislator,n.,legislators
第六級,lengthy,adj.,"lengthier,lengthiest"
第六級,lesbian,adj.,
第六級,lessen,v.,"lessens,lessening,lessened"
第六級,lethal,adj.,
第六級,liable,adj.,"liabler,liablest"
第六級,liberate,v.,"liberates,liberating,liberated"
第六級,liberation,n.,liberations
第六級,lieutenant,n.,lieutenants
第六級,lifelong,adj.,
第六級,lighten,v.,"lightens,lightening,lightened"
第六級,limp,n./v.,"limps,limping,limped"
第六級,liner,n.,liners
第六級,linger,v.,"lingers,lingering,lingered"
第六級,lining,n.,linings
第六級,liter,n.,liters
第六級,literacy,n.,literacies
第六級,literal,adj.,
第六級,literate,adj./n.,literates
第六級,livestock,n.,livestocks
第六級,lizard,n.,lizards
第六級,locker,n.,lockers
第六級,lodge,n./v.,"lodges,lodging,lodged"
第六級,lofty,adj.,"loftier,loftiest"
第六級,logo,n.,logos
第六級,lonesome,adj.,
第六級,longevity,n.,
第六級,longitude,n.,longitudes
第六級,lotion,n.,lotions
第六級,lottery,n.,lotteries
第六級,lotus,n.,lotuses
第六級,loudspeaker,n.,loudspeakers
第六級,lucrative,adj.,
第六級,lullaby,n.,lullabies
第六級,lunar,adj.,
第六級,lure,n./v.,"lures,luring,lured"
第六級,lush,adj.,"lusher,lushest"
第六級,madam/ma’am,n.,madams
第六級,magnify,v.,"magnifies,magnifying,magnified"
第六級,maiden,adj./n.,maidens
第六級,mainland,n.,mainlands
第六級,majestic,adj.,
第六級,majesty,n.,majesties
第六級,manuscript,n.,manuscripts
第六級,maple,n.,maples
第六級,mar,v.,"mars,marring,marred"
第六級,marginal,adj.,
第六級,martial,adj.,
第六級,marvel,n./v.,"marvels,marveling,marveled"
第六級,mastery,n.,masteries
第六級,mediate,v.,"mediates,mediating,mediated"
第六級,medieval,adj.,
第六級,meditate,v.,"meditates,meditating,meditated"
第六級,meditation,n.,meditations
第六級,melancholy,n./adj.,melancholies
第六級,mentality,n.,mentalities
第六級,merchandise,n./v.,"merchandises,merchandising,merchandised"
第六級,mermaid,n.,mermaids
第六級,migrant,n./adj.,migrants
第六級,mimic,v./n.,"mimics,mimicking,mimicked"
第六級,mingle,v.,"mingles,mingling,mingled"
第六級,miraculous,adj.,
第六級,miscellaneous,adj.,
第六級,mischievous,adj.,
第六級,mistress,n.,mistresses
第六級,mobilize,v.,"mobilizes,mobilizing,mobilized"
第六級,modernization,n.,modernizations
第六級,modernize,v.,"modernizes,modernizing,modernized"
第六級,momentum,n.,momentums
第六級,monarch,n.,monarches
第六級,monetary,adj.,
第六級,monotony,n.,monotonies
第六級,monstrous,adj.,
第六級,moody,adj.,"moodier,moodiest"
第六級,morale,n.,morales
第六級,mortal,adj./n.,mortals
第六級,motherhood,n.,motherhoods
第六級,motto,n.,mottoes
第六級,mound,n./v.,"mounds,mounding,mounded"
第六級,mourn,v.,"mourns,mourning,mourned"
第六級,mournful,adj.,
第六級,mow,v.,"mows,mowing,mowed,mown"
第六級,muse,n.,muses
第六級,mustache,n.,mustaches
第六級,mute,adj./v./n.,"mutes,muting,muted,muter,mutest"
第六級,nag,v./n.,"nags,nagging,nagged"
第六級,narrate,v.,"narrates,narrating,narrated"
第六級,narrator,n.,narrators
第六級,nationalism,n.,nationalisms
第六級,navigate,v.,"navigates,navigating,navigated"
第六級,navigation,n.,navigations
第六級,nearsighted,adj.,
第六級,nickel,n./v.,"nickels,nickeling,nickeled"
第六級,nostril,n.,nostrils
第六級,notable,adj./n.,notables
第六級,notorious,adj.,
第六級,nourish(ment),v./(n.),"nourishes,nourishing,nourished,nourishments"
第六級,novice,n.,novices
第六級,nucleus,n.,nuclei
第六級,nude,adj./n.,"nudes,nuder,nudest"
第六級,nurture,v./n.,"nurtures,nurturing,nurtured"
第六級,oasis,n.,oases
第六級,oath,n.,oaths
第六級,oatmeal,n.,oatmeals
第六級,oblige,v.,"obliges,obliging,obliged"
第六級,obsess,v.,"obsesses,obsessing,obsessed"
第六級,obstinate,adj.,
第六級,occurrence,n.,occurrences
第六級,octopus,n.,octopuses
第六級,odor,n.,odors
第六級,offshore,adj.,
第六級,offspring,n.,
第六級,operative,adj.,
第六級,oppress,v.,"oppresses,oppressing,oppressed"
第六級,oppression,n.,oppressions
第六級,ordeal,n.,ordeals
第六級,orderly,adj./n.,orderlies
第六級,organizer,n.,organizers
第六級,orient,n./v.,"orients,orienting,oriented"
第六級,oriental,adj./n.,orientals
第六級,originate,v.,"originates,originating,originated"
第六級,ornament,n./v.,"ornaments,ornamenting,ornamented"
第六級,orphanage,n.,orphanages
第六級,orthodox,adj.,
第六級,ounce,n.,ounces
第六級,outbreak,n.,outbreaks
第六級,outgoing,adj.,
第六級,outing,n.,outings
第六級,outlaw,n./v.,"outlaws,outlawing,outlawed"
第六級,outlook,n.,outlooks
第六級,outnumber,v.,"outnumbers,outnumbering,outnumbered"
第六級,outrage,n./v.,"outrages,outraging,outraged"
第六級,outrageous,adj.,
第六級,outright,adj./adv.,
第六級,outset,n.,outsets
第六級,outskirts,n.,outskirtses
第六級,outward,adj.,
第六級,outward/outwards,adv.,
第六級,overdo,v.,"overdoes,overdoing,overdid,overdone"
第六級,overflow,n./v.,"overflows,overflowing,overflowed"
第六級,overhear,v.,"overhears,overhearing,overheard"
第六級,overlap,n./v.,"overlaps,overlaping,overlaped"
第六級,overwork,n./v.,"overworks,overworking,overworked"
第六級,oyster,n.,oysters
第六級,ozone,n.,ozones
第六級,packet,n.,packets
第六級,paddle,n./v.,"paddles,paddling,paddled"
第六級,paperback,n.,paperbacks
第六級,paradox,n.,paradoxes
第六級,paralyze,v.,"paralyzes,paralyzing,paralyzed"
第六級,parliament,n.,parliaments
第六級,pastime,n.,pastimes
第六級,patriot,n.,patriots
第六級,patriotic,adj.,
第六級,peacock,n.,peacocks
第六級,pebble,n.,pebbles
第六級,peek,n./v.,"peeks,peeking,peeked"
第六級,pending,adj.,
第六級,peninsula,n.,peninsulas
第六級,perch,n./v.,"perches,perching,perched"
第六級,peril,n./v.,"perils,periling,periled"
第六級,perish,v.,"perishes,perishing,perished"
第六級,permissible,adj.,
第六級,persevere,v.,"perseveres,persevering,persevered"
第六級,persistence,n.,persistences
第六級,persistent,adj.,
第六級,petrol,n.,petrols
第六級,petroleum,n.,petroleums
第六級,pharmacist,n.,pharmacists
第六級,pharmacy,n.,pharmacies
第六級,pianist,n.,pianists
第六級,pickpocket,n.,pickpockets
第六級,pilgrim,n.,pilgrims
第六級,pimple,n.,pimples
第六級,pinch,n./v.,"pinches,pinching,pinched"
第六級,plague,n.,plagues
第六級,plantation,n.,plantations
第六級,playwright,n.,playwrights
第六級,plow,n./v.,"plows,plowing,plowed"
第六級,pneumonia,n.,pneumonias
第六級,polar,adj.,
第六級,ponder,v.,"ponders,pondering,pondered"
第六級,pony,n.,ponies
第六級,populate,v.,"populates,populating,populated"
第六級,porter,n.,porters
第六級,posture,n./v.,"postures,posturing,postured"
第六級,potent,adj.,
第六級,poultry,n.,poultries
第六級,preach,v.,"preaches,preaching,preached"
第六級,precede,v.,"precedes,preceding,preceded"
第六級,precedent,n.,precedents
第六級,precision,n.,precisions
第六級,predecessor,n.,predecessors
第六級,prehistoric,adj.,
第六級,premiere,n.,premieres
第六級,preside,v.,"presides,presiding,presided"
第六級,prestige,n.,prestiges
第六級,preventive,adj./n.,preventives
第六級,preview,n./v.,"previews,previewing,previewed"
第六級,priceless,adj.,
第六級,privatize,v.,"privatizes,privatizing,privatized"
第六級,probe,n.,probes
第六級,procession,n.,processions
第六級,proficiency,n.,proficiencies
第六級,prohibition,n.,prohibitions
第六級,propel,v.,"propels,propelling,propelled"
第六級,prose,n.,proses
第六級,prosecute,v.,"prosecutes,prosecuting,prosecuted"
第六級,prospective,adj.,
第六級,prototype,n.,prototypes
第六級,proverb,n.,proverbs
第六級,provincial,adj./n.,provincials
第六級,provisional,adj.,
第六級,psychiatry,n.,psychiatries
第六級,psychic,adj.,
第六級,psychotherapy,n.,psychotherapies
第六級,publicize,v.,"publicizes,publicizing,publicized"
第六級,puff,n./v.,"puffs,puffing,puffed"
第六級,punctual,adj.,
第六級,purify,v.,"purifies,purifying,purified"
第六級,purity,n.,purities
第六級,quake,v./n.,"quakes,quaking,quaked"
第六級,qualification,n.,qualifications
第六級,radiant,adj./n.,radiants
第六級,radiate,v./adj.,"radiates,radiating,radiated"
第六級,radioactive,adj.,
第六級,radish,n.,radishes
第六級,radius,n.,radii
第六級,rap,n.,raps
第六級,rash,n./adj.,"rashes,rasher,rashest"
第六級,ratify,v.,"ratifies,ratifying,ratified"
第六級,realization,n.,realizations
第六級,reap,v.,"reaps,reaping,reaped"
第六級,reckless,adj.,
第六級,reckon,v.,"reckons,reckoning,reckoned"
第六級,reconcile,v.,"reconciles,reconciling,reconciled"
第六級,recreational,adj.,
第六級,redundancy,n.,redundancies
第六級,reef,n.,reefs
第六級,referee,n./v.,"referees,refereeing,refereed"
第六級,referendum,n.,referendums
第六級,refine(ment),v./(n.),"refines,refining,refined,refinements"
第六級,reflective,adj.,
第六級,refresh(ment),v./(n.),"refreshes,refreshing,refreshed,refreshments"
第六級,refreshment(s),n.,refreshments
第六級,refute,v.,"refutes,refuting,refuted"
第六級,rehabilitate,v.,"rehabilitates,rehabilitating,rehabilitated"
第六級,rehearse,v.,"rehearses,rehearsing,rehearsed"
第六級,reign,n./v.,"reigns,reigning,reigned"
第六級,rejoice,v.,"rejoices,rejoicing,rejoiced"
第六級,relay,n./v.,"relays,relaying,relayed"
第六級,relentless,adj.,
第六級,reliance,n.,reliances
第六級,reliant,adj.,
第六級,relic,n.,relics
第六級,remainder,n.,remainders
第六級,reminiscent,adj.,
第六級,renowned,adj.,
第六級,reproduce,v.,"reproduces,reproducing,reproduced"
第六級,reptile,n./adj.,reptiles
第六級,resent(ment),v./(n.),"resents,resenting,resented,resentments"
第六級,reside,v.,"resides,residing,resided"
第六級,resistant,adj.,
第六級,respective,adj.,
第六級,restoration,n.,restorations
第六級,restrain,v.,"restrains,restraining,restrained"
第六級,restraint,n.,restraints
第六級,retort,n./v.,"retorts,retorting,retorted"
第六級,retrieve,v.,"retrieves,retrieving,retrieved"
第六級,revelation,n.,revelations
第六級,revival,n.,revivals
第六級,revive,v.,"revives,reviving,revived"
第六級,revolt,n./v.,"revolts,revolting,revolted"
第六級,revolve,v.,"revolves,revolving,revolved"
第六級,rigorous,adj.,
第六級,ripple,n./v.,"ripples,rippling,rippled"
第六級,rivalry,n.,rivalries
第六級,roam,v./n.,"roams,roaming,roamed"
第六級,robust,adj.,
第六級,rotate,v.,"rotates,rotating,rotated"
第六級,rotation,n.,rotations
第六級,royalty,n.,royalties
第六級,rubbish,n.,
第六級,rugged,adj.,
第六級,ruthless,adj.,
第六級,salute,n./v.,"salutes,saluting,saluted"
第六級,salvage,v.,"salvages,salvaging,salvaged"
第六級,sanitation,n.,sanitations
第六級,savage,adj./n./v.,"savages,savaging,savaged"
第六級,scenic,adj.,
第六級,scorn,n./v.,"scorns,scorning,scorned"
第六級,scrape,v./n.,"scrapes,scraping,scraped"
第六級,screwdriver,n.,screwdrivers
第六級,scroll,n./v.,"scrolls,scrolling,scrolled"
第六級,scrutiny,n.,scrutinies
第六級,sculptor,n.,sculptors
第六級,seagull/gull,n.,"seagulls,gulls"
第六級,seduce,v.,"seduces,seducing,seduced"
第六級,selective,adj.,
第六級,serene,adj.,
第六級,sergeant,n.,sergeants
第六級,serial,adj.,
第六級,sermon,n.,sermons
第六級,serving,n.,servings
第六級,setback,n.,setbacks
第六級,shabby,adj.,"shabbier,shabbiest"
第六級,sharpen,v.,"sharpens,sharpening,sharpened"
第六級,shaver,n.,shavers
第六級,shortcoming,n.,shortcomings
第六級,shortsighted,adj.,
第六級,shred,n./v.,"shreds,shredding,shredded"
第六級,shriek,n./v.,"shrieks,shrieking,shrieked"
第六級,shrub,n.,shrubs
第六級,shuffle,v.,"shuffles,shuffling,shuffled"
第六級,shutter,n./v.,"shutters,shuttering,shuttered"
第六級,simplicity,n.,simplicities
第六級,simplify,v.,"simplifies,simplifying,simplified"
第六級,simultaneous,adj.,
第六級,skeptical,adj.,
第六級,skim,v./n.,"skims,skimming,skimmed"
第六級,slang,n./v.,"slangs,slanging,slanged"
第六級,slash,v./n.,"slashes,slashing,slashed"
第六級,slaughter,n./v.,"slaughters,slaughtering,slaughtered"
第六級,slay,v.,"slays,slaying,slew,slain"
第六級,sloppy,adj.,"sloppier,sloppiest"
第六級,slum,n./v.,"slums,slumming,slummed"
第六級,slump,n./v.,"slumps,slumping,slumped"
第六級,sly,adj.,"slier,sliest"
第六級,smuggle,v.,"smuggles,smuggling,smuggled"
第六級,sneaker(s),n.,sneakers
第六級,sneaky,adj.,"sneakier,sneakiest"
第六級,sneeze,n./v.,"sneezes,sneezing,sneezed"
第六級,snore,v./n.,"snores,snoring,snored"
第六級,sociable,adj.,
第六級,socialism,n.,socialisms
第六級,socialist,n.,socialists
第六級,socialize,v.,"socializes,socializing,socialized"
第六級,sociology,n.,sociologies
第六級,solemn,adj.,
第六級,solidarity,n.,solidarities
第六級,solitary,adj./n.,solitaries
第六級,solitude,n.,solitudes
第六級,soothe,v.,"soothes,soothing,soothed"
第六級,sorrowful,adj.,
第六級,sovereign,adj./n.,sovereigns
第六級,spacecraft/spaceship,n.,spaceships
第六級,span,n./v.,"spans,spanning,spanned"
第六級,sparrow,n.,sparrows
第六級,spectacle,n.,spectacles
第六級,spiral,adj./n./v.,"spirals,spiraling,spiraled"
第六級,splendor,n.,splendors
第六級,spokesperson/spokesman/spokeswoman,n.,"spokespersons,spokesmen,spokeswomen"
第六級,spontaneous,adj.,
第六級,sportsman/sportswoman,n.,"sportsmen,sportswomen"
第六級,sportsmanship,n.,sportsmanships
第六級,spotlight,n./v.,"spotlights,spotlighting,spotlighted"
第六級,spur,v./n.,"spurs,spurring,spurred"
第六級,stabilize,v.,"stabilizes,stabilizing,stabilized"
第六級,stagger,v./n.,"staggers,staggering,staggered"
第六級,staple,n./v.,"staples,stapling,stapled"
第六級,starvation,n.,starvations
第六級,statesman,n.,statesmen
第六級,stationary,adj.,
第六級,stationery,n.,
第六級,stature,n.,statures
第六級,statute,n.,statutes
第六級,stepchild,n.,stepchilds
第六級,stepfather,n.,stepfathers
第六級,stepmother,n.,stepmothers
第六級,stimulation,n.,stimulations
第六級,strait,n.,straits
第六級,strangle,v.,"strangles,strangling,strangled"
第六級,stray,adj./v./n.,"strays,straying,strayed,strayer,strayest"
第六級,stride,n./v.,"strides,striding,strode,stridden"
第六級,stroll,n./v.,"strolls,strolling,strolled"
第六級,stun,v.,"stuns,stunning,stunned"
第六級,stutter,n./v.,"stutters,stuttering,stuttered"
第六級,stylish,adj.,
第六級,subjective,adj./n.,subjectives
第六級,subordinate,adj./n./v.,"subordinates,subordinating,subordinated"
第六級,subscribe,v.,"subscribes,subscribing,subscribed"
第六級,subscription,n.,subscriptions
第六級,subsidize,v.,"subsidizes,subsidizing,subsidized"
第六級,succession,n.,successions
第六級,successive,adj.,
第六級,suffocate,v.,"suffocates,suffocating,suffocated"
第六級,suitcase,n.,suitcases
第六級,summon,v.,"summons,summoning,summoned"
第六級,superficial,adj.,
第六級,superintendent,n.,superintendents
第六級,superiority,n.,superiorities
第六級,superstitious,adj.,
第六級,supplement,n./v.,"supplements,supplementing,supplemented"
第六級,suppress,v./n.,"suppresses,suppressing,suppressed"
第六級,surge,n./v.,"surges,surging,surged"
第六級,surgical,adj.,
第六級,surname,n.,surnames
第六級,surpass,v.,"surpasses,surpassing,surpassed"
第六級,suspense,n.,suspenses
第六級,suspension,n.,suspensions
第六級,swamp,n./v.,"swamps,swamping,swamped"
第六級,swarm,n./v.,"swarms,swarming,swarmed"
第六級,symbolize,v.,"symbolizes,symbolizing,symbolized"
第六級,symmetry,n.,symmetries
第六級,sympathize,v.,"sympathizes,sympathizing,sympathized"
第六級,symphony,n.,symphonies
第六級,synonym,n.,synonyms
第六級,synthetic,adj./n.,synthetics
第六級,syrup,n.,syrups
第六級,tan,n./adj./v.,"tans,tanning,tanned,tanner,tannest"
第六級,tedious,adj.,
第六級,telecommunications,n.,
第六級,teller,n.,tellers
第六級,tempo,n.,tempoes
第六級,tenant,n./v.,"tenants,tenanting,tenanted"
第六級,tentative,adj.,
第六級,terrace,n./v.,"terraces,terracing,terraced"
第六級,textile,n./adj.,textiles
第六級,thereafter,adv.,
第六級,thermometer,n.,thermometers
第六級,tilt,n./v.,"tilts,tilting,tilted"
第六級,tiptoe,n./v.,"tiptoes,tiptoeing,tiptoed"
第六級,tiresome,adj.,
第六級,token,n.,tokens
第六級,tornado,n.,tornadoes
第六級,torrent,n.,torrents
第六級,trademark,n.,trademarks
第六級,transcript,n.,transcripts
第六級,transmit,v.,"transmits,transmitting,transmitted"
第六級,transplant,n./v.,"transplants,transplanting,transplanted"
第六級,treasury,n.,treasuries
第六級,trek,n./v.,"treks,trekking,trekked"
第六級,trifle,n./v.,"trifles,trifling,trifled"
第六級,trillion,n.,trillions
第六級,tropic,n./adj.,tropics
第六級,trout,n.,
第六級,trustee,n.,trustees
第六級,tuck,v./n.,"tucks,tucking,tucked"
第六級,turmoil,n.,turmoils
第六級,twilight,n.,twilights
第六級,twinkle,n./v.,"twinkles,twinkling,twinkled"
第六級,unanimous,adj.,
第六級,unconditional,adj.,
第六級,underestimate,v./n.,"underestimates,underestimating,underestimated"
第六級,underneath,prep./adv./n./adj.,underneaths
第六級,underpass,n.,underpasses
第六級,underway,adv.,
第六級,unification,n.,unifications
第六級,unify,v.,"unifies,unifying,unified"
第六級,unveil,v.,"unveils,unveiling,unveiled"
第六級,upright,adv./adj./n.,uprights
第六級,uprising,n.,uprisings
第六級,upward,adj.,
第六級,upward/upwards,adv.,
第六級,urgency,n.,urgencies
第六級,usher,v./n.,"ushers,ushering,ushered"
第六級,utensil,n.,utensils
第六級,utter,adj./v.,"utters,uttering,uttered"
第六級,vaccine,n.,vaccines
第六級,vanilla,n.,vanillas
第六級,vanity,n.,vanities
第六級,vapor,n.,vapors
第六級,veil,n./v.,"veils,veiling,veiled"
第六級,velvet,n./adj.,velvets
第六級,versatile,adj.,
第六級,veterinarian/vet,n.,"veterinarians,vets"
第六級,veto,n./v.,"vetoes,vetoing,vetoed"
第六級,vibrate,v.,"vibrates,vibrating,vibrated"
第六級,vibration,n.,vibrations
第六級,vice,n.,vices
第六級,victor,n.,victors
第六級,vigor,n.,vigors
第六級,vigorous,adj.,
第六級,villa,n.,villas
第六級,villain,n.,villains
第六級,vine,n.,vines
第六級,vineyard,n.,vineyards
第六級,violinist,n.,violinists
第六級,virgin,n./adj.,virgins
第六級,vitality,n.,vitalities
第六級,vocation,n.,vocations
第六級,vocational,adj.,
第六級,vowel,n.,vowels
第六級,wag,v./n.,"wags,wagging,wagged"
第六級,walnut,n.,walnuts
第六級,ward,n./v.,"wards,warding,warded"
第六級,wardrobe,n.,wardrobes
第六級,warrant,n.,warrants
第六級,warranty,n.,warranties
第六級,waterproof,adj./v.,"waterproofs,waterproofing,waterproofed"
第六級,weary,adj./v.,"wearies,wearying,wearied,wearier,weariest"
第六級,wharf,n./v.,"wharves,wharfs,wharfing,wharfed"
第六級,whiskey/whisky,n.,"whiskeys,whiskies"
第六級,wholesale,adj./adv./n./v.,"wholesales,wholesaling,wholesaled"
第六級,wholesome,adj.,
第六級,widow/widower,n.,"widows,widowers"
第六級,withhold,v.,"withholds,withholding,withheld"
第六級,woe,n.,woes
第六級,woodpecker,n.,woodpeckers
第六級,workforce,n.,workforces
第六級,wrestle,v./n.,"wrestles,wrestling,wrestled"
第六級,wrinkle,n./v.,"wrinkles,wrinkling,wrinkled"
第六級,yearn,v.,"yearns,yearning,yearned"
第六級,yoga,n.,yogas
第六級,yogurt,n.,yogurts
第六級,zoom,v./n.,"zooms,zooming,zoomed"
